system:index,B1,B11,B12,B2,B3,B4,B5,B6,B7,B8,B8A,QA60,date,lat,lon,.geo
0,1380,3202,2266,1245,1101,1240,1413,1716,1944,1959,2250,0,2023-03-23,37.33501385997162,-95.3267307067874,"{""type"":""MultiPoint"",""coordinates"":[]}"
1,1317,49,42,889,503,288,247,208,190,141,146,0,2023-06-04,-21.011541038620784,-124.76552422032952,"{""type"":""MultiPoint"",""coordinates"":[]}"
3,1162,2031,1475,951,850,968,1036,1136,1265,1185,1298,0,2023-01-26,11.062935279389679,-11.79231280526765,"{""type"":""MultiPoint"",""coordinates"":[]}"
5,1286,1291,444,980,823,532,832,1995,2736,2485,3134,0,2023-10-24,-1.910390232510834,114.54642342578674,"{""type"":""MultiPoint"",""coordinates"":[]}"
6,1381,2050,1363,1126,1016,975,1155,1617,1845,1806,2015,0,2023-04-13,27.868199457432233,120.74333495614178,"{""type"":""MultiPoint"",""coordinates"":[]}"
8,4143,2558,1904,3380,2527,3024,3366,3449,3627,2938,3774,0,2023-03-15,74.50904192564761,39.4293393530777,"{""type"":""MultiPoint"",""coordinates"":[]}"
10,8524,691,706,8221,7341,7890,7913,7901,7855,7658,7683,0,2023-04-25,71.13786469209411,134.50724227305037,"{""type"":""MultiPoint"",""coordinates"":[]}"
12,1091,1083,356,804,678,384,683,2003,2580,2384,2955,0,2023-01-15,-0.1602372248405582,-70.12464051485968,"{""type"":""MultiPoint"",""coordinates"":[]}"
15,1268,1660,913,960,790,635,912,1443,1647,1545,1849,0,2023-08-25,60.95407592160681,103.20753174162468,"{""type"":""MultiPoint"",""coordinates"":[]}"
16,1116,1454,537,851,800,472,836,2094,2664,2670,2885,0,2023-09-05,45.26124759993268,14.080894704837664,"{""type"":""MultiPoint"",""coordinates"":[]}"
17,1332,2145,1219,1100,973,1036,1276,1846,2173,1980,2473,0,2023-06-24,-13.092085706407337,132.61944243438393,"{""type"":""MultiPoint"",""coordinates"":[]}"
20,1387,207,173,1062,680,435,380,354,339,315,315,0,2023-01-10,-34.244645321942734,137.14349446192986,"{""type"":""MultiPoint"",""coordinates"":[]}"
22,1205,2990,2409,1119,1204,1518,1640,1727,1890,1901,1980,0,2023-01-01,31.180305767449504,86.33051397154941,"{""type"":""MultiPoint"",""coordinates"":[]}"
24,1172,855,394,835,648,422,655,1384,1601,1507,1793,0,2023-09-11,58.71924275133197,77.37460978979693,"{""type"":""MultiPoint"",""coordinates"":[]}"
26,3012,480,461,2758,2152,2225,2415,2516,2496,2444,2495,0,2023-02-27,59.377680576383916,126.9297794810904,"{""type"":""MultiPoint"",""coordinates"":[]}"
32,1346,208,161,984,692,462,418,388,368,298,327,0,2023-10-05,15.205638125687512,52.599901464633,"{""type"":""MultiPoint"",""coordinates"":[]}"
33,1272,1625,749,977,876,575,894,1903,2418,2405,2578,0,2023-02-08,20.40095548823947,81.77483722507297,"{""type"":""MultiPoint"",""coordinates"":[]}"
35,1085,1308,641,866,811,581,922,1571,1806,1739,2017,0,2023-03-16,-17.223513292661583,142.54272413459998,"{""type"":""MultiPoint"",""coordinates"":[]}"
36,1702,575,489,1397,1000,777,721,674,647,700,632,0,2023-04-30,45.50158137391914,-11.533489237309615,"{""type"":""MultiPoint"",""coordinates"":[]}"
38,1305,100,65,938,580,336,288,272,251,222,179,0,2023-01-20,-28.631440367009642,-72.86957524493815,"{""type"":""MultiPoint"",""coordinates"":[]}"
39,1574,4188,3664,1495,1726,2528,2750,2868,3086,3047,3277,0,2023-11-29,34.5606542221064,3.235175746839243,"{""type"":""MultiPoint"",""coordinates"":[]}"
40,2047,3971,3384,2271,2561,2966,2826,2971,3428,3263,3422,0,2023-05-16,43.965859801976634,63.32592104151306,"{""type"":""MultiPoint"",""coordinates"":[]}"
43,1388,1026,619,1099,861,793,936,1082,1234,1276,1464,0,2023-11-25,43.55239071547724,18.7003998640586,"{""type"":""MultiPoint"",""coordinates"":[]}"
44,1786,1065,833,1421,1132,1023,1072,1260,1273,1376,1423,0,2023-12-08,34.388013083578144,73.19545203496362,"{""type"":""MultiPoint"",""coordinates"":[]}"
45,1044,1455,606,787,794,406,961,2498,2838,2746,3051,0,2023-08-03,62.624379755935074,123.79198629317415,"{""type"":""MultiPoint"",""coordinates"":[]}"
46,1140,2561,1871,1027,1063,1302,1551,1946,2117,2163,2323,0,2023-04-07,11.256160400141702,37.271157553554126,"{""type"":""MultiPoint"",""coordinates"":[]}"
48,1371,286,210,1003,665,489,420,395,401,329,364,0,2023-12-02,-1.2104296109827357,-90.74777619198389,"{""type"":""MultiPoint"",""coordinates"":[]}"
49,1248,73,63,834,472,268,230,205,186,150,161,0,2023-04-12,-27.854577826128143,34.90378099526578,"{""type"":""MultiPoint"",""coordinates"":[]}"
51,1249,20,19,797,412,214,171,145,129,104,96,0,2023-10-24,10.131235335624101,126.41738320812388,"{""type"":""MultiPoint"",""coordinates"":[]}"
52,1377,2754,1899,1257,1250,1309,1490,1938,2171,2023,2385,0,2023-08-08,27.351952682929138,-103.7790578721898,"{""type"":""MultiPoint"",""coordinates"":[]}"
53,2323,622,406,1966,1586,1262,1174,1119,1104,947,1025,0,2023-03-26,22.63250826057176,117.95026796169516,"{""type"":""MultiPoint"",""coordinates"":[]}"
55,1479,4901,3883,1415,1577,2281,2508,2695,3009,2914,3369,0,2023-01-28,-26.047232619804355,114.33349851498686,"{""type"":""MultiPoint"",""coordinates"":[]}"
58,1541,58,52,1120,673,395,319,284,254,206,183,0,2023-07-06,-37.74513681514668,177.28260814479106,"{""type"":""MultiPoint"",""coordinates"":[]}"
61,1060,1752,882,878,839,660,987,2182,2665,2621,3047,0,2023-01-13,6.912295785165455,36.863282682182565,"{""type"":""MultiPoint"",""coordinates"":[]}"
63,1638,23,0,1152,671,391,321,272,216,187,149,0,2023-05-23,-42.89983258370933,175.40377648985665,"{""type"":""MultiPoint"",""coordinates"":[]}"
64,1254,2726,2086,1108,1142,1246,1539,1776,2028,2071,2125,0,2023-08-20,39.5965642862568,37.9210571089983,"{""type"":""MultiPoint"",""coordinates"":[]}"
65,6355,1608,1758,5358,4094,4579,5003,5178,5149,4954,5119,0,2023-02-15,61.50972635363193,-97.13981926813943,"{""type"":""MultiPoint"",""coordinates"":[]}"
67,2063,1069,780,1962,1520,1401,1152,1120,1140,1330,1090,0,2023-05-24,8.992638885360163,170.66773723950357,"{""type"":""MultiPoint"",""coordinates"":[]}"
69,7796,1102,1248,7437,6317,7228,7590,7645,7632,7336,7561,0,2023-03-15,67.14196040178676,146.4438739538268,"{""type"":""MultiPoint"",""coordinates"":[]}"
72,1617,694,539,1468,1537,1391,1142,881,915,806,851,0,2023-12-02,-16.37927710521177,44.407587558864606,"{""type"":""MultiPoint"",""coordinates"":[]}"
73,8798,940,1016,8595,7701,8171,8323,8234,8134,7863,7786,0,2023-02-06,-77.28445193020603,138.17965453675643,"{""type"":""MultiPoint"",""coordinates"":[]}"
75,1844,570,424,1441,1071,849,1045,1660,1751,1665,1933,0,2023-10-26,59.27583982359107,102.68480426676099,"{""type"":""MultiPoint"",""coordinates"":[]}"
76,1189,39,15,831,498,276,213,192,178,131,127,0,2023-06-08,2.573798374806942,108.30050839372953,"{""type"":""MultiPoint"",""coordinates"":[]}"
77,3391,2837,2023,2791,2577,2538,2569,3159,3592,3257,3824,0,2023-08-12,1.1209226835137052,11.037708428583315,"{""type"":""MultiPoint"",""coordinates"":[]}"
80,1393,2506,1879,1122,975,1120,1277,1436,1580,1672,1894,0,2023-02-27,38.11920286628714,-97.54683133651015,"{""type"":""MultiPoint"",""coordinates"":[]}"
84,1566,4202,3526,1325,1548,2599,2614,2794,2924,2902,2900,0,2023-12-17,23.249955349304656,21.86833555052536,"{""type"":""MultiPoint"",""coordinates"":[]}"
87,1213,1486,611,930,830,504,936,2458,3068,2826,3313,0,2023-07-28,61.52780640244624,36.61964525353613,"{""type"":""MultiPoint"",""coordinates"":[]}"
88,7891,901,864,8164,7619,8038,7872,8038,7750,7580,7467,0,2023-10-14,-64.21271540070745,84.59113324583971,"{""type"":""MultiPoint"",""coordinates"":[]}"
89,1239,2105,1108,975,892,840,1062,2181,2701,2444,3028,0,2023-10-28,23.55514598377361,113.4831167746176,"{""type"":""MultiPoint"",""coordinates"":[]}"
92,1083,2101,753,832,735,423,859,3185,4070,4076,4636,0,2023-09-06,39.59247846749521,127.0679096548853,"{""type"":""MultiPoint"",""coordinates"":[]}"
94,1067,1193,446,766,685,372,784,2000,2582,2517,2972,0,2023-06-20,-12.564402780727232,-62.69239911176611,"{""type"":""MultiPoint"",""coordinates"":[]}"
96,8377,1607,1584,8341,7121,8046,8336,8300,8187,8193,8207,0,2023-03-29,-72.88003154810819,138.57920271270828,"{""type"":""MultiPoint"",""coordinates"":[]}"
97,1858,6191,5252,2012,2778,4471,4743,5080,5389,5128,5603,0,2023-02-03,18.20309087875681,-10.152338205152883,"{""type"":""MultiPoint"",""coordinates"":[]}"
104,1150,1209,488,827,661,378,661,2154,2604,2593,2795,0,2023-08-01,58.75694792096754,69.65820749032822,"{""type"":""MultiPoint"",""coordinates"":[]}"
106,1584,918,826,1530,1240,1169,919,913,996,930,969,0,2023-11-14,12.958191110243282,-56.099668949836534,"{""type"":""MultiPoint"",""coordinates"":[]}"
107,1646,609,517,1332,864,716,722,743,799,579,785,0,2023-09-14,15.079374489200548,-59.171914519972376,"{""type"":""MultiPoint"",""coordinates"":[]}"
109,1290,19,19,859,483,242,193,158,139,112,96,0,2023-02-08,26.10843705387141,-88.32518124670452,"{""type"":""MultiPoint"",""coordinates"":[]}"
110,1625,3406,3054,1646,1907,2388,2591,2698,2799,2707,2803,0,2023-01-06,32.27341762564387,85.52497815031417,"{""type"":""MultiPoint"",""coordinates"":[]}"
112,1996,3041,2967,1907,1976,2340,2354,2442,2549,2505,2526,0,2023-03-07,41.874496916288045,91.17804037317453,"{""type"":""MultiPoint"",""coordinates"":[]}"
113,7519,545,543,6371,5742,6033,6317,6302,6395,5655,6212,0,2023-01-20,43.25352259539654,-91.24689132529319,"{""type"":""MultiPoint"",""coordinates"":[]}"
114,1610,609,503,1169,890,811,741,766,804,518,824,0,2023-09-26,-17.526921333291355,-149.58392204602535,"{""type"":""MultiPoint"",""coordinates"":[]}"
115,2668,1827,736,2301,1915,1488,1605,2584,3154,2974,3538,0,2023-10-11,-1.4511286687055969,115.09313112066654,"{""type"":""MultiPoint"",""coordinates"":[]}"
116,1433,235,167,1202,788,557,411,397,378,423,350,0,2023-02-01,15.921428641883246,118.70170922344975,"{""type"":""MultiPoint"",""coordinates"":[]}"
117,1273,1832,895,1011,926,782,1235,2113,2488,2567,2830,0,2023-06-28,65.603515696989,-155.43913438163935,"{""type"":""MultiPoint"",""coordinates"":[]}"
122,1211,157,121,865,591,378,321,307,289,227,235,0,2023-01-17,-47.94849151995389,167.29710358345747,"{""type"":""MultiPoint"",""coordinates"":[]}"
128,1589,2751,2499,1336,1378,1912,2092,2220,2337,2178,2386,0,2023-03-11,39.10586802162852,45.19092601077368,"{""type"":""MultiPoint"",""coordinates"":[]}"
129,1247,90,58,850,467,269,238,205,195,149,153,0,2023-12-25,1.0128526490658667,154.53400997736924,"{""type"":""MultiPoint"",""coordinates"":[]}"
130,1363,2208,1614,1114,970,954,1094,1429,1608,1594,1817,0,2023-09-12,54.47425554003185,80.44778241224131,"{""type"":""MultiPoint"",""coordinates"":[]}"
132,1356,124,83,940,558,350,317,282,268,215,244,0,2023-07-07,-8.907594755884281,-16.89605009232943,"{""type"":""MultiPoint"",""coordinates"":[]}"
135,1472,179,124,1056,622,407,380,373,332,267,298,0,2023-03-19,24.348265085358726,141.62359843130642,"{""type"":""MultiPoint"",""coordinates"":[]}"
136,2309,4247,3882,2098,2261,2713,3100,3182,3371,2764,3424,0,2023-01-27,23.98492749076767,34.767410788867004,"{""type"":""MultiPoint"",""coordinates"":[]}"
139,1594,2140,1195,1351,1354,1142,1496,2620,3104,2816,3403,0,2023-10-03,9.988048965261592,4.79451644406224,"{""type"":""MultiPoint"",""coordinates"":[]}"
140,7655,842,820,7312,5986,6949,7203,7351,7271,7138,7280,0,2023-03-13,71.90817403823876,-179.97045651124841,"{""type"":""MultiPoint"",""coordinates"":[]}"
141,1462,3215,2289,1249,1061,1259,1416,1578,1761,1829,2079,0,2023-10-28,48.970039230222866,120.22348138901457,"{""type"":""MultiPoint"",""coordinates"":[]}"
144,1653,685,565,1397,1064,882,881,869,891,738,835,0,2023-05-06,22.85769501598616,68.01861970952542,"{""type"":""MultiPoint"",""coordinates"":[]}"
145,1263,1462,753,954,959,599,1067,2391,2793,2927,3047,0,2023-05-03,34.99884579977131,134.36149880983376,"{""type"":""MultiPoint"",""coordinates"":[]}"
146,7589,575,641,7325,6344,7339,7602,7753,7733,7184,7577,0,2023-12-19,54.596568794035186,75.87947098065126,"{""type"":""MultiPoint"",""coordinates"":[]}"
147,1303,184,154,914,551,337,359,339,310,262,262,0,2023-04-24,38.20354715177722,4.308406612624873,"{""type"":""MultiPoint"",""coordinates"":[]}"
148,2838,206,149,2001,1284,871,907,1104,1064,953,1056,0,2023-01-10,52.30038347411607,-70.30884379292074,"{""type"":""MultiPoint"",""coordinates"":[]}"
149,1627,3079,2068,1358,1135,1146,1307,1553,1751,1812,2175,0,2023-07-08,64.03517434021518,-82.67740020773141,"{""type"":""MultiPoint"",""coordinates"":[]}"
151,7304,3519,3415,7230,6629,6686,6646,6497,6298,6014,6112,0,2023-01-14,-65.65695482446331,131.1558047431502,"{""type"":""MultiPoint"",""coordinates"":[]}"
153,1246,34,18,844,483,260,202,166,158,117,104,0,2023-08-25,-31.82747310859864,-73.340854355954,"{""type"":""MultiPoint"",""coordinates"":[]}"
155,5712,1076,930,4900,4188,4604,5396,5476,5885,5459,5918,0,2023-10-21,68.0121900018075,-142.35778299039754,"{""type"":""MultiPoint"",""coordinates"":[]}"
156,8143,485,477,7999,7111,7965,8077,8117,8047,7807,7927,0,2023-01-08,53.10324620583403,62.43778056353482,"{""type"":""MultiPoint"",""coordinates"":[]}"
157,5490,505,469,5138,4475,4826,4916,4945,4838,4682,4737,0,2023-05-01,65.29183422729405,96.05112448582028,"{""type"":""MultiPoint"",""coordinates"":[]}"
164,1872,3467,3036,1799,1743,2004,2134,2319,2495,2411,2702,0,2023-04-20,45.194382876580455,64.91599006420049,"{""type"":""MultiPoint"",""coordinates"":[]}"
165,1578,438,333,1169,780,577,592,600,585,425,553,0,2023-03-25,17.495974966730444,-61.80816219243615,"{""type"":""MultiPoint"",""coordinates"":[]}"
168,1696,4610,3439,1604,1883,2645,2752,3267,3683,3328,3781,0,2023-09-18,17.68837037651063,-12.195511585874955,"{""type"":""MultiPoint"",""coordinates"":[]}"
172,1894,3017,2492,1698,1691,2130,2294,2462,2692,2576,2802,0,2023-12-11,29.881334560209275,-112.45608926774268,"{""type"":""MultiPoint"",""coordinates"":[]}"
176,1246,1875,765,955,947,564,958,2583,3198,2951,3564,0,2023-09-11,11.472188358913955,122.73190956195769,"{""type"":""MultiPoint"",""coordinates"":[]}"
177,1330,2475,1762,982,821,971,1207,1536,1705,1675,1926,0,2023-08-12,-31.82066729173787,122.40238632852162,"{""type"":""MultiPoint"",""coordinates"":[]}"
178,1432,488,399,1147,761,556,576,515,508,503,498,0,2023-01-27,11.553630010167485,-54.96915523580703,"{""type"":""MultiPoint"",""coordinates"":[]}"
179,4331,4555,4418,3781,3784,4494,4339,4569,4910,3815,5189,0,2023-04-23,29.350260660826876,129.8191777851702,"{""type"":""MultiPoint"",""coordinates"":[]}"
181,1496,3326,2490,1393,1355,1708,1854,1992,2171,2161,2376,0,2023-11-07,47.71095477125714,110.6215017716046,"{""type"":""MultiPoint"",""coordinates"":[]}"
182,4739,372,253,6337,6118,6755,6933,7397,7040,6711,6875,0,2023-03-17,56.290428720479056,94.93836999320035,"{""type"":""MultiPoint"",""coordinates"":[]}"
183,2908,815,617,1962,1538,1371,1755,2435,2647,2702,2844,0,2023-10-16,56.705051888612765,110.49845991758669,"{""type"":""MultiPoint"",""coordinates"":[]}"
188,1367,2649,1540,1096,1002,811,1175,2096,2453,2403,2749,0,2023-08-29,53.326373380979845,59.52327123818213,"{""type"":""MultiPoint"",""coordinates"":[]}"
190,1716,2701,1754,1450,1224,1298,1398,1593,1768,1817,2074,0,2023-08-29,-10.546416809184095,16.53929284294851,"{""type"":""MultiPoint"",""coordinates"":[]}"
193,1622,3353,3050,1675,1834,2249,2406,2618,2763,2712,2874,0,2023-02-20,35.98814065345596,67.46905462626437,"{""type"":""MultiPoint"",""coordinates"":[]}"
194,1306,1965,1233,1069,978,865,1036,1515,1782,1643,1928,0,2023-02-20,8.432772805987065,-8.485988903388382,"{""type"":""MultiPoint"",""coordinates"":[]}"
196,1248,570,214,885,663,394,524,1086,1364,1025,1500,0,2023-10-28,8.531115698670773,-61.57860456348698,"{""type"":""MultiPoint"",""coordinates"":[]}"
198,2117,851,932,1610,1200,1001,976,982,1029,773,1006,0,2023-07-08,62.17049299317862,-39.99835137482274,"{""type"":""MultiPoint"",""coordinates"":[]}"
199,3276,2439,2093,3084,2663,2653,2468,2486,2548,2596,2539,0,2023-09-28,-16.879455317923725,-141.04850867771063,"{""type"":""MultiPoint"",""coordinates"":[]}"
206,1592,177,120,1187,786,553,482,438,440,361,371,0,2023-04-16,11.446120487753769,89.4981027205696,"{""type"":""MultiPoint"",""coordinates"":[]}"
207,1265,162,109,1011,896,546,521,423,413,360,360,0,2023-07-15,-0.8613118629653548,34.147280438865316,"{""type"":""MultiPoint"",""coordinates"":[]}"
208,1316,84,57,1004,675,383,301,246,252,195,195,0,2023-10-24,23.64717871125189,118.34863924042024,"{""type"":""MultiPoint"",""coordinates"":[]}"
210,2508,1973,1456,2116,2126,1875,1781,2491,3095,3040,3460,0,2023-11-18,-0.43652347701328276,10.331991268862462,"{""type"":""MultiPoint"",""coordinates"":[]}"
211,1877,694,768,1211,907,860,685,723,829,563,895,0,2023-09-24,7.80543062357064,167.08486256808422,"{""type"":""MultiPoint"",""coordinates"":[]}"
213,1223,941,457,868,674,424,750,1597,2115,2019,2238,0,2023-12-11,41.90369986377799,-123.50029558597926,"{""type"":""MultiPoint"",""coordinates"":[]}"
215,1805,964,814,1426,1084,911,973,1004,1125,857,1105,0,2023-07-05,40.74911703016831,-31.80848383620673,"{""type"":""MultiPoint"",""coordinates"":[]}"
216,9456,1428,1551,9251,8828,8982,9196,9114,8988,8767,8783,0,2023-11-01,-75.04381001710725,18.780260459601795,"{""type"":""MultiPoint"",""coordinates"":[]}"
218,1341,3679,2032,1230,1319,1779,1974,2318,2610,2684,3099,0,2023-01-23,-36.999968129718276,144.48416456777505,"{""type"":""MultiPoint"",""coordinates"":[]}"
220,1111,1670,610,804,748,410,836,2626,3434,3057,3794,0,2023-03-20,-2.1651132437428693,102.23163887690608,"{""type"":""MultiPoint"",""coordinates"":[]}"
221,3313,1949,1621,4900,3775,2326,2138,1787,1780,4696,1749,0,2023-01-22,-39.72836696008626,-77.03693232758971,"{""type"":""MultiPoint"",""coordinates"":[]}"
224,1242,2444,1346,1053,964,990,1228,1721,1971,2114,2284,0,2023-06-01,-20.846928222125353,146.28610805236693,"{""type"":""MultiPoint"",""coordinates"":[]}"
225,2258,5128,4705,2297,2694,3671,3827,4010,4158,4014,4220,0,2023-11-30,23.602199326998758,-9.317355485133982,"{""type"":""MultiPoint"",""coordinates"":[]}"
227,3223,2346,1969,2407,2120,2213,2414,2692,2878,2222,2969,0,2023-11-12,54.77461359824846,34.83338918969956,"{""type"":""MultiPoint"",""coordinates"":[]}"
229,1137,1926,760,896,964,524,1025,2909,3680,3450,4005,0,2023-06-18,-10.149644295249944,-63.33895484023063,"{""type"":""MultiPoint"",""coordinates"":[]}"
230,1252,85,66,908,548,295,268,223,209,185,159,0,2023-01-27,-41.93331214128447,174.57292278324678,"{""type"":""MultiPoint"",""coordinates"":[]}"
231,1445,497,350,1215,938,744,658,640,642,576,613,0,2023-03-15,-9.363814091394815,116.88471825640919,"{""type"":""MultiPoint"",""coordinates"":[]}"
233,1362,103,81,961,588,362,299,273,261,222,223,0,2023-01-06,14.980568469667428,119.00365975839077,"{""type"":""MultiPoint"",""coordinates"":[]}"
234,1401,183,143,984,594,401,351,348,344,242,309,0,2023-07-22,6.965059830125567,115.90389884269841,"{""type"":""MultiPoint"",""coordinates"":[]}"
235,2161,83,44,1556,887,556,549,459,470,377,379,0,2023-01-04,59.40058852239167,-6.890154657367961,"{""type"":""MultiPoint"",""coordinates"":[]}"
236,1354,1017,499,1032,859,641,833,1412,1651,1794,1853,0,2023-02-15,21.077377373902078,99.3581048015211,"{""type"":""MultiPoint"",""coordinates"":[]}"
240,1161,893,448,848,592,509,698,926,1060,1173,1336,0,2023-11-14,45.35635478668019,23.343137523661433,"{""type"":""MultiPoint"",""coordinates"":[]}"
241,1521,1974,1593,1237,1071,1196,1354,1537,1681,1687,1743,0,2023-05-14,56.011336529835816,159.52186696417695,"{""type"":""MultiPoint"",""coordinates"":[]}"
242,1351,2929,1807,1126,1048,1142,1426,1873,2117,2160,2401,0,2023-09-13,-15.119614410876972,126.2642009737019,"{""type"":""MultiPoint"",""coordinates"":[]}"
244,2328,379,275,1770,1115,899,870,818,735,735,684,0,2023-06-18,-51.14664506809796,-75.16973530166462,"{""type"":""MultiPoint"",""coordinates"":[]}"
248,1355,2057,1017,1196,1142,1185,1301,2769,3282,2662,3599,0,2023-01-16,13.189009634679072,34.8412698741358,"{""type"":""MultiPoint"",""coordinates"":[]}"
252,2105,180,90,1742,1270,977,862,806,759,644,657,0,2023-09-26,62.90660106430067,-84.93482057141544,"{""type"":""MultiPoint"",""coordinates"":[]}"
255,1536,3493,2808,1355,1433,1638,1879,2312,2530,2557,2851,0,2023-06-26,35.99629762059015,104.8130040307074,"{""type"":""MultiPoint"",""coordinates"":[]}"
256,1476,428,336,1181,882,710,633,622,617,547,576,0,2023-06-20,27.629475453735044,50.94818458304108,"{""type"":""MultiPoint"",""coordinates"":[]}"
259,1576,240,175,1206,810,592,533,498,489,418,437,0,2023-12-02,10.5171180014776,111.59850259910291,"{""type"":""MultiPoint"",""coordinates"":[]}"
263,1234,129,93,917,596,384,317,268,243,262,211,0,2023-04-27,46.5249449510758,-8.582555301867881,"{""type"":""MultiPoint"",""coordinates"":[]}"
268,1352,1993,994,1069,950,705,1073,2242,2721,2677,3062,0,2023-05-15,54.55131825385391,41.203693223766265,"{""type"":""MultiPoint"",""coordinates"":[]}"
272,1326,122,108,935,562,337,298,282,282,205,237,0,2023-12-14,3.5789846293361443,94.13896008530422,"{""type"":""MultiPoint"",""coordinates"":[]}"
274,1415,997,556,1102,858,717,735,910,1064,998,1159,0,2023-12-02,-12.195879957995862,142.58937121789066,"{""type"":""MultiPoint"",""coordinates"":[]}"
276,1284,2710,1662,1051,1045,931,1271,2098,2478,2324,2730,0,2023-02-24,-19.396633805771543,25.082002428787796,"{""type"":""MultiPoint"",""coordinates"":[]}"
279,4049,144,99,4094,3420,3370,3244,2979,2475,2383,2195,0,2023-03-12,64.89246120281187,-176.0360691577439,"{""type"":""MultiPoint"",""coordinates"":[]}"
283,7887,1503,1542,7742,6905,7711,8039,8133,8136,7696,7866,0,2023-03-17,67.61446158615796,52.94717446968647,"{""type"":""MultiPoint"",""coordinates"":[]}"
287,1655,666,557,1243,920,785,792,823,820,634,803,0,2023-10-14,-16.328585605298006,147.63493689252718,"{""type"":""MultiPoint"",""coordinates"":[]}"
296,1223,1601,795,881,741,504,809,2372,3285,3453,3515,0,2023-09-13,37.744343273961114,27.25611520828571,"{""type"":""MultiPoint"",""coordinates"":[]}"
300,1734,749,795,1449,1063,862,781,755,759,746,748,0,2023-03-25,-40.35282463338794,-13.447908545499226,"{""type"":""MultiPoint"",""coordinates"":[]}"
301,8742,1451,1521,8380,7739,8002,8167,8114,8006,7725,7852,0,2023-11-04,-78.73446062344814,128.2260049170795,"{""type"":""MultiPoint"",""coordinates"":[]}"
303,1507,4206,3141,1373,1575,2357,2588,3009,3388,2926,3629,0,2023-09-13,6.32372703967475,41.81370838407823,"{""type"":""MultiPoint"",""coordinates"":[]}"
307,1473,81,42,1195,779,379,318,262,248,221,203,0,2023-05-14,41.96790268018048,32.69761085362122,"{""type"":""MultiPoint"",""coordinates"":[]}"
310,1259,1414,625,981,905,631,934,2182,2704,2505,3015,0,2023-12-19,-10.183598867107971,28.01175339326114,"{""type"":""MultiPoint"",""coordinates"":[]}"
311,3824,962,861,2936,2322,2435,2656,2797,2793,2528,2883,0,2023-10-27,64.26807982764926,166.4183812762497,"{""type"":""MultiPoint"",""coordinates"":[]}"
314,1764,3067,2680,1691,1869,2245,2183,2260,2386,2462,2439,0,2023-02-05,28.874426249802468,56.57665696291965,"{""type"":""MultiPoint"",""coordinates"":[]}"
318,5339,181,170,5319,4663,4950,3294,2647,3160,4103,2978,0,2023-04-27,78.89326241142548,48.032651206578365,"{""type"":""MultiPoint"",""coordinates"":[]}"
319,1710,542,418,1263,859,729,661,675,701,565,716,0,2023-06-26,15.83435138329709,-80.13644762619481,"{""type"":""MultiPoint"",""coordinates"":[]}"
320,1485,2403,1980,1259,1211,1396,1518,1593,1726,1730,1836,0,2023-03-22,47.3353938184333,67.9274513007651,"{""type"":""MultiPoint"",""coordinates"":[]}"
322,2522,1313,1051,2203,1827,1693,1571,1593,1619,1541,1601,0,2023-12-30,-25.583668334314122,-130.74600095458703,"{""type"":""MultiPoint"",""coordinates"":[]}"
328,6931,958,892,6369,5854,6429,7357,7590,7467,6777,7491,0,2023-12-19,42.7486468238792,115.33865648660475,"{""type"":""MultiPoint"",""coordinates"":[]}"
333,2972,332,286,2688,2308,2465,2600,3047,3005,2983,2986,0,2023-12-05,45.93960171274465,135.84705379015298,"{""type"":""MultiPoint"",""coordinates"":[]}"
336,1527,3192,2328,1368,1402,1786,1877,2053,2291,2179,2419,0,2023-11-08,16.46780493479464,-10.575324091588692,"{""type"":""MultiPoint"",""coordinates"":[]}"
341,1458,298,195,1096,750,569,498,478,491,400,453,0,2023-12-11,8.452851249423505,-45.66969423796074,"{""type"":""MultiPoint"",""coordinates"":[]}"
346,1320,24,12,911,536,276,225,189,165,131,115,0,2023-08-10,70.87073284113691,-64.19196455858275,"{""type"":""MultiPoint"",""coordinates"":[]}"
347,4150,3199,2390,3934,3527,3652,3521,3592,3768,3428,3828,0,2023-07-11,66.36072895824971,-55.01779212986557,"{""type"":""MultiPoint"",""coordinates"":[]}"
350,1326,172,152,919,510,335,321,309,307,220,279,0,2023-08-10,-22.544815956994242,-137.63439442343721,"{""type"":""MultiPoint"",""coordinates"":[]}"
354,1501,101,55,1158,823,487,407,344,331,286,254,0,2023-07-27,64.3176982053514,-14.755714593642455,"{""type"":""MultiPoint"",""coordinates"":[]}"
356,3021,3316,2227,2729,2530,2420,2613,3795,4643,4277,5132,0,2023-08-25,35.92366358478052,-84.75549645805674,"{""type"":""MultiPoint"",""coordinates"":[]}"
362,1834,1995,1002,1334,1256,801,1264,2733,3529,3089,3901,0,2023-06-07,5.425151729871464,5.889452944061575,"{""type"":""MultiPoint"",""coordinates"":[]}"
364,995,1200,440,749,667,391,701,2093,2731,2913,3085,0,2023-10-17,23.981626685662047,93.36458400295987,"{""type"":""MultiPoint"",""coordinates"":[]}"
365,2856,2838,2196,1839,1736,2172,2861,3145,3356,3120,3629,0,2023-02-01,49.96415987434078,111.89123176668056,"{""type"":""MultiPoint"",""coordinates"":[]}"
366,1348,1772,1222,1034,858,816,1015,1284,1576,1797,1744,0,2023-02-27,36.63370102868743,-93.26293089075322,"{""type"":""MultiPoint"",""coordinates"":[]}"
368,2014,1051,841,1644,1381,1271,1154,1151,1224,975,1213,0,2023-02-10,-14.172361459984769,118.28669012870958,"{""type"":""MultiPoint"",""coordinates"":[]}"
370,1895,1292,975,1641,1289,1208,1108,1093,1173,1123,1198,0,2023-06-15,21.12361684268508,-94.80186606864383,"{""type"":""MultiPoint"",""coordinates"":[]}"
371,4914,412,406,4744,4067,4871,5126,5346,5654,5625,6002,0,2023-11-26,53.320838308918766,-111.8975150210128,"{""type"":""MultiPoint"",""coordinates"":[]}"
373,1352,232,173,1041,677,469,390,365,360,345,333,0,2023-06-30,-4.958227365083121,-154.69281896717177,"{""type"":""MultiPoint"",""coordinates"":[]}"
374,4543,350,354,5453,4974,5502,6871,6735,6760,4918,6444,0,2023-06-17,77.91643123163738,-3.9956397362945015,"{""type"":""MultiPoint"",""coordinates"":[]}"
375,2149,918,721,2026,1979,1682,1378,1173,1187,1034,1159,0,2023-10-09,-3.213350110086645,110.79555193361128,"{""type"":""MultiPoint"",""coordinates"":[]}"
384,6283,1624,1595,5881,4860,5346,5415,5540,5422,5268,5423,0,2023-10-12,76.2593578505024,-127.5360813366693,"{""type"":""MultiPoint"",""coordinates"":[]}"
387,2310,6097,5472,2475,3125,4404,4619,4881,5116,5024,5381,0,2023-03-08,24.417968880605958,49.74898774783314,"{""type"":""MultiPoint"",""coordinates"":[]}"
389,1503,4484,3737,1508,1848,2663,2837,3265,3523,3566,3954,0,2023-11-13,11.516462139304142,25.71924812406562,"{""type"":""MultiPoint"",""coordinates"":[]}"
391,1936,6359,5234,2156,2778,4342,4582,4893,5296,5059,5621,0,2023-05-20,17.66833422706388,-9.869161999898992,"{""type"":""MultiPoint"",""coordinates"":[]}"
394,1325,44,30,905,507,293,232,201,194,155,139,0,2023-12-07,23.656609554416434,-88.95242189692907,"{""type"":""MultiPoint"",""coordinates"":[]}"
395,1514,2281,1673,1341,1230,1383,1532,1804,1957,1904,2123,0,2023-05-18,41.044886853695175,119.96517820374625,"{""type"":""MultiPoint"",""coordinates"":[]}"
398,2232,3149,2743,2284,2432,2755,2621,2760,3100,2810,3110,0,2023-10-04,29.273874008345604,70.91810850880532,"{""type"":""MultiPoint"",""coordinates"":[]}"
400,1159,2203,1265,883,829,668,912,1653,1955,1924,2268,0,2023-01-11,1.1767076292988372,-71.90751594854716,"{""type"":""MultiPoint"",""coordinates"":[]}"
403,1839,5771,4976,1864,2441,3924,4077,4362,4759,4355,4883,0,2023-06-28,31.062777134762765,0.10962854467767334,"{""type"":""MultiPoint"",""coordinates"":[]}"
405,6913,933,898,7773,7374,8653,8903,9099,9147,9327,9215,0,2023-12-07,44.68777980010416,75.06996261709286,"{""type"":""MultiPoint"",""coordinates"":[]}"
410,2620,1941,1333,2270,2064,1926,2048,2970,3590,3370,3873,0,2023-02-13,-1.9046062526229235,103.06188039542613,"{""type"":""MultiPoint"",""coordinates"":[]}"
411,1468,58,46,1009,574,341,315,268,236,196,195,0,2023-04-10,62.61861104724457,-52.11101585256278,"{""type"":""MultiPoint"",""coordinates"":[]}"
412,1111,1677,595,791,728,389,778,2691,3677,3811,4260,0,2023-07-16,6.937506128200608,-62.7999123611525,"{""type"":""MultiPoint"",""coordinates"":[]}"
413,1310,2586,1875,1142,1167,1476,1620,1777,1942,1951,2089,0,2023-12-08,-20.852442442777715,116.61348370734967,"{""type"":""MultiPoint"",""coordinates"":[]}"
416,1130,2023,966,912,987,797,1276,2661,3218,3067,3682,0,2023-09-23,10.804358580814187,11.068206508648808,"{""type"":""MultiPoint"",""coordinates"":[]}"
418,1367,3333,2219,1128,1022,1191,1351,1532,1702,1747,1987,0,2023-09-10,-19.803554697401896,145.62291790184426,"{""type"":""MultiPoint"",""coordinates"":[]}"
425,1485,1355,743,1191,1032,823,1039,1631,1808,1748,1986,0,2023-04-15,27.999473526956137,111.64540411688229,"{""type"":""MultiPoint"",""coordinates"":[]}"
426,1395,79,65,988,609,371,322,293,273,209,228,0,2023-10-06,54.656029901412765,-55.0897719959084,"{""type"":""MultiPoint"",""coordinates"":[]}"
427,1377,2499,1860,1164,1004,1112,1208,1333,1474,1537,1707,0,2023-03-16,40.80105319412153,-91.9255405561313,"{""type"":""MultiPoint"",""coordinates"":[]}"
430,1113,1975,1024,846,706,631,862,1376,1589,1509,1807,0,2023-07-09,-16.037379386288972,-42.824183102544374,"{""type"":""MultiPoint"",""coordinates"":[]}"
432,1398,53,45,990,560,317,268,228,200,182,157,0,2023-04-12,64.11111498652397,-0.510901159210434,"{""type"":""MultiPoint"",""coordinates"":[]}"
433,1502,2089,2055,1481,1549,1677,1759,1819,1863,1839,1904,0,2023-06-15,37.72899308820133,88.19451518599725,"{""type"":""MultiPoint"",""coordinates"":[]}"
434,7915,494,504,7667,6576,7194,7275,7284,7183,6808,7057,0,2023-02-23,-81.61401266126164,-52.62521066841249,"{""type"":""MultiPoint"",""coordinates"":[]}"
436,1516,68,46,1255,906,447,367,286,263,221,198,0,2023-01-27,35.107483784838536,125.4252289131175,"{""type"":""MultiPoint"",""coordinates"":[]}"
437,1683,1441,538,1352,1220,893,1158,2644,3473,3446,3966,0,2023-10-07,-24.878892314610287,-54.262351564755086,"{""type"":""MultiPoint"",""coordinates"":[]}"
439,1400,2319,1420,1135,951,955,1266,1667,1832,1960,2149,0,2023-06-26,67.44637660871683,-110.95672200262756,"{""type"":""MultiPoint"",""coordinates"":[]}"
442,7635,1028,964,7215,5904,6908,7401,7566,7552,7054,7500,0,2023-03-12,80.56878909015798,-15.94318443406852,"{""type"":""MultiPoint"",""coordinates"":[]}"
444,1347,33,22,854,445,235,198,179,153,109,110,0,2023-05-06,-14.881103116546967,159.40018051364976,"{""type"":""MultiPoint"",""coordinates"":[]}"
445,5117,397,306,7446,6695,7114,5783,6126,6121,6926,5589,0,2023-04-02,58.447551713633025,-105.1009655968921,"{""type"":""MultiPoint"",""coordinates"":[]}"
446,1326,46,33,876,476,256,214,190,160,137,133,0,2023-11-13,29.842163779762487,-119.96731047102519,"{""type"":""MultiPoint"",""coordinates"":[]}"
448,2152,1000,838,1920,1372,1202,1121,1039,1014,1151,928,0,2023-05-17,-46.401722757855744,170.45881303444068,"{""type"":""MultiPoint"",""coordinates"":[]}"
456,1512,3186,2223,1380,1324,1490,1581,1788,1950,1952,2147,0,2023-09-14,47.7009112982421,66.5429027948601,"{""type"":""MultiPoint"",""coordinates"":[]}"
457,1427,2553,2011,1199,1033,1157,1434,1591,1868,1623,2065,0,2023-07-25,-16.70292109988113,23.50431983725068,"{""type"":""MultiPoint"",""coordinates"":[]}"
460,3940,4590,4090,3924,3587,3882,3874,4036,4208,4189,4364,0,2023-01-06,36.24687717934095,-91.75705536753517,"{""type"":""MultiPoint"",""coordinates"":[]}"
461,6772,5034,3624,6491,6071,6459,6769,6806,6960,6569,7004,0,2023-03-05,-67.90197723994393,12.728224082122965,"{""type"":""MultiPoint"",""coordinates"":[]}"
465,8410,1465,1485,8215,7085,8049,8493,8573,8598,8340,8617,0,2023-03-12,65.56361078474042,74.93251502028632,"{""type"":""MultiPoint"",""coordinates"":[]}"
471,1357,196,149,977,643,433,358,340,364,295,318,0,2023-11-17,13.884863908133301,113.90928809997793,"{""type"":""MultiPoint"",""coordinates"":[]}"
472,2116,906,652,1618,1265,1095,1005,1015,1056,818,1044,0,2023-10-25,9.116796627067847,74.18705179244587,"{""type"":""MultiPoint"",""coordinates"":[]}"
474,2849,452,410,2354,1885,1915,2343,3357,3350,3293,3430,0,2023-11-18,50.76708181336103,96.76086795134144,"{""type"":""MultiPoint"",""coordinates"":[]}"
476,1296,79,57,931,543,309,271,215,217,187,161,0,2023-08-08,-15.533514925308827,118.24760262051193,"{""type"":""MultiPoint"",""coordinates"":[]}"
477,1033,1925,1178,853,882,813,1254,2123,2347,2331,2601,0,2023-07-04,42.226494914310564,72.95377979143792,"{""type"":""MultiPoint"",""coordinates"":[]}"
478,1240,68,46,905,520,297,226,208,182,166,147,0,2023-03-04,-46.133153694239255,51.91916352494459,"{""type"":""MultiPoint"",""coordinates"":[]}"
482,1223,125,103,869,543,346,303,275,255,222,211,0,2023-06-22,53.42862673439363,-173.32548658214205,"{""type"":""MultiPoint"",""coordinates"":[]}"
488,2468,260,169,2190,1590,1232,964,1198,1240,1644,1164,0,2023-10-19,62.63018567415525,-140.52256230798037,"{""type"":""MultiPoint"",""coordinates"":[]}"
491,1034,2134,971,866,935,624,1239,2935,3327,3176,3630,0,2023-06-23,52.20648614092965,115.69631845077205,"{""type"":""MultiPoint"",""coordinates"":[]}"
492,1224,2605,1650,1148,1211,1429,1709,2218,2575,2570,2878,0,2023-07-13,37.157292939524154,44.33763309043694,"{""type"":""MultiPoint"",""coordinates"":[]}"
494,1682,86,49,1252,814,518,449,410,387,298,293,0,2023-03-25,-38.496790025534324,149.6092245518516,"{""type"":""MultiPoint"",""coordinates"":[]}"
496,4407,3643,2636,3979,3781,3876,4074,4687,5066,4770,5233,0,2023-09-09,29.520794772651843,103.11073010465263,"{""type"":""MultiPoint"",""coordinates"":[]}"
498,1293,89,78,853,463,276,241,219,200,128,197,0,2023-08-02,-10.262280867611157,-161.39844196359255,"{""type"":""MultiPoint"",""coordinates"":[]}"
499,2206,6337,5493,2296,2973,4299,4452,4690,5027,4747,5164,0,2023-09-19,22.95239188082474,47.68206580450864,"{""type"":""MultiPoint"",""coordinates"":[]}"
503,1336,128,76,966,570,360,306,268,253,247,196,0,2023-07-22,-2.2778324787729094,69.63484214250568,"{""type"":""MultiPoint"",""coordinates"":[]}"
505,1228,94,73,844,498,305,257,227,213,170,175,0,2023-10-31,25.274234144115287,-86.46248469889463,"{""type"":""MultiPoint"",""coordinates"":[]}"
508,1502,36,22,1048,603,350,291,252,242,180,161,0,2023-01-28,43.80738142020991,8.215780321017302,"{""type"":""MultiPoint"",""coordinates"":[]}"
513,1709,78,35,1260,792,500,427,370,355,288,274,0,2023-11-05,55.24418967617502,166.61616044123446,"{""type"":""MultiPoint"",""coordinates"":[]}"
515,1488,1692,1046,1080,736,643,786,988,1165,1122,1394,0,2023-12-26,41.54376216907004,-80.63965523338558,"{""type"":""MultiPoint"",""coordinates"":[]}"
516,1594,3688,3064,1391,1488,1962,2082,2370,2587,2558,2686,0,2023-01-18,34.98301431092802,-2.0106126515515528,"{""type"":""MultiPoint"",""coordinates"":[]}"
527,2933,1803,1476,2335,1858,1827,1910,1941,1986,1712,1972,0,2023-09-23,-48.1394827186815,-179.32697010263973,"{""type"":""MultiPoint"",""coordinates"":[]}"
528,6970,930,971,6914,6403,7216,7423,7528,7615,7448,7616,0,2023-02-18,46.28663294930009,126.45694353639138,"{""type"":""MultiPoint"",""coordinates"":[]}"
531,1148,1051,452,886,724,485,650,1547,1958,1970,2149,0,2023-12-18,8.03984670494557,-10.351573943925407,"{""type"":""MultiPoint"",""coordinates"":[]}"
537,1353,42,22,922,521,289,236,210,176,143,134,0,2023-12-17,31.27486528069761,28.043424553125092,"{""type"":""MultiPoint"",""coordinates"":[]}"
539,5061,768,717,4131,2977,3025,3543,3765,3849,3003,3809,0,2023-12-05,56.4537752173866,72.40748932449745,"{""type"":""MultiPoint"",""coordinates"":[]}"
547,1395,2396,1585,1168,1012,1063,1322,1641,1734,1692,1988,0,2023-03-13,48.94409807915564,26.586461960767636,"{""type"":""MultiPoint"",""coordinates"":[]}"
553,1293,1905,1297,970,773,746,1071,1732,1827,1524,2015,0,2023-12-02,38.43632097310468,-119.74475512271235,"{""type"":""MultiPoint"",""coordinates"":[]}"
556,1039,1490,572,814,780,494,829,2160,2736,2629,2981,0,2023-12-04,-10.736287076318009,22.948027476832962,"{""type"":""MultiPoint"",""coordinates"":[]}"
559,1616,639,455,1264,989,853,754,737,815,679,739,0,2023-02-23,-12.881509048988844,176.43805391924408,"{""type"":""MultiPoint"",""coordinates"":[]}"
563,3414,289,271,4048,3659,3820,3611,4228,4135,4331,4140,0,2023-01-22,52.21095402913817,88.98917362077853,"{""type"":""MultiPoint"",""coordinates"":[]}"
567,1293,2275,1714,1098,1017,1312,1395,1669,1853,1702,2013,0,2023-09-26,-18.23940003040448,-50.09715971297643,"{""type"":""MultiPoint"",""coordinates"":[]}"
569,1882,6693,5839,1943,2693,4471,4791,5165,5437,5119,5425,0,2023-10-18,22.311462601684095,22.6791398993196,"{""type"":""MultiPoint"",""coordinates"":[]}"
571,1394,1666,747,1111,1086,682,1427,3155,3887,3949,4399,0,2023-06-30,-36.82295800981103,139.998668421856,"{""type"":""MultiPoint"",""coordinates"":[]}"
573,1808,5314,4913,1859,2390,3524,3735,3953,4166,4063,4253,0,2023-02-10,23.81882786270389,3.478595511615352,"{""type"":""MultiPoint"",""coordinates"":[]}"
575,1819,309,130,1489,1176,928,875,1000,1041,911,984,0,2023-08-22,-1.6851298609445093,18.198541018552355,"{""type"":""MultiPoint"",""coordinates"":[]}"
578,1425,360,268,1050,716,540,506,481,496,387,468,0,2023-01-28,-5.72512881624083,54.512063886041595,"{""type"":""MultiPoint"",""coordinates"":[]}"
580,1191,1135,938,981,894,903,928,959,1020,960,965,0,2023-02-26,35.73696280472576,60.236985619588786,"{""type"":""MultiPoint"",""coordinates"":[]}"
583,5029,1768,1171,5871,5432,5792,4716,4711,4747,5853,4782,0,2023-04-23,-43.23525261070415,-11.38483425614876,"{""type"":""MultiPoint"",""coordinates"":[]}"
585,1234,2647,1770,1078,1073,1067,1435,2327,2761,2926,3067,0,2023-05-25,38.2506912165633,41.29765476399265,"{""type"":""MultiPoint"",""coordinates"":[]}"
587,1349,175,126,1046,703,422,341,305,298,279,272,0,2023-01-02,-8.343011755312995,136.05718757099524,"{""type"":""MultiPoint"",""coordinates"":[]}"
588,1144,1487,657,829,734,495,870,1769,2283,1913,2577,0,2023-03-12,32.83814515875068,-88.31826836870704,"{""type"":""MultiPoint"",""coordinates"":[]}"
590,1427,2171,1215,1170,1004,1004,1121,1466,1736,1674,2047,0,2023-11-13,-19.75425862809096,-61.88307649746976,"{""type"":""MultiPoint"",""coordinates"":[]}"
591,1322,122,86,947,567,337,292,263,251,211,203,0,2023-04-23,3.2718498145483332,125.48818665955858,"{""type"":""MultiPoint"",""coordinates"":[]}"
593,3669,4031,2792,3366,3508,3855,3983,4681,5170,4354,5555,0,2023-03-19,-9.141691901799764,142.4375745569379,"{""type"":""MultiPoint"",""coordinates"":[]}"
594,1749,5185,4003,1702,2018,2941,3046,3374,3788,3541,4164,0,2023-05-27,13.428298285458975,3.5655770983712975,"{""type"":""MultiPoint"",""coordinates"":[]}"
595,1482,81,61,1326,1273,840,626,244,243,197,180,0,2023-04-10,26.64361539568213,-77.39403552765012,"{""type"":""MultiPoint"",""coordinates"":[]}"
596,1325,2654,1855,1105,1110,1583,1457,1780,1950,2101,1986,0,2023-07-06,-28.863030439618292,119.36188947455341,"{""type"":""MultiPoint"",""coordinates"":[]}"
597,7413,507,467,8184,7546,8001,7896,8063,7901,7502,7530,0,2023-02-27,48.21117982229392,-99.07495387509626,"{""type"":""MultiPoint"",""coordinates"":[]}"
598,1964,3119,2789,1794,1791,2209,2330,2425,2515,2334,2449,0,2023-12-19,34.22864670794352,56.770317175062,"{""type"":""MultiPoint"",""coordinates"":[]}"
599,3864,4719,3671,4216,4032,4124,4400,5253,5597,5609,5823,0,2023-08-15,51.69280186503689,-3.8067404617998712,"{""type"":""MultiPoint"",""coordinates"":[]}"
600,8939,711,733,8997,8807,9201,9317,9173,8848,8504,8567,0,2023-06-01,31.87151949459424,77.86897737073866,"{""type"":""MultiPoint"",""coordinates"":[]}"
601,1131,1337,634,836,705,484,775,1665,1939,2170,2385,0,2023-06-20,-26.870327293820186,-51.05312598233359,"{""type"":""MultiPoint"",""coordinates"":[]}"
603,1290,143,105,919,521,313,286,266,279,170,215,0,2023-12-16,-6.163361768323848,71.35445220646129,"{""type"":""MultiPoint"",""coordinates"":[]}"
604,1284,147,139,945,653,412,366,337,320,262,285,0,2023-06-07,59.867083071927645,-39.95953223360389,"{""type"":""MultiPoint"",""coordinates"":[]}"
606,1643,558,498,1261,894,736,681,668,662,597,644,0,2023-08-02,40.75517954025378,-33.10185490704092,"{""type"":""MultiPoint"",""coordinates"":[]}"
607,1515,34,17,1285,1186,1249,1130,632,605,471,362,0,2023-08-12,-35.64211582091191,-56.91755977506749,"{""type"":""MultiPoint"",""coordinates"":[]}"
614,1194,1411,555,927,852,583,932,2117,2462,2753,2781,0,2023-09-21,55.82295857608419,44.04537919185153,"{""type"":""MultiPoint"",""coordinates"":[]}"
617,9486,684,708,9275,8530,8992,9051,9076,8964,8483,8671,0,2023-05-19,67.99521254170227,-65.45966609887853,"{""type"":""MultiPoint"",""coordinates"":[]}"
618,1137,497,225,843,628,404,461,973,1189,1255,1261,0,2023-01-05,24.558031864339277,93.39567701766349,"{""type"":""MultiPoint"",""coordinates"":[]}"
624,1483,3348,2455,1284,1127,1387,1611,1799,1988,2042,2318,0,2023-04-20,50.036443556515884,120.52376042026063,"{""type"":""MultiPoint"",""coordinates"":[]}"
627,1466,2964,2279,1380,1506,1723,1792,1990,2133,2034,2234,0,2023-03-08,19.267532896203157,42.17250396117914,"{""type"":""MultiPoint"",""coordinates"":[]}"
629,7366,976,994,7171,6561,7331,7664,7801,7875,7503,7861,0,2023-02-15,50.26374340626826,47.417943990910196,"{""type"":""MultiPoint"",""coordinates"":[]}"
637,1700,2122,1626,1436,1521,1587,2040,2510,2728,2525,2772,0,2023-07-05,36.966051209185636,48.82117758409588,"{""type"":""MultiPoint"",""coordinates"":[]}"
640,1480,2794,2014,1361,1295,1443,1640,1908,2098,2243,2384,0,2023-09-07,-7.990502314646348,-77.53512105385899,"{""type"":""MultiPoint"",""coordinates"":[]}"
641,2145,5760,4834,2175,2771,3828,4051,4329,4583,4369,4817,0,2023-01-02,26.10894416069816,31.606053422143034,"{""type"":""MultiPoint"",""coordinates"":[]}"
642,1242,195,102,943,670,465,457,509,498,442,439,0,2023-07-17,61.60513562633686,-104.42682123031285,"{""type"":""MultiPoint"",""coordinates"":[]}"
645,1467,1183,564,1649,1423,1158,1044,1709,2019,2419,2049,0,2023-08-17,11.782671523728547,7.996461913153091,"{""type"":""MultiPoint"",""coordinates"":[]}"
651,1961,4388,3983,1948,2280,3091,3201,3378,3566,3267,3649,0,2023-11-18,22.871344543561378,-14.90610191901195,"{""type"":""MultiPoint"",""coordinates"":[]}"
654,1177,962,357,868,678,407,646,1577,1968,1839,2261,0,2023-09-16,59.30187480428964,31.65034544181216,"{""type"":""MultiPoint"",""coordinates"":[]}"
657,9282,518,518,9061,8164,8649,8704,8671,8556,8071,8358,0,2023-05-31,75.78292643583613,-59.49060811427921,"{""type"":""MultiPoint"",""coordinates"":[]}"
658,1329,3696,2193,1317,1449,1614,1956,3223,3956,3676,4308,0,2023-12-23,-18.787759068556202,28.75980056001571,"{""type"":""MultiPoint"",""coordinates"":[]}"
661,1341,2453,1993,1197,1380,1711,1937,2105,2166,2224,2251,0,2023-09-05,35.60539152564965,97.45723763592093,"{""type"":""MultiPoint"",""coordinates"":[]}"
663,1924,1592,882,1530,1279,1019,1183,2272,2907,2640,3215,0,2023-01-22,-8.507921439523113,-58.137780745776304,"{""type"":""MultiPoint"",""coordinates"":[]}"
667,1264,2324,1634,1014,798,855,1065,1216,1374,1373,1621,0,2023-02-19,39.21625322762736,-90.74011245965285,"{""type"":""MultiPoint"",""coordinates"":[]}"
668,9351,556,563,9205,8626,8872,8876,8845,8643,8264,8448,0,2023-12-05,-78.37459305816498,-136.28539242243187,"{""type"":""MultiPoint"",""coordinates"":[]}"
672,5109,3828,2777,4807,4633,5007,4776,5284,5620,5215,5835,0,2023-01-29,-20.109081182798167,47.42932439205879,"{""type"":""MultiPoint"",""coordinates"":[]}"
673,1083,1203,429,785,606,354,644,2136,2688,2477,3183,0,2023-05-12,-11.604534456011514,-70.15333890752831,"{""type"":""MultiPoint"",""coordinates"":[]}"
679,8268,477,440,8163,7547,7837,7851,7642,7426,6850,6986,0,2023-06-11,74.16127190701506,153.97616608940857,"{""type"":""MultiPoint"",""coordinates"":[]}"
681,1170,34,24,807,476,268,227,190,170,135,132,0,2023-04-27,46.96370239504074,145.10540252988272,"{""type"":""MultiPoint"",""coordinates"":[]}"
685,1815,1127,452,1473,1191,870,1008,1984,2361,2182,2488,0,2023-07-11,55.72492817661951,-114.95612681986036,"{""type"":""MultiPoint"",""coordinates"":[]}"
686,1622,680,608,1275,988,883,856,857,919,679,886,0,2023-08-22,40.07399084036968,14.09187034098608,"{""type"":""MultiPoint"",""coordinates"":[]}"
687,1249,1413,592,937,838,536,874,2178,2691,2589,3001,0,2023-09-26,21.920622494308375,80.41282935754883,"{""type"":""MultiPoint"",""coordinates"":[]}"
688,2056,2606,2110,1788,1754,1953,2081,2296,2464,2256,2557,0,2023-02-13,-39.85562868610125,-67.8276956791561,"{""type"":""MultiPoint"",""coordinates"":[]}"
690,1536,3923,2983,1353,1428,1901,2147,2399,2636,2485,2888,0,2023-01-30,-31.3666755490255,130.14713159489548,"{""type"":""MultiPoint"",""coordinates"":[]}"
691,1819,1660,1136,1404,1310,1098,1319,2371,3048,2898,3335,0,2023-04-10,1.0960056000960168,22.538049757972995,"{""type"":""MultiPoint"",""coordinates"":[]}"
692,2537,1835,1341,1932,1406,1295,1618,2369,2709,2557,3130,0,2023-05-24,-53.7630257287129,-69.93863898545773,"{""type"":""MultiPoint"",""coordinates"":[]}"
693,1964,3895,3351,2002,2301,3146,3198,3371,3531,3355,3502,0,2023-04-09,26.384427229885887,-5.729708633090229,"{""type"":""MultiPoint"",""coordinates"":[]}"
694,7999,828,792,7574,6438,7108,7486,7496,7575,7084,7585,0,2023-05-06,80.68567293951796,84.20298994424354,"{""type"":""MultiPoint"",""coordinates"":[]}"
701,1236,129,100,923,547,342,303,275,266,244,220,0,2023-09-14,-24.617283079379135,-44.73649208310442,"{""type"":""MultiPoint"",""coordinates"":[]}"
702,1236,1444,1291,1090,1015,1078,1055,1119,1157,1184,1132,0,2023-10-29,45.338176422737945,96.56965234204762,"{""type"":""MultiPoint"",""coordinates"":[]}"
704,1309,38,26,866,476,250,209,183,160,127,119,0,2023-06-15,-20.801021342730927,158.1134177940432,"{""type"":""MultiPoint"",""coordinates"":[]}"
707,1511,45,31,1167,760,435,378,320,290,237,222,0,2023-01-02,28.259742044502943,49.43879148176481,"{""type"":""MultiPoint"",""coordinates"":[]}"
709,1357,4038,2503,1242,1317,1509,1744,2465,2911,2811,3269,0,2023-12-02,-22.033314665638656,-50.11897001697976,"{""type"":""MultiPoint"",""coordinates"":[]}"
711,1647,3106,2730,1622,1791,2177,2271,2380,2489,2451,2520,0,2023-08-05,40.318922132155365,77.14332316049062,"{""type"":""MultiPoint"",""coordinates"":[]}"
714,1400,2984,1866,1181,1094,1257,1421,1680,1842,1879,2123,0,2023-10-07,-15.575222942244498,126.49920308661058,"{""type"":""MultiPoint"",""coordinates"":[]}"
716,1159,22,15,798,447,241,184,162,145,114,108,0,2023-02-20,5.591840629506186,122.59995944893127,"{""type"":""MultiPoint"",""coordinates"":[]}"
719,1559,3371,2928,1433,1620,2105,2283,2453,2605,2499,2643,0,2023-09-25,30.83107000892349,-5.276330935703727,"{""type"":""MultiPoint"",""coordinates"":[]}"
720,1366,381,274,1008,764,633,574,560,520,530,494,0,2023-11-17,38.344148081401,-111.216179735012,"{""type"":""MultiPoint"",""coordinates"":[]}"
721,2003,4641,4110,2060,2460,3258,3388,3548,3740,3562,3867,0,2023-07-31,22.282570002075154,42.04780947932598,"{""type"":""MultiPoint"",""coordinates"":[]}"
722,1505,1624,1319,1332,1263,1401,1436,1514,1598,1457,1629,0,2023-11-27,10.871512057417279,42.544106076057936,"{""type"":""MultiPoint"",""coordinates"":[]}"
724,1332,1898,757,1034,975,648,987,2638,3690,3455,4094,0,2023-07-25,5.4792569112725085,102.71994706409698,"{""type"":""MultiPoint"",""coordinates"":[]}"
725,1812,403,317,1694,1253,647,617,543,556,457,538,0,2023-08-26,-9.439022853962612,139.7427318124776,"{""type"":""MultiPoint"",""coordinates"":[]}"
727,1613,347,240,1275,908,708,649,622,614,547,545,0,2023-12-21,27.786805074720466,-16.617896853604513,"{""type"":""MultiPoint"",""coordinates"":[]}"
730,1166,15,9,805,448,221,173,152,135,97,94,0,2023-04-06,-33.36098902653828,-50.83745633089943,"{""type"":""MultiPoint"",""coordinates"":[]}"
732,1243,1456,697,1050,1084,833,1250,2179,2720,2337,2824,0,2023-09-27,11.156472326798344,19.720351214163447,"{""type"":""MultiPoint"",""coordinates"":[]}"
733,1368,1551,1325,1120,924,976,1067,1219,1230,1217,1312,0,2023-08-14,-38.872445083811904,-67.5611899906091,"{""type"":""MultiPoint"",""coordinates"":[]}"
735,1669,3292,2244,1608,1593,2160,2343,2557,2810,2847,3136,0,2023-12-17,40.98315586029017,-100.04512463820548,"{""type"":""MultiPoint"",""coordinates"":[]}"
736,1948,6393,5182,2022,2758,4266,4275,4585,5105,4613,5149,0,2023-09-09,19.41937820934454,-1.4030704529527294,"{""type"":""MultiPoint"",""coordinates"":[]}"
737,1239,2088,846,969,931,666,1022,2726,3447,3200,3885,0,2023-12-17,-5.008413953332135,-48.1116977128857,"{""type"":""MultiPoint"",""coordinates"":[]}"
738,7451,1847,1757,8294,8070,10445,11164,11696,12255,11677,12586,0,2023-10-18,74.18365148007953,-21.655274958243808,"{""type"":""MultiPoint"",""coordinates"":[]}"
739,1196,1854,1000,949,827,736,983,1371,1565,1666,1799,0,2023-08-26,-13.837163365574584,29.945237035028775,"{""type"":""MultiPoint"",""coordinates"":[]}"
740,1330,2019,1739,1194,1212,1238,1218,1273,1363,1257,1365,0,2023-08-02,48.38009960552505,92.75898033834832,"{""type"":""MultiPoint"",""coordinates"":[]}"
745,1795,6050,5063,1833,2455,3937,4108,4475,4798,4417,4899,0,2023-06-22,16.91325554923998,26.91786507843819,"{""type"":""MultiPoint"",""coordinates"":[]}"
746,1459,241,191,1012,630,457,402,382,377,293,361,0,2023-10-08,-22.217139124267593,164.85181904527894,"{""type"":""MultiPoint"",""coordinates"":[]}"
747,1174,2178,1263,931,851,764,1005,1545,1813,2017,2182,0,2023-08-29,-15.745035762694725,39.871537232097126,"{""type"":""MultiPoint"",""coordinates"":[]}"
750,1781,6958,6019,1935,2797,4740,4991,5293,5688,5390,5810,0,2023-07-29,26.831724872228534,13.694238549775699,"{""type"":""MultiPoint"",""coordinates"":[]}"
751,7864,1509,1588,7225,5640,6662,7188,7245,7271,7100,7125,0,2023-02-12,72.36995181565219,-39.30630008384431,"{""type"":""MultiPoint"",""coordinates"":[]}"
755,1447,2369,2015,1246,1138,1216,1181,1352,1385,1462,1510,0,2023-04-26,49.02212960493699,77.37745230722021,"{""type"":""MultiPoint"",""coordinates"":[]}"
759,1572,4275,2912,1409,1696,2461,2338,2541,2615,2510,2456,0,2023-05-25,16.473453841095463,-1.2018397332942399,"{""type"":""MultiPoint"",""coordinates"":[]}"
760,1457,2222,1664,1237,1172,1313,1504,1682,1787,1648,1895,0,2023-01-17,-40.85350830254391,-67.62904069674003,"{""type"":""MultiPoint"",""coordinates"":[]}"
764,9413,6281,4994,9494,9099,10646,11010,11587,12211,11863,12787,0,2023-01-24,57.25755038186071,-129.9448694225255,"{""type"":""MultiPoint"",""coordinates"":[]}"
770,1261,26,13,814,434,219,178,150,137,97,98,0,2023-05-15,-4.4310273933491215,159.74615774360703,"{""type"":""MultiPoint"",""coordinates"":[]}"
771,1145,1727,949,879,818,717,1001,1671,1940,1943,2137,0,2023-03-06,-33.22590726992199,145.78211300301882,"{""type"":""MultiPoint"",""coordinates"":[]}"
775,9509,955,1004,9215,8471,8787,9027,8936,8762,8420,8471,0,2023-02-25,-70.33889344401028,56.359655846467916,"{""type"":""MultiPoint"",""coordinates"":[]}"
776,1567,3380,1987,1329,1417,1611,2121,2973,3248,3156,3746,0,2023-11-03,37.426257733472326,40.31110437673164,"{""type"":""MultiPoint"",""coordinates"":[]}"
777,1158,2173,1460,974,931,868,1130,1772,2037,2055,2221,0,2023-10-14,33.62594147631612,-109.08215258527207,"{""type"":""MultiPoint"",""coordinates"":[]}"
782,3098,1405,746,2980,2651,2452,2487,2561,2575,2391,2526,0,2023-04-23,61.920203277961384,-122.62413633004336,"{""type"":""MultiPoint"",""coordinates"":[]}"
784,1240,106,80,919,707,446,413,306,298,248,236,0,2023-12-05,-27.9080789162226,153.4122892295884,"{""type"":""MultiPoint"",""coordinates"":[]}"
787,4206,85,62,2296,1560,1183,1976,1877,1672,736,1517,0,2023-08-23,81.30000921736544,-119.70329937665947,"{""type"":""MultiPoint"",""coordinates"":[]}"
792,9578,710,802,9488,9061,9213,9214,9097,8862,8611,8648,0,2023-11-10,-73.76511002610486,54.403252605288486,"{""type"":""MultiPoint"",""coordinates"":[]}"
800,1587,2118,1743,1404,1272,1317,1478,1578,1656,1703,1776,0,2023-03-22,41.81231519044082,-113.02738863423663,"{""type"":""MultiPoint"",""coordinates"":[]}"
802,1649,1730,1064,1271,1053,859,998,1588,1830,1907,2020,0,2023-09-29,59.53764827479738,-111.79209857105944,"{""type"":""MultiPoint"",""coordinates"":[]}"
806,1416,195,141,986,620,381,330,283,285,276,244,0,2023-12-07,24.341391262600755,-80.053090524211,"{""type"":""MultiPoint"",""coordinates"":[]}"
807,1617,4695,3955,1567,1856,2903,2951,3159,3384,3366,3642,0,2023-11-13,-27.051698310683733,136.82361871148638,"{""type"":""MultiPoint"",""coordinates"":[]}"
809,1420,364,258,1091,758,572,517,493,489,415,447,0,2023-09-01,-1.0288732015433966,-88.82700784092317,"{""type"":""MultiPoint"",""coordinates"":[]}"
811,1816,101,48,1305,822,515,437,383,360,298,305,0,2023-02-03,-77.36496691574395,-166.45024543265757,"{""type"":""MultiPoint"",""coordinates"":[]}"
813,7040,2846,2408,6267,4766,5393,5749,5839,5815,5565,5784,0,2023-03-02,77.66534948435176,129.92484778204604,"{""type"":""MultiPoint"",""coordinates"":[]}"
816,1638,2867,2396,1570,1784,2067,2028,2164,2460,2456,2563,0,2023-11-09,16.935531058953252,43.77058516008216,"{""type"":""MultiPoint"",""coordinates"":[]}"
818,1622,530,387,1308,1047,881,799,796,802,694,759,0,2023-07-24,17.083015764331055,56.1428555957826,"{""type"":""MultiPoint"",""coordinates"":[]}"
819,1802,27,14,1343,771,471,403,378,310,239,220,0,2023-11-17,56.33043345740683,20.609464426762784,"{""type"":""MultiPoint"",""coordinates"":[]}"
821,1756,2617,1695,1686,1675,1699,1624,2566,2885,2956,3274,0,2023-06-18,50.71366820639936,-97.04756442213568,"{""type"":""MultiPoint"",""coordinates"":[]}"
822,4420,3505,3035,3425,3442,3855,4273,4753,5000,4079,5172,0,2023-06-17,54.49118147439977,-89.88475139045278,"{""type"":""MultiPoint"",""coordinates"":[]}"
823,1137,2285,1522,957,910,921,1272,1716,1953,2020,2273,0,2023-05-06,-13.233802368191956,22.55191341986384,"{""type"":""MultiPoint"",""coordinates"":[]}"
828,1350,1296,822,1045,948,871,1114,1565,1810,1632,1859,0,2023-01-26,13.228948172814254,34.739779147358206,"{""type"":""MultiPoint"",""coordinates"":[]}"
835,1611,195,118,1220,825,591,513,480,467,405,403,0,2023-02-26,10.418962460242952,92.01087919538598,"{""type"":""MultiPoint"",""coordinates"":[]}"
842,1348,13,9,961,545,271,222,188,175,135,120,0,2023-07-28,-35.75613296220087,138.45556905440353,"{""type"":""MultiPoint"",""coordinates"":[]}"
847,1121,1185,403,804,727,384,747,1938,2457,2433,2954,0,2023-03-07,-1.3590278271276162,132.04996454844675,"{""type"":""MultiPoint"",""coordinates"":[]}"
848,1379,26,20,960,515,276,224,191,161,128,117,0,2023-10-30,32.86926802409811,-78.91914063924298,"{""type"":""MultiPoint"",""coordinates"":[]}"
849,1315,382,172,942,693,436,452,822,1003,842,1114,0,2023-11-10,3.8066678063171446,-70.56634511447444,"{""type"":""MultiPoint"",""coordinates"":[]}"
852,7686,1205,1345,7003,5237,6291,7001,7100,7103,6783,7048,0,2023-03-13,75.37876030906239,-132.62375137542833,"{""type"":""MultiPoint"",""coordinates"":[]}"
853,1212,31,20,812,425,216,171,147,148,104,101,0,2023-01-04,17.457023416975993,-60.56875942256649,"{""type"":""MultiPoint"",""coordinates"":[]}"
855,4142,3064,1798,4216,3959,3846,3688,4118,4443,4327,4618,0,2023-01-15,-8.083118787912957,139.214346929748,"{""type"":""MultiPoint"",""coordinates"":[]}"
859,1750,962,561,1287,1002,912,1038,1097,1090,1206,1347,0,2023-06-18,71.10167873763257,142.21126960139375,"{""type"":""MultiPoint"",""coordinates"":[]}"
860,1874,2741,1743,1733,1735,1489,1922,3459,4081,3693,4364,0,2023-07-02,6.316208197656106,12.792129918102301,"{""type"":""MultiPoint"",""coordinates"":[]}"
861,1553,33,24,1089,614,349,291,259,204,182,153,0,2023-03-30,65.32987493282533,-33.63466982146764,"{""type"":""MultiPoint"",""coordinates"":[]}"
862,1262,2234,1221,1046,1037,842,1166,2499,3113,2855,3373,0,2023-08-24,41.309699860906825,46.89969759852762,"{""type"":""MultiPoint"",""coordinates"":[]}"
863,1475,2797,2385,1367,1415,1886,1932,2052,2150,2011,2183,0,2023-09-23,30.465571697684236,-6.741879010417533,"{""type"":""MultiPoint"",""coordinates"":[]}"
865,1310,191,128,956,616,407,348,323,297,284,275,0,2023-05-29,-6.612038518456387,-82.4249981576852,"{""type"":""MultiPoint"",""coordinates"":[]}"
868,1431,215,163,1060,694,490,435,407,401,351,362,0,2023-10-29,17.668469436133673,-24.564145595450004,"{""type"":""MultiPoint"",""coordinates"":[]}"
870,3585,2797,1970,3126,2943,2880,3029,3685,4159,3835,4406,0,2023-08-12,7.145036359037481,25.94441752961231,"{""type"":""MultiPoint"",""coordinates"":[]}"
871,1376,3022,2317,1212,1167,1278,1403,1603,1739,1783,1952,0,2023-11-23,-27.6116751360062,24.52868441432516,"{""type"":""MultiPoint"",""coordinates"":[]}"
872,7790,1447,1409,8346,7657,9958,11041,11592,11712,11442,12597,0,2023-09-26,75.59265071610615,102.82626878147903,"{""type"":""MultiPoint"",""coordinates"":[]}"
876,1642,158,85,1280,902,639,551,520,502,406,423,0,2023-01-13,16.031273310637534,84.848589676106,"{""type"":""MultiPoint"",""coordinates"":[]}"
880,1396,232,228,893,540,361,368,354,376,202,394,0,2023-03-16,-8.602110678199766,-155.62991636563535,"{""type"":""MultiPoint"",""coordinates"":[]}"
884,1307,1863,699,983,1005,519,1084,3179,4219,3845,4749,0,2023-07-22,12.665455326385615,-84.7510969843861,"{""type"":""MultiPoint"",""coordinates"":[]}"
885,1429,286,235,1098,744,553,523,489,473,417,438,0,2023-03-29,14.64376799216745,-22.452585579942617,"{""type"":""MultiPoint"",""coordinates"":[]}"
886,1274,123,85,907,568,364,301,275,271,231,234,0,2023-05-13,-0.4053494309732501,75.74144040886353,"{""type"":""MultiPoint"",""coordinates"":[]}"
894,2913,2417,1747,3112,2641,2623,2461,2459,2528,2536,2497,0,2023-06-03,6.889561150971661,-55.97919497901179,"{""type"":""MultiPoint"",""coordinates"":[]}"
895,1689,3495,2726,1579,1632,1917,2154,2513,2794,2814,3060,0,2023-06-11,46.76682461780343,111.09276522193822,"{""type"":""MultiPoint"",""coordinates"":[]}"
896,5849,4612,3029,5249,4808,4800,4813,5425,6077,5679,6254,0,2023-06-29,22.924339336266325,105.2071269652929,"{""type"":""MultiPoint"",""coordinates"":[]}"
897,5725,4274,2901,5787,5563,5756,5488,5834,6343,5908,6471,0,2023-08-04,17.001834939316204,97.58651467041727,"{""type"":""MultiPoint"",""coordinates"":[]}"
898,1065,1434,466,773,662,361,675,2087,2711,2535,3216,0,2023-06-06,-0.7250239131067502,-56.216055238215134,"{""type"":""MultiPoint"",""coordinates"":[]}"
900,1338,2840,2360,1240,1321,1645,1832,1982,2107,2030,2202,0,2023-11-25,-30.809202587744704,22.52786521311578,"{""type"":""MultiPoint"",""coordinates"":[]}"
902,1257,1047,377,903,753,471,779,2130,2886,2639,3105,0,2023-10-18,39.17883212554457,20.578678889490988,"{""type"":""MultiPoint"",""coordinates"":[]}"
904,2533,5712,4583,2629,3018,4084,4174,4423,4729,4547,4955,0,2023-06-21,20.35744225596863,56.30591041675331,"{""type"":""MultiPoint"",""coordinates"":[]}"
906,1862,1116,943,1481,1153,1069,1085,1093,1141,921,1178,0,2023-03-22,-22.77466986401115,172.14285712036505,"{""type"":""MultiPoint"",""coordinates"":[]}"
909,9081,895,947,8763,7959,8349,8575,8567,8412,8016,8214,0,2023-02-20,-74.6807102978705,137.28940248011702,"{""type"":""MultiPoint"",""coordinates"":[]}"
910,1439,1544,705,1121,938,681,1017,1949,2398,2233,2665,0,2023-12-18,18.737689710019445,72.92482638978983,"{""type"":""MultiPoint"",""coordinates"":[]}"
911,1383,2295,1553,1133,995,869,1129,1611,1844,1701,1948,0,2023-09-12,50.43699684028505,62.39092711299483,"{""type"":""MultiPoint"",""coordinates"":[]}"
914,1148,2074,892,863,889,549,1250,2732,3422,3191,3796,0,2023-12-25,-15.596256288029933,-49.836239530722665,"{""type"":""MultiPoint"",""coordinates"":[]}"
915,1639,622,498,1199,952,796,726,729,779,665,755,0,2023-03-13,-9.388373602763137,48.991963260041274,"{""type"":""MultiPoint"",""coordinates"":[]}"
920,1241,850,355,915,733,444,722,1557,1741,1604,1881,0,2023-09-04,60.43532961085439,100.44859377564045,"{""type"":""MultiPoint"",""coordinates"":[]}"
922,1702,183,145,1271,806,563,501,450,426,401,362,0,2023-02-20,52.20913965709454,-176.25478363666224,"{""type"":""MultiPoint"",""coordinates"":[]}"
923,1375,3151,3138,1308,1405,1919,2084,2216,2331,2314,2415,0,2023-10-20,-27.54183026797619,-69.24183156588293,"{""type"":""MultiPoint"",""coordinates"":[]}"
925,1590,651,533,1216,966,986,802,756,823,658,854,0,2023-11-27,-10.692390263760887,-137.92450028685536,"{""type"":""MultiPoint"",""coordinates"":[]}"
926,1656,652,520,1304,955,835,794,750,790,722,790,0,2023-04-16,22.42722001875063,-94.80921481544537,"{""type"":""MultiPoint"",""coordinates"":[]}"
927,1201,115,80,867,572,341,313,317,315,266,279,0,2023-06-03,45.38534670119764,-61.46934602433907,"{""type"":""MultiPoint"",""coordinates"":[]}"
931,1412,50,27,999,602,351,310,251,214,189,182,0,2023-07-21,-30.763202153769033,31.21535147361875,"{""type"":""MultiPoint"",""coordinates"":[]}"
932,1681,1217,1014,1404,1201,1120,1020,1060,1144,1020,1212,0,2023-04-02,4.672055285604469,100.01103629731614,"{""type"":""MultiPoint"",""coordinates"":[]}"
934,3245,2286,1876,2936,2356,2462,2652,2831,2967,2996,2984,0,2023-12-16,57.29484330093818,25.69638205429953,"{""type"":""MultiPoint"",""coordinates"":[]}"
939,1630,2108,1155,1529,1592,1552,1648,2606,3091,3003,3330,0,2023-03-25,5.188887941660117,-65.19847300836672,"{""type"":""MultiPoint"",""coordinates"":[]}"
942,1527,57,39,1257,867,346,254,209,202,152,159,0,2023-09-10,18.996757520766337,-91.92494664095574,"{""type"":""MultiPoint"",""coordinates"":[]}"
943,1183,115,89,858,526,320,277,242,237,222,206,0,2023-06-02,49.0107678398976,153.22741876427273,"{""type"":""MultiPoint"",""coordinates"":[]}"
944,2244,6564,5959,2429,3240,4681,4953,5209,5547,5449,5768,0,2023-12-19,24.524405043063485,19.34022444551586,"{""type"":""MultiPoint"",""coordinates"":[]}"
950,1443,449,347,1166,802,597,579,574,579,520,546,0,2023-10-06,-22.614742905272788,159.15750056556126,"{""type"":""MultiPoint"",""coordinates"":[]}"
952,1178,1985,970,926,785,632,986,1752,1974,2021,2270,0,2023-06-20,67.81886166013398,-141.32485429796273,"{""type"":""MultiPoint"",""coordinates"":[]}"
958,5810,6156,5537,5035,4684,5201,5736,6142,6408,5843,6691,0,2023-11-19,42.405726029907704,19.369948628392798,"{""type"":""MultiPoint"",""coordinates"":[]}"
962,1393,2067,1184,1069,800,807,889,1016,1189,1162,1432,0,2023-10-05,58.037832983752416,-115.0121056238685,"{""type"":""MultiPoint"",""coordinates"":[]}"
963,1859,1492,799,1509,1004,890,1100,1567,1718,1749,1991,0,2023-10-28,67.3090465483338,70.37729041153793,"{""type"":""MultiPoint"",""coordinates"":[]}"
965,1270,33,28,859,471,248,201,172,147,121,110,0,2023-07-20,-23.77611565522629,168.64911878544862,"{""type"":""MultiPoint"",""coordinates"":[]}"
966,1222,1802,837,958,939,624,1061,2488,3154,3016,3539,0,2023-05-23,8.494872542286044,21.682533427423458,"{""type"":""MultiPoint"",""coordinates"":[]}"
967,1525,3378,2730,1545,1590,1864,1909,2314,2640,2418,2834,0,2023-10-20,10.858212205140186,78.12608322660162,"{""type"":""MultiPoint"",""coordinates"":[]}"
969,1684,2931,2612,1483,1533,1886,2083,2220,2372,2338,2562,0,2023-02-18,43.068121647837835,69.57947222926497,"{""type"":""MultiPoint"",""coordinates"":[]}"
971,1656,2057,1563,1373,1249,1249,1436,1673,1761,1807,1885,0,2023-04-14,37.11057071185921,126.92542375567838,"{""type"":""MultiPoint"",""coordinates"":[]}"
973,1068,1685,798,836,794,662,866,1974,2285,2201,2613,0,2023-04-22,-17.60317982916885,-46.07999500140675,"{""type"":""MultiPoint"",""coordinates"":[]}"
974,1019,791,354,724,558,337,523,1163,1388,1408,1480,0,2023-08-17,48.99327233473852,-71.44119453453823,"{""type"":""MultiPoint"",""coordinates"":[]}"
975,1493,168,127,1186,899,559,457,386,374,330,318,0,2023-05-15,58.71008555988624,-162.23489605973387,"{""type"":""MultiPoint"",""coordinates"":[]}"
976,1956,6995,6014,2093,2945,4696,4914,5216,5635,5418,5824,0,2023-06-25,21.553953859690626,24.280486768811098,"{""type"":""MultiPoint"",""coordinates"":[]}"
980,2153,2721,1587,1890,1871,1780,1815,3340,4207,4112,4609,0,2023-07-11,39.77628039627934,-80.71472812689467,"{""type"":""MultiPoint"",""coordinates"":[]}"
981,1884,2383,1347,1617,1389,1325,1582,2063,2337,2391,2657,0,2023-06-13,47.70104039833952,-54.56247482730432,"{""type"":""MultiPoint"",""coordinates"":[]}"
982,3653,1239,1114,3015,2176,2035,2014,2027,2004,1801,2039,0,2023-11-15,58.498807046922266,21.26166278758802,"{""type"":""MultiPoint"",""coordinates"":[]}"
983,1374,313,212,1047,691,516,439,416,421,381,392,0,2023-05-26,6.7818573852359405,119.89666939269398,"{""type"":""MultiPoint"",""coordinates"":[]}"
986,1849,24,21,907,684,372,296,377,319,229,171,0,2023-05-25,60.849199599204006,-41.845185834906665,"{""type"":""MultiPoint"",""coordinates"":[]}"
988,1382,2453,1072,1115,1144,785,1249,2668,3405,3180,3928,0,2023-10-16,7.622553201885164,-67.8345798677422,"{""type"":""MultiPoint"",""coordinates"":[]}"
989,1867,5228,4685,1885,2290,3357,3507,3734,3939,3809,4061,0,2023-04-30,27.06369318810811,-8.340282208749104,"{""type"":""MultiPoint"",""coordinates"":[]}"
993,1484,4130,2663,1317,1577,1740,2184,3223,3899,3472,4204,0,2023-08-10,14.44296406363319,-3.1269655017590936,"{""type"":""MultiPoint"",""coordinates"":[]}"
994,1423,2337,1975,1132,1005,1102,1198,1388,1518,1406,1665,0,2023-03-31,45.57445127658957,44.097536283934794,"{""type"":""MultiPoint"",""coordinates"":[]}"
996,2427,6496,5868,2609,3269,4521,4715,4997,5338,5167,5545,0,2023-12-07,26.57752033127771,20.451237868015653,"{""type"":""MultiPoint"",""coordinates"":[]}"
999,1776,508,247,1328,838,611,643,839,868,915,992,0,2023-11-08,54.870487241817045,20.835815721880646,"{""type"":""MultiPoint"",""coordinates"":[]}"
1000,5047,438,296,4286,3872,4039,4271,4664,4512,4067,4298,0,2023-05-14,59.928235183092006,84.83525215584672,"{""type"":""MultiPoint"",""coordinates"":[]}"
1001,2004,3649,3006,1720,1872,2019,2311,2656,2984,2655,3138,0,2023-12-18,10.513347377414243,44.11742509826009,"{""type"":""MultiPoint"",""coordinates"":[]}"
1004,6018,1073,956,5487,4087,4513,4729,4829,4760,4289,4690,0,2023-02-06,73.28323575236125,58.5806867443542,"{""type"":""MultiPoint"",""coordinates"":[]}"
1007,1402,55,37,919,492,285,230,205,181,143,136,0,2023-10-18,24.250972207421253,-84.24176151370364,"{""type"":""MultiPoint"",""coordinates"":[]}"
1010,1377,401,149,877,629,373,399,842,1175,1011,1248,0,2023-06-13,-0.8498345833438983,113.26457787854433,"{""type"":""MultiPoint"",""coordinates"":[]}"
1011,1193,1199,425,895,719,454,682,2110,2777,2397,3035,0,2023-01-30,-0.6432971556215076,-77.3782158836098,"{""type"":""MultiPoint"",""coordinates"":[]}"
1019,1286,2197,1246,1022,872,787,917,1336,1550,1545,1747,0,2023-09-18,47.98081536317318,-100.63511309710302,"{""type"":""MultiPoint"",""coordinates"":[]}"
1023,1321,2144,1349,1065,900,837,987,1433,1589,1622,1737,0,2023-07-22,-31.75596348045882,148.76788906704599,"{""type"":""MultiPoint"",""coordinates"":[]}"
1027,3831,541,344,3018,2062,1806,1763,1976,2074,2023,2041,0,2023-11-20,66.46270448786804,38.85963349894179,"{""type"":""MultiPoint"",""coordinates"":[]}"
1028,1373,564,206,1012,837,533,677,1320,1673,1904,1811,0,2023-09-04,0.3019585741098453,102.60300836481639,"{""type"":""MultiPoint"",""coordinates"":[]}"
1029,1439,1621,616,1111,966,615,897,2458,3353,3220,3753,0,2023-04-05,1.6216524008780309,13.00117747032528,"{""type"":""MultiPoint"",""coordinates"":[]}"
1036,1149,2076,1004,942,884,762,1150,1949,2322,2269,2673,0,2023-10-04,-6.282390254526679,-43.78403644383668,"{""type"":""MultiPoint"",""coordinates"":[]}"
1038,1650,2532,1695,1282,1174,1147,1573,2097,2343,2401,2636,0,2023-11-21,32.02519403492526,116.83890615706527,"{""type"":""MultiPoint"",""coordinates"":[]}"
1041,1604,3290,2678,1632,1842,2407,2548,2694,2826,2720,2870,0,2023-11-24,34.650073829060894,49.26208388654385,"{""type"":""MultiPoint"",""coordinates"":[]}"
1046,1153,1155,568,867,745,549,726,1423,1673,2131,1879,0,2023-08-28,42.316827395274856,-124.2012827376491,"{""type"":""MultiPoint"",""coordinates"":[]}"
1049,8517,3951,3084,8205,7722,7816,7738,7684,7600,7247,7388,0,2023-10-07,-64.31986642178339,-52.30705130648406,"{""type"":""MultiPoint"",""coordinates"":[]}"
1051,1361,206,149,1011,672,408,372,350,345,330,315,0,2023-07-01,10.326269224484202,102.08224280931725,"{""type"":""MultiPoint"",""coordinates"":[]}"
1052,1171,2439,1194,956,934,710,1100,2178,2605,2573,3084,0,2023-10-05,41.53610868809848,-86.24295338369599,"{""type"":""MultiPoint"",""coordinates"":[]}"
1055,1468,2613,1490,1169,1140,975,1337,2623,3044,2766,3379,0,2023-10-22,-7.462209020257865,-78.69453068158342,"{""type"":""MultiPoint"",""coordinates"":[]}"
1058,1865,6181,4747,1924,2552,3963,3987,4313,4781,4294,4868,0,2023-08-23,17.994531179667373,-0.5739794208473074,"{""type"":""MultiPoint"",""coordinates"":[]}"
1061,1326,2907,1886,1119,1121,1530,1527,2237,2752,2057,2815,0,2023-07-13,5.641423161793846,20.51070022995633,"{""type"":""MultiPoint"",""coordinates"":[]}"
1062,1491,372,296,1139,802,633,503,544,525,463,480,0,2023-01-06,-10.54323270266941,121.05172641985178,"{""type"":""MultiPoint"",""coordinates"":[]}"
1063,2217,169,130,1631,1025,698,646,623,551,459,466,0,2023-12-17,56.990246018397684,-58.26564072367709,"{""type"":""MultiPoint"",""coordinates"":[]}"
1064,1412,2743,1748,1219,1203,1173,1369,2199,2537,2507,2886,0,2023-04-30,-20.63874658920075,24.177656899942864,"{""type"":""MultiPoint"",""coordinates"":[]}"
1067,1185,1874,767,907,893,491,1047,2531,3083,2944,3436,0,2023-02-20,-9.796386155753044,14.2333265259916,"{""type"":""MultiPoint"",""coordinates"":[]}"
1068,1027,1451,541,714,579,318,648,2497,3392,3034,3695,0,2023-08-29,43.634424474768885,-89.99215850591544,"{""type"":""MultiPoint"",""coordinates"":[]}"
1070,1486,2042,947,1138,1025,749,1361,3000,3610,3550,4024,0,2023-02-24,48.20570877001028,-2.735831058454229,"{""type"":""MultiPoint"",""coordinates"":[]}"
1072,2231,29,18,1708,1091,725,631,561,543,426,381,0,2023-05-31,76.95768962483888,-12.687532708187883,"{""type"":""MultiPoint"",""coordinates"":[]}"
1073,2015,967,736,1359,1031,891,919,923,949,739,973,0,2023-01-30,6.734135939008405,112.64841317425329,"{""type"":""MultiPoint"",""coordinates"":[]}"
1074,1412,3668,2671,1263,1238,1583,1669,1956,2174,2252,2546,0,2023-12-05,-11.723419259050758,37.92509635139748,"{""type"":""MultiPoint"",""coordinates"":[]}"
1076,1402,2202,1280,1282,1372,1323,1734,2707,3093,3110,3334,0,2023-03-29,-31.372302199647844,143.89038147899328,"{""type"":""MultiPoint"",""coordinates"":[]}"
1077,1477,3362,2325,1368,1402,1319,1731,2740,3210,3085,3630,0,2023-03-20,-20.346659487049102,24.558060642793915,"{""type"":""MultiPoint"",""coordinates"":[]}"
1078,1452,2869,2047,1156,1236,1175,1671,2612,2980,2866,3197,0,2023-06-19,37.741801492220596,110.63745387301593,"{""type"":""MultiPoint"",""coordinates"":[]}"
1082,1643,373,302,1162,762,566,532,512,521,414,506,0,2023-05-16,31.64541089828833,29.592041267882976,"{""type"":""MultiPoint"",""coordinates"":[]}"
1083,2352,1823,1496,2182,1961,2024,1879,1903,2035,1746,2106,0,2023-06-05,19.827719414537686,40.479291592314645,"{""type"":""MultiPoint"",""coordinates"":[]}"
1086,4588,1507,1530,4411,4079,4027,4009,4141,4315,4151,4357,0,2023-01-26,-3.0844008586831917,108.20653683311743,"{""type"":""MultiPoint"",""coordinates"":[]}"
1092,9528,2783,2817,9751,9482,10302,10489,10451,10380,10070,10280,0,2023-10-24,-75.99993527510138,-153.55459583129027,"{""type"":""MultiPoint"",""coordinates"":[]}"
1094,1530,526,240,1201,1126,771,1036,1349,1588,1626,1653,0,2023-07-22,23.44551818644286,-75.69832031626062,"{""type"":""MultiPoint"",""coordinates"":[]}"
1098,1651,5299,4500,1724,2095,3092,3141,3446,3764,3824,4116,0,2023-04-07,12.52242401682548,27.523439921288404,"{""type"":""MultiPoint"",""coordinates"":[]}"
1099,2178,417,307,2661,2365,2167,1937,2384,2306,2716,2345,0,2023-03-08,55.86909924428209,-110.67822216840446,"{""type"":""MultiPoint"",""coordinates"":[]}"
1102,2059,462,197,1735,1499,1209,1270,1722,1925,1624,1775,0,2023-02-05,22.98939970953321,78.44575359279615,"{""type"":""MultiPoint"",""coordinates"":[]}"
1103,1853,914,740,1518,1174,1004,1036,1007,1106,971,1074,0,2023-03-31,20.523925194987214,-80.30867976732976,"{""type"":""MultiPoint"",""coordinates"":[]}"
1106,1119,1067,420,853,729,480,612,1671,2303,2369,2475,0,2023-03-24,4.814876498994691,23.808457101156446,"{""type"":""MultiPoint"",""coordinates"":[]}"
1107,9129,724,723,8809,8093,8325,8396,8238,8107,7762,7818,0,2023-01-03,-74.70076857773489,71.43472849170594,"{""type"":""MultiPoint"",""coordinates"":[]}"
1108,1246,185,123,947,562,376,297,303,283,257,243,0,2023-08-10,2.570077811972616,124.44250509215314,"{""type"":""MultiPoint"",""coordinates"":[]}"
1112,1491,56,45,967,519,294,239,202,185,151,145,0,2023-07-26,-12.428718163177834,-176.96830145575288,"{""type"":""MultiPoint"",""coordinates"":[]}"
1114,1580,3546,3089,1434,1719,2536,2504,2644,2802,2768,2751,0,2023-01-18,19.294203534061644,19.446573735065485,"{""type"":""MultiPoint"",""coordinates"":[]}"
1115,2195,6331,5568,2318,2927,4068,4217,4522,4916,4605,5138,0,2023-08-18,27.6511976702649,22.231122615723184,"{""type"":""MultiPoint"",""coordinates"":[]}"
1117,1553,6691,5587,1525,2230,4209,4519,4833,5058,4855,5086,0,2023-11-05,19.135300794103028,23.919730214670064,"{""type"":""MultiPoint"",""coordinates"":[]}"
1121,1448,2349,1560,1139,1052,834,1215,2076,2647,2575,2831,0,2023-12-06,-18.391891047025993,36.5894541707717,"{""type"":""MultiPoint"",""coordinates"":[]}"
1127,1947,785,650,1597,1243,1129,1055,990,988,1005,930,0,2023-09-13,72.23995691216021,-22.815201511396772,"{""type"":""MultiPoint"",""coordinates"":[]}"
1131,2252,1430,1044,2012,1652,1562,1487,1469,1401,1422,1274,0,2023-01-07,-15.292943245569596,-170.4434315384584,"{""type"":""MultiPoint"",""coordinates"":[]}"
1132,1336,4221,3339,1147,1277,2536,2743,3070,3206,2931,3264,0,2023-02-25,-28.392024877466998,123.01378636351116,"{""type"":""MultiPoint"",""coordinates"":[]}"
1133,1426,1884,1752,1450,1487,1593,1547,1545,1587,1562,1592,0,2023-08-25,36.33272821071789,82.11125949843758,"{""type"":""MultiPoint"",""coordinates"":[]}"
1134,1431,266,203,1017,742,424,401,378,372,282,371,0,2023-09-09,17.475148008599344,106.96247612521286,"{""type"":""MultiPoint"",""coordinates"":[]}"
1135,1331,110,84,918,498,298,256,225,217,184,198,0,2023-05-06,-9.341721203101045,-153.43350365647322,"{""type"":""MultiPoint"",""coordinates"":[]}"
1136,1923,6912,5867,2182,3118,4876,5039,5393,5738,5562,6014,0,2023-07-23,28.040326725368875,39.416143405963126,"{""type"":""MultiPoint"",""coordinates"":[]}"
1138,1296,1768,1244,1278,1348,1563,1593,1736,1818,1959,1925,0,2023-10-08,38.05703015454627,42.68596089205812,"{""type"":""MultiPoint"",""coordinates"":[]}"
1140,1014,2174,875,752,745,354,806,3964,5435,5149,5776,0,2023-11-28,-25.653151513566915,-55.751950582600436,"{""type"":""MultiPoint"",""coordinates"":[]}"
1141,1749,6916,5819,1754,2386,4273,4552,4933,5291,4900,5273,0,2023-08-03,19.441373326584404,21.320578681950227,"{""type"":""MultiPoint"",""coordinates"":[]}"
1144,1344,2426,1496,1154,1041,1068,1208,1468,1637,1707,1859,0,2023-06-18,-26.2473329845141,25.403521973115147,"{""type"":""MultiPoint"",""coordinates"":[]}"
1146,1433,45,29,1016,583,322,263,220,208,153,154,0,2023-05-28,-33.00823397083743,124.5781209346933,"{""type"":""MultiPoint"",""coordinates"":[]}"
1148,1310,69,53,825,478,277,245,220,192,164,159,0,2023-11-14,11.081789071755818,165.0741603826917,"{""type"":""MultiPoint"",""coordinates"":[]}"
1150,1267,138,102,917,570,354,312,285,275,255,238,0,2023-07-22,-5.304539976837892,-13.500218527962279,"{""type"":""MultiPoint"",""coordinates"":[]}"
1154,2329,6567,5072,2501,3128,4401,4484,4786,5253,4915,5583,0,2023-09-23,30.18164373010951,22.328147219521956,"{""type"":""MultiPoint"",""coordinates"":[]}"
1156,8655,1138,1317,8319,7180,8030,8294,8330,8332,8068,8198,0,2023-03-26,73.35377434406732,101.68842035921571,"{""type"":""MultiPoint"",""coordinates"":[]}"
1157,3409,2965,2143,3467,3243,3344,3356,3346,3364,3461,3363,0,2023-05-21,-15.586136058029075,-4.562233437802992,"{""type"":""MultiPoint"",""coordinates"":[]}"
1159,1287,969,463,923,688,497,662,1338,1645,1682,1884,0,2023-10-27,38.93252027988845,140.5647561361014,"{""type"":""MultiPoint"",""coordinates"":[]}"
1160,1598,4122,3229,1481,1657,2294,2431,2636,2800,2645,2963,0,2023-10-25,16.15182740729589,-1.5445875739317216,"{""type"":""MultiPoint"",""coordinates"":[]}"
1161,1221,3030,2112,1010,1077,1226,1396,2134,2482,2429,2746,0,2023-12-12,-4.710830665862109,36.946963392063935,"{""type"":""MultiPoint"",""coordinates"":[]}"
1162,1418,333,267,1101,760,567,502,481,499,435,472,0,2023-07-23,5.0878500546649,77.22929645678327,"{""type"":""MultiPoint"",""coordinates"":[]}"
1164,1593,1993,1194,1629,1412,1495,1401,1744,1905,2088,1994,0,2023-07-15,16.94151920793595,78.23539821469967,"{""type"":""MultiPoint"",""coordinates"":[]}"
1165,1574,384,294,1108,738,613,489,522,528,395,484,0,2023-11-04,-4.894431009232288,-172.96559502034805,"{""type"":""MultiPoint"",""coordinates"":[]}"
1166,5088,993,848,4153,3402,3953,4942,5001,5623,4592,5799,0,2023-12-29,55.22316167065822,64.95131553779456,"{""type"":""MultiPoint"",""coordinates"":[]}"
1167,1543,1996,1240,1163,1085,850,1229,2570,3125,3102,3284,0,2023-05-11,32.88016269658214,114.72466201274314,"{""type"":""MultiPoint"",""coordinates"":[]}"
1169,1572,2074,978,1332,1311,1027,1276,3041,4066,3768,4421,0,2023-08-24,26.409980892285564,77.94980609893834,"{""type"":""MultiPoint"",""coordinates"":[]}"
1173,1189,1021,498,889,663,488,616,1259,1479,1356,1509,0,2023-07-22,58.36754480146503,61.49164933000869,"{""type"":""MultiPoint"",""coordinates"":[]}"
1176,3220,2378,2125,2952,2525,2479,2512,2588,2537,2388,2444,0,2023-11-13,32.948915312018386,31.234671590476726,"{""type"":""MultiPoint"",""coordinates"":[]}"
1177,1640,472,371,1163,807,662,654,620,622,509,575,0,2023-02-17,-28.341831569858513,-126.41662417630914,"{""type"":""MultiPoint"",""coordinates"":[]}"
1179,3451,3743,2864,2997,2962,3038,3312,3976,4297,3929,4561,0,2023-11-02,5.958110573739594,34.66046100393129,"{""type"":""MultiPoint"",""coordinates"":[]}"
1180,1280,2922,1971,1132,1112,1445,1564,1816,2006,2037,2230,0,2023-05-16,-22.714012830769448,135.68739484154665,"{""type"":""MultiPoint"",""coordinates"":[]}"
1181,1506,177,142,1159,719,445,392,354,334,322,276,0,2023-05-06,-38.324342273492356,-14.341928541936104,"{""type"":""MultiPoint"",""coordinates"":[]}"
1182,1278,2350,1612,1002,845,767,912,1192,1371,1425,1548,0,2023-05-27,64.38745577283764,153.98588062961917,"{""type"":""MultiPoint"",""coordinates"":[]}"
1183,1570,2977,1619,1311,1201,1237,1514,2339,2753,2599,3223,0,2023-06-30,50.408430198176625,-111.47982441147943,"{""type"":""MultiPoint"",""coordinates"":[]}"
1186,2143,914,720,1614,1272,1140,1345,1946,2171,2062,2248,0,2023-03-01,49.28948155541113,-115.91326599328124,"{""type"":""MultiPoint"",""coordinates"":[]}"
1187,8609,979,1000,8202,7046,8006,8504,8618,8596,8119,8529,0,2023-03-22,68.8155785391964,-113.62104869189025,"{""type"":""MultiPoint"",""coordinates"":[]}"
1189,1209,13,4,828,477,253,193,165,143,108,100,0,2023-07-04,69.77042199790995,-55.425926658437376,"{""type"":""MultiPoint"",""coordinates"":[]}"
1191,3382,591,480,3317,2966,3097,3127,3659,3764,3575,3783,2048,2023-01-03,45.620610940952375,-89.34559649207193,"{""type"":""MultiPoint"",""coordinates"":[]}"
1195,5877,4642,3248,5674,5461,5832,5839,5901,6004,5853,6003,0,2023-05-03,-21.84156357925047,-71.47744795489245,"{""type"":""MultiPoint"",""coordinates"":[]}"
1197,1141,95,79,826,573,324,278,237,210,197,191,0,2023-06-20,61.45617756773405,178.0414626346438,"{""type"":""MultiPoint"",""coordinates"":[]}"
1198,1498,3435,2555,1311,1219,1390,1474,1672,1843,1823,2135,0,2023-08-07,47.014954721064484,46.19970647436597,"{""type"":""MultiPoint"",""coordinates"":[]}"
1201,1794,201,162,1354,833,632,591,546,510,457,427,0,2023-12-19,45.777468754810215,144.24447016048754,"{""type"":""MultiPoint"",""coordinates"":[]}"
1207,8207,938,1015,7909,6965,7592,7908,8050,7808,7455,7773,0,2023-03-03,-81.73015320440015,23.59862456150546,"{""type"":""MultiPoint"",""coordinates"":[]}"
1209,1510,3889,2931,1389,1551,2140,2312,2589,2883,2559,3209,0,2023-11-11,12.225569130649315,25.5870266943247,"{""type"":""MultiPoint"",""coordinates"":[]}"
1212,7563,525,488,7063,6758,7138,7421,7320,7050,6572,6733,0,2023-05-12,62.66653889210185,149.08792266273096,"{""type"":""MultiPoint"",""coordinates"":[]}"
1214,3712,3350,2829,3073,3234,3912,4478,4560,4489,4320,4604,0,2023-05-21,31.30430806810229,79.31929393756342,"{""type"":""MultiPoint"",""coordinates"":[]}"
1215,1172,1762,730,862,821,425,988,3083,3962,3491,4381,0,2023-07-14,42.270349146806936,42.120958059042174,"{""type"":""MultiPoint"",""coordinates"":[]}"
1217,1538,209,154,1075,703,492,409,389,389,311,357,0,2023-05-03,-4.221429553802048,98.3570022100923,"{""type"":""MultiPoint"",""coordinates"":[]}"
1222,1526,413,332,1203,848,672,622,579,582,568,535,0,2023-10-31,6.945999241843219,167.36330258605227,"{""type"":""MultiPoint"",""coordinates"":[]}"
1230,1465,2645,2048,1274,1134,1343,1434,1546,1684,1719,1875,0,2023-03-24,40.71583084440518,116.57237125227823,"{""type"":""MultiPoint"",""coordinates"":[]}"
1233,7671,273,215,8583,8069,7910,6088,6334,4375,5183,4285,0,2023-04-07,76.71800723480801,-67.84270719546348,"{""type"":""MultiPoint"",""coordinates"":[]}"
1235,1242,135,87,926,697,447,396,367,350,323,310,0,2023-03-25,37.674836717122574,140.10125238072305,"{""type"":""MultiPoint"",""coordinates"":[]}"
1239,1478,1204,1193,1117,780,654,657,688,705,657,709,0,2023-09-29,53.265311271519266,-73.80950249584478,"{""type"":""MultiPoint"",""coordinates"":[]}"
1240,1716,4530,3635,1677,1959,2725,3001,3219,3337,3304,3641,0,2023-04-22,14.480974793029974,-0.029418536526998818,"{""type"":""MultiPoint"",""coordinates"":[]}"
1244,1234,1755,646,899,812,469,885,2999,4048,4028,4611,0,2023-12-09,2.4416106942989284,-63.870762387354404,"{""type"":""MultiPoint"",""coordinates"":[]}"
1247,1381,2450,1470,1104,949,884,1183,1672,1796,1842,2097,0,2023-10-12,-51.704020915626394,-72.13502634813013,"{""type"":""MultiPoint"",""coordinates"":[]}"
1249,2032,1081,979,1761,1354,1249,1084,1058,1107,1018,1114,0,2023-06-29,-27.061944628019656,-129.93466799854855,"{""type"":""MultiPoint"",""coordinates"":[]}"
1250,2686,1083,868,2317,1840,1618,1715,2055,2147,2346,2169,0,2023-11-13,52.52751703245972,-83.63833859579982,"{""type"":""MultiPoint"",""coordinates"":[]}"
1251,1525,380,296,1208,837,673,554,512,502,541,461,0,2023-01-12,-29.1392913627981,-177.86967721192573,"{""type"":""MultiPoint"",""coordinates"":[]}"
1255,1156,33,22,780,450,236,189,163,155,118,121,0,2023-03-15,-10.045866399608961,129.07530197070577,"{""type"":""MultiPoint"",""coordinates"":[]}"
1256,1631,1076,606,1179,906,730,888,1234,1440,1358,1687,0,2023-02-20,53.21999187749617,-0.05599374007710956,"{""type"":""MultiPoint"",""coordinates"":[]}"
1259,9472,4375,3809,9391,8627,9276,9468,9494,9339,9205,9287,0,2023-08-27,-70.14497570870722,84.61435622869756,"{""type"":""MultiPoint"",""coordinates"":[]}"
1260,1066,2059,1194,837,781,701,1023,1637,1868,1781,2135,0,2023-01-06,3.6383631123506817,33.38227119519913,"{""type"":""MultiPoint"",""coordinates"":[]}"
1261,2594,2020,2017,2303,1942,1922,1976,1989,2038,1827,2079,0,2023-01-12,-44.39261192100679,166.27344408372667,"{""type"":""MultiPoint"",""coordinates"":[]}"
1262,2802,637,461,2750,2731,3017,2518,2224,2910,3111,3058,0,2023-03-29,50.64148793066705,137.91717586006462,"{""type"":""MultiPoint"",""coordinates"":[]}"
1264,1381,1535,796,1049,780,760,1042,1428,1597,1617,1888,0,2023-08-28,65.7229293367341,-110.68494320072503,"{""type"":""MultiPoint"",""coordinates"":[]}"
1265,1282,137,109,948,571,362,327,301,270,259,241,0,2023-09-23,-32.043779406371755,154.59367282628128,"{""type"":""MultiPoint"",""coordinates"":[]}"
1266,1180,1943,957,940,836,668,963,1748,2111,2120,2483,0,2023-02-27,-7.44138876035337,-37.445065606324235,"{""type"":""MultiPoint"",""coordinates"":[]}"
1270,1610,4270,3454,1536,1787,2620,2776,2979,3145,3026,3214,0,2023-11-29,-26.22612801648938,140.69547451214058,"{""type"":""MultiPoint"",""coordinates"":[]}"
1272,1682,465,353,1255,829,648,617,608,646,527,605,0,2023-02-18,-7.18523513993295,-12.28809341775998,"{""type"":""MultiPoint"",""coordinates"":[]}"
1274,1305,29,11,870,475,244,198,167,148,118,105,0,2023-09-27,14.425390237343855,-81.085399588274,"{""type"":""MultiPoint"",""coordinates"":[]}"
1278,1620,523,411,1288,939,786,726,728,738,639,728,0,2023-02-11,0.8686562429847052,131.62086984985385,"{""type"":""MultiPoint"",""coordinates"":[]}"
1282,1997,1089,829,1572,1256,1141,1182,1202,1236,994,1205,0,2023-05-20,21.903428194832316,-160.5449747990817,"{""type"":""MultiPoint"",""coordinates"":[]}"
1284,1590,2288,1855,1333,1268,1455,1489,1688,1836,1907,1970,0,2023-02-08,29.11138589024444,-105.18479782220432,"{""type"":""MultiPoint"",""coordinates"":[]}"
1285,1471,2590,2274,1369,1476,1939,2053,2190,2298,2192,2296,0,2023-07-01,49.10701748448441,92.54317607273009,"{""type"":""MultiPoint"",""coordinates"":[]}"
1286,7157,913,962,7000,6385,7144,7399,7553,7547,7383,7623,0,2023-12-20,44.66782780335146,86.61575554149591,"{""type"":""MultiPoint"",""coordinates"":[]}"
1288,1402,1681,1199,1104,920,811,996,1363,1494,1530,1665,0,2023-09-06,52.9934620229072,-124.34296847504228,"{""type"":""MultiPoint"",""coordinates"":[]}"
1290,6755,228,174,7130,6673,7337,7439,7222,6999,6668,6675,0,2023-04-16,63.37117180002417,132.03854269735535,"{""type"":""MultiPoint"",""coordinates"":[]}"
1291,1463,84,58,956,516,304,260,238,215,176,179,0,2023-11-16,18.942287957283842,166.93879481627675,"{""type"":""MultiPoint"",""coordinates"":[]}"
1299,1400,186,149,959,568,373,346,310,320,238,285,0,2023-02-28,-22.43179913623073,112.63504610557568,"{""type"":""MultiPoint"",""coordinates"":[]}"
1300,1464,1425,1029,1182,987,934,1098,1276,1354,1373,1455,0,2023-08-25,-39.94253659816272,-66.62086394487872,"{""type"":""MultiPoint"",""coordinates"":[]}"
1301,1499,111,83,1228,942,382,322,249,256,190,210,0,2023-10-28,18.966290204497533,-91.61087683657668,"{""type"":""MultiPoint"",""coordinates"":[]}"
1303,1343,1801,1490,1389,1788,2164,2264,2290,2335,2255,2272,0,2023-08-24,28.891580695501425,85.51308064513623,"{""type"":""MultiPoint"",""coordinates"":[]}"
1304,1569,3043,2105,1513,1460,1470,1605,2366,2753,2630,3035,0,2023-04-09,-16.662976184527103,16.69325857844923,"{""type"":""MultiPoint"",""coordinates"":[]}"
1305,1515,3177,2046,1349,1379,1697,1865,2302,2556,2591,2873,0,2023-01-03,11.340422020288662,0.3914344035971632,"{""type"":""MultiPoint"",""coordinates"":[]}"
1306,5314,700,485,4636,3941,4594,5068,4809,5318,4538,5371,0,2023-10-12,64.70348737167178,-127.5806736361178,"{""type"":""MultiPoint"",""coordinates"":[]}"
1307,1555,2627,2494,1391,1455,1774,1950,2001,2088,1944,2066,0,2023-02-17,40.24243200622994,101.24606043900565,"{""type"":""MultiPoint"",""coordinates"":[]}"
1309,2172,6596,5535,2309,3102,4600,4702,4976,5404,5072,5543,0,2023-10-14,19.81114924827257,-3.3513660302421413,"{""type"":""MultiPoint"",""coordinates"":[]}"
1310,1304,1328,512,1045,1001,648,1099,2277,2882,2792,3351,0,2023-04-19,-8.006455036684786,138.3628597129614,"{""type"":""MultiPoint"",""coordinates"":[]}"
1313,1570,412,311,1242,834,608,557,561,518,521,514,0,2023-09-30,-12.904404074043901,-134.6411207145502,"{""type"":""MultiPoint"",""coordinates"":[]}"
1315,2828,2071,1965,2040,1764,1816,2088,2123,2216,1558,2277,0,2023-08-19,-34.13509033958775,-78.74757728626825,"{""type"":""MultiPoint"",""coordinates"":[]}"
1318,1283,219,201,952,648,429,417,388,380,314,352,0,2023-08-11,48.31391194113416,-59.10438854483025,"{""type"":""MultiPoint"",""coordinates"":[]}"
1319,1568,816,533,1448,1291,1007,944,885,853,878,799,0,2023-04-25,-3.661475063473517,-38.60896923164405,"{""type"":""MultiPoint"",""coordinates"":[]}"
1320,1962,5868,4660,2010,2467,3743,3996,4291,4609,4495,4821,0,2023-04-16,30.5519948229714,41.616006280899704,"{""type"":""MultiPoint"",""coordinates"":[]}"
1322,1436,215,161,1081,664,429,382,354,333,364,283,0,2023-09-05,-14.018376793662018,-37.92762788188391,"{""type"":""MultiPoint"",""coordinates"":[]}"
1325,1384,1472,933,1036,930,723,923,2018,2580,2199,2831,0,2023-06-04,3.658450037345417,-57.08711675305481,"{""type"":""MultiPoint"",""coordinates"":[]}"
1327,9018,1058,1023,8709,7914,8444,8516,8516,8447,8140,8277,0,2023-05-14,76.25871028552822,-92.1172573831457,"{""type"":""MultiPoint"",""coordinates"":[]}"
1329,2123,1090,832,1872,1484,1308,1195,1214,1273,1108,1275,0,2023-06-15,25.45032643968624,122.26663615040127,"{""type"":""MultiPoint"",""coordinates"":[]}"
1330,1426,3810,2754,1308,1407,1709,1730,2061,2311,2410,2598,0,2023-04-23,-12.372727252322216,-46.02755358857855,"{""type"":""MultiPoint"",""coordinates"":[]}"
1332,1966,3656,2914,1847,2006,2566,2651,2806,2889,2715,2816,0,2023-05-22,29.737100822859944,-7.131783696548111,"{""type"":""MultiPoint"",""coordinates"":[]}"
1333,1453,3113,2759,1438,1414,1504,1583,1895,2090,2147,2265,0,2023-10-23,36.32757038602549,74.74290137617804,"{""type"":""MultiPoint"",""coordinates"":[]}"
1335,1544,3054,2267,1568,1722,2211,2321,2440,2670,2636,2926,0,2023-04-04,13.341459536540492,33.09959836397358,"{""type"":""MultiPoint"",""coordinates"":[]}"
1337,2603,2192,1174,2771,2547,2406,2355,3179,3822,3528,4117,0,2023-09-30,-7.036949529119926,144.65440337557902,"{""type"":""MultiPoint"",""coordinates"":[]}"
1340,1570,3176,2667,1647,1825,2332,2357,2475,2587,2437,2620,0,2023-02-02,-27.840158395935077,17.293077997820106,"{""type"":""MultiPoint"",""coordinates"":[]}"
1341,1300,270,202,946,694,528,482,446,423,346,380,0,2023-05-31,47.84849645850365,149.37768655612066,"{""type"":""MultiPoint"",""coordinates"":[]}"
1345,1400,20,10,897,462,224,178,153,124,99,86,0,2023-05-15,-19.287596134177967,-159.56193659373784,"{""type"":""MultiPoint"",""coordinates"":[]}"
1346,2085,1542,807,1813,1589,1373,1480,2166,2646,2527,2939,0,2023-01-09,1.4353993659631556,11.000462594680391,"{""type"":""MultiPoint"",""coordinates"":[]}"
1347,1242,2495,2034,1008,896,1157,1416,1835,1969,1768,2075,0,2023-05-22,-28.432752308614997,132.31000205723066,"{""type"":""MultiPoint"",""coordinates"":[]}"
1348,1237,1094,456,930,812,447,809,1695,1959,1883,2064,0,2023-09-04,61.36838324640923,119.37714944743483,"{""type"":""MultiPoint"",""coordinates"":[]}"
1354,1429,1460,792,1063,749,634,859,1198,1343,1383,1668,0,2023-10-04,60.96994807684758,-103.0212683714112,"{""type"":""MultiPoint"",""coordinates"":[]}"
1357,5877,6845,5001,6026,5978,6446,6612,7235,7956,7540,8265,0,2023-07-05,36.80449168901988,128.41460382847467,"{""type"":""MultiPoint"",""coordinates"":[]}"
1360,6334,896,831,6139,5500,6351,6763,7041,7083,6890,7256,0,2023-01-13,50.972953784565505,41.0461472896105,"{""type"":""MultiPoint"",""coordinates"":[]}"
1366,1236,44,43,852,489,275,234,195,186,151,139,0,2023-04-20,54.342537719196464,152.30782756244923,"{""type"":""MultiPoint"",""coordinates"":[]}"
1369,5560,48,40,4294,2613,2050,1926,1704,1560,1370,1282,0,2023-02-11,66.60542277854638,145.2207217550356,"{""type"":""MultiPoint"",""coordinates"":[]}"
1371,1240,132,97,881,571,370,315,289,275,222,240,0,2023-01-15,18.24208502715383,57.218191691638786,"{""type"":""MultiPoint"",""coordinates"":[]}"
1372,1852,4912,3860,1868,2294,2961,3052,3511,3909,3529,4096,0,2023-08-10,16.023595829144327,5.986868324141889,"{""type"":""MultiPoint"",""coordinates"":[]}"
1374,1272,2740,1727,1125,1030,1036,1259,1738,1985,2022,2230,0,2023-11-30,30.313368322501237,-98.56434409001098,"{""type"":""MultiPoint"",""coordinates"":[]}"
1379,1377,371,211,1157,1041,935,1019,950,1023,947,938,0,2023-12-30,14.432616362856969,32.519120006472036,"{""type"":""MultiPoint"",""coordinates"":[]}"
1380,8911,986,1169,8775,7925,8422,8578,8477,8391,8203,8086,0,2023-03-03,-75.80105437863048,130.58594202819978,"{""type"":""MultiPoint"",""coordinates"":[]}"
1381,1448,226,157,1161,758,530,451,424,397,382,341,0,2023-12-10,-5.948954151474704,107.67939884421567,"{""type"":""MultiPoint"",""coordinates"":[]}"
1382,2174,1736,1455,2070,1997,2212,2166,2158,2220,2363,2249,0,2023-12-12,28.36327144671414,89.02085603978014,"{""type"":""MultiPoint"",""coordinates"":[]}"
1383,901,593,264,647,455,297,446,1086,1331,1277,1470,0,2023-10-12,42.54237628910459,2.0909186127184354,"{""type"":""MultiPoint"",""coordinates"":[]}"
1385,1957,4255,3379,2004,2166,2796,3014,3205,3423,3295,3644,0,2023-08-09,30.29492222084195,-105.4913971272878,"{""type"":""MultiPoint"",""coordinates"":[]}"
1389,1192,1622,606,890,822,467,772,2209,2872,2884,3275,0,2023-11-02,6.321699836190295,-3.387637313971889,"{""type"":""MultiPoint"",""coordinates"":[]}"
1390,2482,2558,1751,2195,2017,1913,1944,2633,3201,2879,3477,0,2023-08-07,0.8816669699071945,25.851201036322898,"{""type"":""MultiPoint"",""coordinates"":[]}"
1396,1322,24,16,1044,769,296,215,190,148,126,113,0,2023-04-18,-40.57740917205057,173.029015560982,"{""type"":""MultiPoint"",""coordinates"":[]}"
1401,8597,856,878,8210,7110,7591,7768,7733,7519,7112,7147,0,2023-03-05,-77.32994922379042,67.6351851694465,"{""type"":""MultiPoint"",""coordinates"":[]}"
1404,1457,227,197,970,587,398,351,346,363,252,329,0,2023-03-29,-3.6846656607151873,41.50018085437326,"{""type"":""MultiPoint"",""coordinates"":[]}"
1406,8373,404,397,8043,7109,7323,7273,7193,6956,6580,6721,0,2023-03-06,-72.58251650776485,-9.170488733214686,"{""type"":""MultiPoint"",""coordinates"":[]}"
1408,1472,1668,987,1418,1316,1126,1425,2253,2610,2634,2910,0,2023-05-27,-6.167370228114664,144.0153007176293,"{""type"":""MultiPoint"",""coordinates"":[]}"
1409,1288,1887,1290,1020,886,853,1016,1494,1791,1696,1980,0,2023-07-11,52.984266237000945,52.51931198353996,"{""type"":""MultiPoint"",""coordinates"":[]}"
1419,1571,3368,2363,1341,1265,1359,1539,1838,2104,2095,2439,0,2023-03-06,25.406121082404855,-98.24445611900234,"{""type"":""MultiPoint"",""coordinates"":[]}"
1423,1274,2349,1539,1075,995,966,1205,1723,1929,1884,2122,0,2023-06-09,47.45158482884769,44.468893073615035,"{""type"":""MultiPoint"",""coordinates"":[]}"
1425,1570,5719,4424,1537,2029,3321,3373,3839,4376,3885,4598,0,2023-06-18,14.037658486494212,-3.7736827898880767,"{""type"":""MultiPoint"",""coordinates"":[]}"
1427,1389,75,56,935,529,303,269,225,207,177,174,0,2023-08-22,35.40996388996593,11.85928800839182,"{""type"":""MultiPoint"",""coordinates"":[]}"
1429,1246,2073,1148,955,856,741,1123,1872,2112,2263,2580,0,2023-08-26,64.33314155248978,11.067416010263056,"{""type"":""MultiPoint"",""coordinates"":[]}"
1432,1132,159,165,736,468,301,296,281,312,169,280,0,2023-12-21,-45.67109361023798,-74.95865033281797,"{""type"":""MultiPoint"",""coordinates"":[]}"
1437,1189,2029,947,958,974,766,1063,2565,3228,3298,3655,0,2023-08-07,16.202344856592184,121.05743269646605,"{""type"":""MultiPoint"",""coordinates"":[]}"
1438,1494,425,329,1125,800,632,557,536,552,501,501,0,2023-03-02,9.12322909267345,161.5899916438818,"{""type"":""MultiPoint"",""coordinates"":[]}"
1440,7008,306,269,6746,5930,6147,6244,6105,5689,5019,5421,0,2023-06-01,76.66303921557996,128.5464488222926,"{""type"":""MultiPoint"",""coordinates"":[]}"
1443,1486,2195,1637,1245,978,1066,1151,1194,1266,1297,1411,0,2023-11-10,48.03125250515987,83.08379011754722,"{""type"":""MultiPoint"",""coordinates"":[]}"
1444,1614,44,13,1184,687,350,300,245,216,187,150,0,2023-06-11,-40.35950199103647,174.3086104134661,"{""type"":""MultiPoint"",""coordinates"":[]}"
1446,1627,457,370,1251,883,706,633,625,637,534,623,0,2023-03-24,21.74922058112233,-76.905657196831,"{""type"":""MultiPoint"",""coordinates"":[]}"
1447,1327,2344,1405,1037,932,686,960,1733,2040,1980,2303,0,2023-06-24,18.086906143656506,-90.4824246381768,"{""type"":""MultiPoint"",""coordinates"":[]}"
1449,1527,79,46,1368,1141,488,355,247,241,199,192,0,2023-04-19,-11.8478393091142,130.40917123035118,"{""type"":""MultiPoint"",""coordinates"":[]}"
1451,1499,60,44,938,485,281,230,198,184,153,139,0,2023-04-12,-25.492712001450474,-133.31654916468798,"{""type"":""MultiPoint"",""coordinates"":[]}"
1452,2192,1615,763,1522,1371,1159,1402,2213,2814,2345,2913,0,2023-09-20,6.176955262769227,-3.6128074370340513,"{""type"":""MultiPoint"",""coordinates"":[]}"
1453,1353,2384,1611,1065,874,876,1111,1405,1566,1763,1847,0,2023-03-28,43.04238491212279,26.894784370899227,"{""type"":""MultiPoint"",""coordinates"":[]}"
1455,1293,2576,1452,1162,1134,966,1268,2558,3121,2952,3555,0,2023-06-13,42.30274229952881,19.50351095210847,"{""type"":""MultiPoint"",""coordinates"":[]}"
1457,1837,5207,3915,1711,1999,2988,3232,3574,3984,3841,4372,0,2023-01-12,7.300033594875774,49.441119058903666,"{""type"":""MultiPoint"",""coordinates"":[]}"
1459,1610,253,277,1084,671,475,369,379,327,360,317,0,2023-12-30,19.908664724394768,159.62219372703012,"{""type"":""MultiPoint"",""coordinates"":[]}"
1461,1074,1904,919,845,816,591,952,2351,2867,2863,3182,0,2023-02-27,-16.182477300344473,16.332210938313896,"{""type"":""MultiPoint"",""coordinates"":[]}"
1462,1450,518,499,1088,835,607,617,644,682,465,732,0,2023-12-07,-39.045563612116304,150.07975910532477,"{""type"":""MultiPoint"",""coordinates"":[]}"
1465,1825,602,350,1324,905,761,789,825,908,860,977,0,2023-02-24,40.49345806638723,34.681499660661906,"{""type"":""MultiPoint"",""coordinates"":[]}"
1466,1760,703,535,1672,1376,1124,861,819,781,1061,765,0,2023-11-24,-25.345419748979282,158.227535986096,"{""type"":""MultiPoint"",""coordinates"":[]}"
1470,2972,396,349,2655,2041,2030,1893,2281,2220,2772,2440,0,2023-12-06,55.295093538768036,86.51698986147643,"{""type"":""MultiPoint"",""coordinates"":[]}"
1472,1709,544,401,1435,1277,948,811,766,783,632,769,0,2023-07-25,15.348803330131734,73.71205163755985,"{""type"":""MultiPoint"",""coordinates"":[]}"
1474,1206,2048,1165,930,864,815,1119,1677,1995,1920,2264,0,2023-03-11,-32.80539807108278,115.66010363411014,"{""type"":""MultiPoint"",""coordinates"":[]}"
1480,1506,1767,1336,1274,1284,1627,1766,1787,1909,1763,1870,0,2023-02-25,32.97772152701991,54.4398122078649,"{""type"":""MultiPoint"",""coordinates"":[]}"
1481,1504,2496,1700,1304,1319,1348,1547,2173,2591,2384,2741,0,2023-04-10,21.35095305126378,83.55852375040585,"{""type"":""MultiPoint"",""coordinates"":[]}"
1482,957,886,353,668,549,285,550,1677,1997,2105,2246,0,2023-09-09,36.902346949081206,139.1340636860281,"{""type"":""MultiPoint"",""coordinates"":[]}"
1485,1779,1807,1382,1521,1465,1388,1620,2058,2414,1888,2529,0,2023-01-31,31.05816782285434,29.685555221193162,"{""type"":""MultiPoint"",""coordinates"":[]}"
1493,1406,288,219,1067,725,529,483,465,456,376,417,0,2023-03-09,11.659444379833557,47.96825651898444,"{""type"":""MultiPoint"",""coordinates"":[]}"
1494,1187,490,181,889,634,402,411,924,1300,1273,1397,0,2023-03-27,-6.774390132151747,-67.7634593773196,"{""type"":""MultiPoint"",""coordinates"":[]}"
1497,1219,106,78,860,541,322,285,258,234,208,196,0,2023-06-17,55.03147712829955,-172.48362462148728,"{""type"":""MultiPoint"",""coordinates"":[]}"
1498,1384,1116,554,1031,752,576,858,1387,1616,1638,1776,0,2023-10-15,57.09215956268894,-98.0900918793138,"{""type"":""MultiPoint"",""coordinates"":[]}"
1499,8423,1432,1318,7996,7116,7746,7918,7911,7783,7500,7689,0,2023-04-01,61.84683863253773,-171.8752779431067,"{""type"":""MultiPoint"",""coordinates"":[]}"
1503,7369,1710,1229,4057,3377,3837,4057,4230,4659,3666,4515,0,2023-04-13,68.5396312108367,174.5694246821942,"{""type"":""MultiPoint"",""coordinates"":[]}"
1504,2097,92,67,1595,1021,667,589,540,511,400,417,0,2023-10-07,73.77059205042269,40.05273554077955,"{""type"":""MultiPoint"",""coordinates"":[]}"
1505,2040,3627,3182,1805,1907,2463,2690,2772,2918,2706,2912,0,2023-01-17,44.6378364328172,105.18045914788141,"{""type"":""MultiPoint"",""coordinates"":[]}"
1507,2089,3098,2260,1607,1590,1934,2320,2697,3053,2795,3206,0,2023-04-25,43.060740840329835,-91.47679636677434,"{""type"":""MultiPoint"",""coordinates"":[]}"
1508,1201,1771,890,930,802,654,985,1691,1960,1975,2462,0,2023-06-01,-16.71258714302804,34.02045197112182,"{""type"":""MultiPoint"",""coordinates"":[]}"
1511,1384,187,133,1008,607,405,341,298,299,299,252,0,2023-04-23,-6.142131774439852,103.95730145127587,"{""type"":""MultiPoint"",""coordinates"":[]}"
1515,9484,2335,2287,9582,8448,10192,11355,11144,11318,10243,11423,0,2023-04-12,-71.4218199504516,-58.981193877111814,"{""type"":""MultiPoint"",""coordinates"":[]}"
1516,1423,227,184,1003,573,366,375,353,349,273,334,0,2023-09-07,-9.709023040745542,-156.06493493181048,"{""type"":""MultiPoint"",""coordinates"":[]}"
1520,1166,553,236,793,564,312,518,1193,1286,1058,1518,0,2023-08-22,66.03127687758206,-148.0521077654163,"{""type"":""MultiPoint"",""coordinates"":[]}"
1522,1363,2817,1627,1162,1209,1130,1507,2691,3132,3041,3386,0,2023-07-01,51.22153478014069,-108.92978327446794,"{""type"":""MultiPoint"",""coordinates"":[]}"
1525,1383,1786,1277,1359,1249,1159,1189,1772,2372,1866,2322,0,2023-09-14,-28.49549296378444,-55.21887623410971,"{""type"":""MultiPoint"",""coordinates"":[]}"
1526,1290,2115,1591,997,798,812,884,1040,1142,1151,1259,0,2023-08-17,-32.30462142305149,125.708682720342,"{""type"":""MultiPoint"",""coordinates"":[]}"
1538,1924,2547,2160,1743,1750,1958,2023,2123,2174,2161,2266,0,2023-01-18,38.37326844148303,-116.95333598911608,"{""type"":""MultiPoint"",""coordinates"":[]}"
1540,1472,1572,836,1190,997,790,1041,2302,3049,2720,3349,0,2023-03-01,-11.123349213820752,-73.12116013482117,"{""type"":""MultiPoint"",""coordinates"":[]}"
1541,1897,6211,5177,1990,2714,4172,4240,4563,5008,4708,5228,0,2023-07-05,15.585842160514883,27.719870705723448,"{""type"":""MultiPoint"",""coordinates"":[]}"
1543,1453,21,14,1005,575,301,238,193,180,135,119,0,2023-06-22,-32.799593791765595,15.446262832654314,"{""type"":""MultiPoint"",""coordinates"":[]}"
1545,1062,1133,527,808,711,443,886,1783,2058,2004,2316,0,2023-06-11,66.0116197993402,32.16803720432323,"{""type"":""MultiPoint"",""coordinates"":[]}"
1547,1695,933,387,1142,967,681,836,1538,1987,1927,2216,0,2023-05-14,-8.282428341152835,141.99757028974875,"{""type"":""MultiPoint"",""coordinates"":[]}"
1549,1743,510,392,1288,949,786,626,607,668,609,660,0,2023-11-10,-10.20765261751276,178.44785724111313,"{""type"":""MultiPoint"",""coordinates"":[]}"
1552,1312,402,168,951,706,426,470,982,1256,1131,1296,0,2023-05-08,-17.202373429873138,-63.08411211569418,"{""type"":""MultiPoint"",""coordinates"":[]}"
1555,1464,273,194,1068,691,481,447,400,415,345,394,0,2023-02-19,-0.11012196883193695,-45.874059062993354,"{""type"":""MultiPoint"",""coordinates"":[]}"
1564,1341,1314,523,1007,908,647,994,2144,2600,2522,2909,0,2023-09-22,45.776381975646366,-88.00045864941545,"{""type"":""MultiPoint"",""coordinates"":[]}"
1565,1509,555,405,1225,966,869,686,701,677,621,649,0,2023-11-18,-1.2220006440471514,-87.9332714539551,"{""type"":""MultiPoint"",""coordinates"":[]}"
1567,1339,143,112,917,509,335,302,266,249,212,233,0,2023-02-14,18.026802244836027,-53.5069170748226,"{""type"":""MultiPoint"",""coordinates"":[]}"
1572,2267,4050,3808,2407,2602,2958,3097,3132,3207,3200,3297,0,2023-05-06,29.332252557737572,83.75548472336135,"{""type"":""MultiPoint"",""coordinates"":[]}"
1573,1505,468,368,1172,883,694,617,592,651,546,634,0,2023-11-02,-3.3395871355663544,122.33107116911481,"{""type"":""MultiPoint"",""coordinates"":[]}"
1579,1164,2187,1135,948,969,731,1144,2453,2878,2718,3188,0,2023-08-13,48.959209177490905,112.5612991686591,"{""type"":""MultiPoint"",""coordinates"":[]}"
1582,1306,35,13,915,591,346,290,256,233,181,172,0,2023-08-10,57.65098790496672,146.78677662556123,"{""type"":""MultiPoint"",""coordinates"":[]}"
1583,2063,4907,3658,2193,2492,3049,3211,3572,3998,3769,4315,0,2023-06-19,29.1325004364753,69.24830612709299,"{""type"":""MultiPoint"",""coordinates"":[]}"
1585,3703,745,424,5906,5731,6194,5271,5058,4995,5531,4790,0,2023-06-02,68.7863007097504,76.28598929584506,"{""type"":""MultiPoint"",""coordinates"":[]}"
1589,1954,58,58,1410,802,528,448,398,355,250,272,0,2023-05-19,-49.079772855928816,-178.0644731592206,"{""type"":""MultiPoint"",""coordinates"":[]}"
1590,5973,635,641,5626,4541,5006,5359,5537,5546,5330,5506,0,2023-03-06,68.56310754974555,23.58695470768101,"{""type"":""MultiPoint"",""coordinates"":[]}"
1593,1353,2245,1328,1015,838,785,950,1077,1147,906,1223,0,2023-11-08,25.373842038930828,105.50513975031141,"{""type"":""MultiPoint"",""coordinates"":[]}"
1594,1468,185,147,1076,687,462,391,372,361,324,317,0,2023-02-12,11.909101739592536,112.0817721921342,"{""type"":""MultiPoint"",""coordinates"":[]}"
1596,1437,219,144,985,620,499,353,386,355,268,282,0,2023-04-02,-19.13531462858237,-4.94989775569216,"{""type"":""MultiPoint"",""coordinates"":[]}"
1599,2312,384,408,1572,1300,1122,1278,1281,1231,1054,1168,0,2023-01-30,35.45707442408003,77.97183719878139,"{""type"":""MultiPoint"",""coordinates"":[]}"
1600,1801,2498,1926,1501,1307,1356,1561,1934,2174,1975,2316,0,2023-03-06,34.60132822459246,115.6741066291969,"{""type"":""MultiPoint"",""coordinates"":[]}"
1603,2877,864,561,2651,2671,2972,3015,3020,3223,2933,3268,0,2023-06-08,35.4457302468043,10.497901699246489,"{""type"":""MultiPoint"",""coordinates"":[]}"
1605,1944,2574,2239,1805,1848,2129,2083,2239,2408,2218,2453,0,2023-07-10,45.474547266085246,84.82616035425188,"{""type"":""MultiPoint"",""coordinates"":[]}"
1606,1141,711,334,806,627,360,593,1130,1276,1232,1412,0,2023-08-31,53.445250026401155,-89.82133755409194,"{""type"":""MultiPoint"",""coordinates"":[]}"
1610,7007,938,870,6172,4972,5031,5104,5004,4873,4559,4739,0,2023-09-02,-74.53580951229647,-39.87343626311017,"{""type"":""MultiPoint"",""coordinates"":[]}"
1612,6861,1152,1190,6525,5670,5996,6067,5835,5485,5159,5071,0,2023-09-19,-65.18500916821877,125.54171107308406,"{""type"":""MultiPoint"",""coordinates"":[]}"
1613,2198,3837,3607,2248,2545,3197,3263,3404,3451,3558,3493,0,2023-01-27,39.08517738084449,89.60864617931092,"{""type"":""MultiPoint"",""coordinates"":[]}"
1614,2051,1713,808,1795,1670,1378,1625,3157,3760,3643,4082,0,2023-07-26,51.66374963520469,-112.61999566679918,"{""type"":""MultiPoint"",""coordinates"":[]}"
1615,1166,1872,856,882,863,642,1208,2745,3442,3408,3936,0,2023-01-04,-37.6550014708611,143.8049251472419,"{""type"":""MultiPoint"",""coordinates"":[]}"
1619,1333,114,81,944,550,325,277,261,250,220,199,0,2023-12-10,2.684646383604683,153.30985106893098,"{""type"":""MultiPoint"",""coordinates"":[]}"
1620,2561,577,543,3207,2890,2659,2258,2111,2255,2282,1899,0,2023-12-16,-63.30468372390493,158.16601268766274,"{""type"":""MultiPoint"",""coordinates"":[]}"
1622,1091,1635,532,802,782,385,808,2681,3626,3665,4083,0,2023-12-19,-14.454153092911856,-61.62790059551464,"{""type"":""MultiPoint"",""coordinates"":[]}"
1625,8337,621,643,8085,7111,7386,7659,7615,7353,6991,7044,0,2023-03-06,-78.43854787414111,156.04401742135903,"{""type"":""MultiPoint"",""coordinates"":[]}"
1626,1388,146,69,1041,740,473,439,498,533,433,473,0,2023-08-03,70.07106323968337,-143.66701098928772,"{""type"":""MultiPoint"",""coordinates"":[]}"
1627,1057,1341,540,773,662,385,677,1868,2407,2504,2655,0,2023-06-27,-15.46668880493686,-58.9826088934485,"{""type"":""MultiPoint"",""coordinates"":[]}"
1629,1285,2515,1615,1058,1020,1130,1130,2021,2421,2223,2690,0,2023-04-29,-6.604951875163599,36.61280216465064,"{""type"":""MultiPoint"",""coordinates"":[]}"
1631,1649,674,542,1336,988,846,801,782,818,729,796,0,2023-11-14,-24.924975555785423,-43.57753242007734,"{""type"":""MultiPoint"",""coordinates"":[]}"
1634,6662,1109,1058,6527,5792,6834,7212,7438,7483,7083,7653,0,2023-12-21,56.23248809332571,59.07721081624837,"{""type"":""MultiPoint"",""coordinates"":[]}"
1635,1593,109,67,1285,837,472,419,355,294,265,256,0,2023-03-21,59.00348920858541,-170.8856969665205,"{""type"":""MultiPoint"",""coordinates"":[]}"
1639,1235,1690,789,1080,1000,931,963,2060,2998,1881,2978,0,2023-04-29,-10.553117056681863,-71.64198034441324,"{""type"":""MultiPoint"",""coordinates"":[]}"
1640,2273,5328,4803,2397,2854,3978,4061,4266,4515,4355,4614,0,2023-04-25,24.036115932762392,-9.608765796046585,"{""type"":""MultiPoint"",""coordinates"":[]}"
1642,1216,31,20,891,497,260,205,175,149,129,111,0,2023-10-10,-51.113183764065134,-60.38813159122677,"{""type"":""MultiPoint"",""coordinates"":[]}"
1646,1708,3278,1748,1444,1557,1517,1765,2786,3417,2884,3678,0,2023-08-14,11.477708482966024,-2.0646063095706153,"{""type"":""MultiPoint"",""coordinates"":[]}"
1647,1161,1162,569,837,713,487,851,1635,1964,2193,2265,0,2023-10-15,44.8923031823603,-89.00255854779402,"{""type"":""MultiPoint"",""coordinates"":[]}"
1648,1722,2861,1679,1725,1611,1352,1618,2937,3391,3311,3764,0,2023-07-31,9.07003013645181,6.795293498470024,"{""type"":""MultiPoint"",""coordinates"":[]}"
1649,1594,3147,2121,1625,1731,1883,1745,2553,3165,2889,3515,0,2023-08-27,16.609685971396807,102.67515579226502,"{""type"":""MultiPoint"",""coordinates"":[]}"
1651,1368,2004,1183,1094,977,797,1120,1791,2037,2168,2269,0,2023-04-24,18.190224639956686,73.74381906808074,"{""type"":""MultiPoint"",""coordinates"":[]}"
1653,1330,4297,3564,1115,1199,2306,2660,2945,3089,2884,3139,0,2023-05-06,-24.80847979450676,137.17285293072155,"{""type"":""MultiPoint"",""coordinates"":[]}"
1654,1388,195,143,982,584,388,333,328,322,286,293,0,2023-09-26,16.049068028749222,-59.430836807985976,"{""type"":""MultiPoint"",""coordinates"":[]}"
1656,1790,461,320,1485,1104,982,1049,1201,1252,1242,1295,0,2023-03-06,51.46494744050862,28.436670288755195,"{""type"":""MultiPoint"",""coordinates"":[]}"
1659,1254,2199,1400,1062,1135,1098,1315,2235,2576,2397,2736,0,2023-01-07,-17.23544223293377,127.98112128146556,"{""type"":""MultiPoint"",""coordinates"":[]}"
1663,1643,4013,3331,1620,1899,2440,2626,2951,3189,3120,3343,0,2023-06-28,41.88332166105657,108.83604590599164,"{""type"":""MultiPoint"",""coordinates"":[]}"
1667,1343,2562,1594,1102,983,969,1138,1617,1876,1923,2209,0,2023-10-10,37.77336173679318,12.71575918975806,"{""type"":""MultiPoint"",""coordinates"":[]}"
1669,1119,1607,765,859,794,525,887,1839,2185,2062,2397,0,2023-03-08,-20.61498625478622,-62.635000362433786,"{""type"":""MultiPoint"",""coordinates"":[]}"
1672,1045,1644,556,791,764,433,858,2482,3188,2943,3465,0,2023-03-12,-11.247261641406462,-51.94837566840205,"{""type"":""MultiPoint"",""coordinates"":[]}"
1673,3437,2295,1736,3902,3547,3647,3743,4214,4370,4529,4393,0,2023-10-10,53.507258354869776,9.69095141883406,"{""type"":""MultiPoint"",""coordinates"":[]}"
1674,8506,512,599,8359,7367,7835,7776,7599,7527,7520,7300,0,2023-03-13,56.37285624432212,-82.5979079169763,"{""type"":""MultiPoint"",""coordinates"":[]}"
1675,2001,3582,2961,1933,2116,2612,2588,2722,2928,2669,2967,0,2023-09-12,21.55545957587066,58.12575642311622,"{""type"":""MultiPoint"",""coordinates"":[]}"
1676,4672,3701,2636,4164,3879,4023,4003,4059,4250,3883,4393,1024,2023-08-26,4.128463751631944,172.534620285693,"{""type"":""MultiPoint"",""coordinates"":[]}"
1677,4721,123,92,3890,3865,3538,3745,3609,3405,3167,3204,0,2023-04-29,52.250895145567796,-85.13023784690563,"{""type"":""MultiPoint"",""coordinates"":[]}"
1678,1173,2310,1442,1442,1315,1267,1322,1828,2023,2392,2158,0,2023-12-05,-5.4142465173239644,36.61561893823712,"{""type"":""MultiPoint"",""coordinates"":[]}"
1680,1243,1716,648,991,982,592,1099,3196,3983,3766,4362,0,2023-07-07,56.97401406292155,82.22363803813971,"{""type"":""MultiPoint"",""coordinates"":[]}"
1682,1922,186,119,1390,843,553,512,452,444,404,349,0,2023-01-30,54.63416137742495,178.68610461523238,"{""type"":""MultiPoint"",""coordinates"":[]}"
1684,1388,256,203,1074,716,499,416,402,416,360,382,0,2023-02-10,-40.63816583313122,-12.252074407769799,"{""type"":""MultiPoint"",""coordinates"":[]}"
1686,1665,6245,5137,1581,2148,3750,4074,4408,4625,4311,4486,0,2023-12-17,21.318077370118704,21.869194855008445,"{""type"":""MultiPoint"",""coordinates"":[]}"
1689,1499,453,332,1220,854,698,582,574,617,550,577,0,2023-01-26,-7.584237899918863,121.76263922391252,"{""type"":""MultiPoint"",""coordinates"":[]}"
1690,1298,1740,650,981,909,566,1064,2684,3508,3191,3947,0,2023-10-11,1.2958803430782964,-63.00389781537205,"{""type"":""MultiPoint"",""coordinates"":[]}"
1691,1365,62,43,896,484,261,220,195,172,136,138,0,2023-03-31,-11.451412133674966,167.45496774880593,"{""type"":""MultiPoint"",""coordinates"":[]}"
1695,5390,62,39,5586,4756,3627,2408,2202,2015,2550,1609,0,2023-07-02,76.92515030946414,-91.63481467508637,"{""type"":""MultiPoint"",""coordinates"":[]}"
1697,9918,1149,1179,9772,9054,9423,9559,9503,9416,9164,9207,0,2023-01-22,-72.62925751061235,129.59729470638197,"{""type"":""MultiPoint"",""coordinates"":[]}"
1700,1324,2217,1447,1101,1003,1274,1574,1960,2217,2140,2536,0,2023-07-08,-20.98822343920508,45.62540930531232,"{""type"":""MultiPoint"",""coordinates"":[]}"
1701,8547,440,452,8478,7976,8403,8328,8344,8196,7646,7980,0,2023-04-11,67.1011822367175,-171.1083921923343,"{""type"":""MultiPoint"",""coordinates"":[]}"
1702,1795,771,562,1582,1138,1010,944,913,886,930,832,0,2023-07-15,12.931289192918207,169.26956849060724,"{""type"":""MultiPoint"",""coordinates"":[]}"
1703,8036,870,936,7624,6483,7152,7525,7630,7516,7299,7385,0,2023-03-19,-72.95225580705613,73.67243403897925,"{""type"":""MultiPoint"",""coordinates"":[]}"
1704,9644,709,770,9367,8584,8909,9140,9015,8793,8535,8603,0,2023-01-26,-70.76643092418257,149.07412869492828,"{""type"":""MultiPoint"",""coordinates"":[]}"
1705,1321,245,188,970,648,423,378,362,379,303,348,0,2023-06-26,11.264178719903722,80.01573156476002,"{""type"":""MultiPoint"",""coordinates"":[]}"
1708,1269,42,19,922,587,341,290,275,254,209,214,0,2023-08-23,54.91729282570802,-132.65157911411194,"{""type"":""MultiPoint"",""coordinates"":[]}"
1711,1599,3138,2147,1401,1384,1679,1864,2046,2298,2291,2599,0,2023-02-24,13.693630085169335,-8.52525856810498,"{""type"":""MultiPoint"",""coordinates"":[]}"
1713,1188,1642,827,1024,1217,794,1832,4010,4578,4607,4906,0,2023-08-02,65.48029644499846,82.88098806986511,"{""type"":""MultiPoint"",""coordinates"":[]}"
1715,1579,379,296,1175,789,622,552,533,543,448,527,0,2023-03-17,11.297430580827172,-83.58124099434957,"{""type"":""MultiPoint"",""coordinates"":[]}"
1717,8532,876,907,8293,7400,8178,8398,8443,8361,8043,8242,0,2023-03-15,56.44886623778236,140.46992144631125,"{""type"":""MultiPoint"",""coordinates"":[]}"
1719,1321,207,153,959,672,416,407,364,360,294,327,0,2023-08-14,38.31038764672435,49.56314864861608,"{""type"":""MultiPoint"",""coordinates"":[]}"
1720,1529,363,244,1157,766,577,517,508,523,453,465,0,2023-11-05,-17.36801863160032,50.49111775210954,"{""type"":""MultiPoint"",""coordinates"":[]}"
1722,1666,58,46,1143,675,398,335,301,265,215,203,0,2023-06-18,-36.7327143367484,-15.739409049711877,"{""type"":""MultiPoint"",""coordinates"":[]}"
1725,1468,38,20,1038,585,338,253,238,208,156,136,0,2023-12-25,38.98614685867117,11.398345463378037,"{""type"":""MultiPoint"",""coordinates"":[]}"
1726,2248,1470,1400,2110,1768,1710,1652,1648,1646,1643,1656,0,2023-05-07,58.426167206459006,142.0479083268784,"{""type"":""MultiPoint"",""coordinates"":[]}"
1727,1341,2550,2214,1137,1024,1151,1192,1310,1444,1485,1645,0,2023-04-28,51.9683914401719,48.42717851880277,"{""type"":""MultiPoint"",""coordinates"":[]}"
1735,1526,3127,2883,1392,1496,1825,1985,2091,2206,2074,2222,0,2023-10-12,43.932415501726624,103.89071506891952,"{""type"":""MultiPoint"",""coordinates"":[]}"
1736,1142,1211,628,870,779,678,1211,1883,2361,2434,2986,0,2023-07-17,62.07525680708461,77.87804535477727,"{""type"":""MultiPoint"",""coordinates"":[]}"
1737,1629,220,177,1030,607,378,390,338,313,307,329,0,2023-11-10,-27.836630049535813,-133.99345031928277,"{""type"":""MultiPoint"",""coordinates"":[]}"
1741,2142,167,114,1589,1041,737,664,620,570,460,456,0,2023-09-10,75.49438619737934,16.677459979907148,"{""type"":""MultiPoint"",""coordinates"":[]}"
1742,1754,3879,2428,1463,1416,1578,1780,2291,2707,2594,3206,0,2023-09-08,-5.319802510765817,-47.92177985829439,"{""type"":""MultiPoint"",""coordinates"":[]}"
1743,1554,3570,2491,1348,1251,1512,1629,1784,1909,2039,2200,0,2023-12-29,33.76569084833681,-117.20987603113926,"{""type"":""MultiPoint"",""coordinates"":[]}"
1744,2008,2283,1480,1549,1121,1139,1342,1560,1693,1674,2015,0,2023-10-06,68.7260054618441,167.2350028118859,"{""type"":""MultiPoint"",""coordinates"":[]}"
1746,5116,182,153,4442,3814,3620,3387,3051,2713,2519,2702,0,2023-06-27,79.19201369678352,27.153960759610626,"{""type"":""MultiPoint"",""coordinates"":[]}"
1755,2190,5985,4440,2411,3044,4296,4259,4532,5021,4843,5399,0,2023-03-28,9.256561923552068,48.52408850655787,"{""type"":""MultiPoint"",""coordinates"":[]}"
1756,1450,383,275,1171,763,551,492,456,460,505,469,0,2023-06-18,9.98309379368626,81.21242315178277,"{""type"":""MultiPoint"",""coordinates"":[]}"
1762,4355,3029,2276,3569,3015,3501,3735,3927,4082,2976,4250,0,2023-04-18,-61.66711561373692,-57.35663411087011,"{""type"":""MultiPoint"",""coordinates"":[]}"
1765,1391,337,254,1024,690,538,486,456,465,357,454,0,2023-09-08,-3.817258915380069,152.15756061032522,"{""type"":""MultiPoint"",""coordinates"":[]}"
1767,1641,4478,3368,1625,1785,2390,2900,2944,3013,2615,3140,0,2023-08-03,25.778548761094637,4.1886133010908555,"{""type"":""MultiPoint"",""coordinates"":[]}"
1768,3643,3542,2578,3133,3062,3220,3528,4148,4794,3851,5040,0,2023-03-05,-0.795323746234845,-50.70807072739945,"{""type"":""MultiPoint"",""coordinates"":[]}"
1769,1209,1574,582,882,804,425,949,2656,3310,3207,3634,0,2023-09-08,45.21677844256913,-69.36995362165224,"{""type"":""MultiPoint"",""coordinates"":[]}"
1771,1545,262,198,1103,701,532,454,432,422,374,381,0,2023-02-11,10.237328213488084,165.49038709674068,"{""type"":""MultiPoint"",""coordinates"":[]}"
1773,2639,143,81,1651,1026,668,709,912,904,724,867,0,2023-01-08,52.194605903703405,-70.26303798882891,"{""type"":""MultiPoint"",""coordinates"":[]}"
1779,1048,882,320,741,549,321,494,1365,1779,1763,1994,0,2023-03-25,-23.381550484107244,46.888142671870526,"{""type"":""MultiPoint"",""coordinates"":[]}"
1780,1627,101,52,1177,743,465,390,357,326,274,245,0,2023-10-02,63.19844646599192,-176.31440197779625,"{""type"":""MultiPoint"",""coordinates"":[]}"
1781,1515,230,181,1306,913,480,413,368,370,330,341,0,2023-09-16,-17.7984782051115,-38.87383373902456,"{""type"":""MultiPoint"",""coordinates"":[]}"
1786,1088,1373,551,847,769,494,829,1946,2352,2369,2746,0,2023-01-28,-11.310393847233653,30.99394148267323,"{""type"":""MultiPoint"",""coordinates"":[]}"
1787,1682,559,417,1298,844,727,677,642,678,592,628,0,2023-10-19,-9.08730526797803,-17.439995563150873,"{""type"":""MultiPoint"",""coordinates"":[]}"
1788,1413,18,17,953,548,297,257,223,194,139,127,0,2023-10-15,52.64081678635489,-130.91352201137903,"{""type"":""MultiPoint"",""coordinates"":[]}"
1789,1376,1748,732,1053,918,617,880,2300,2964,3005,3321,0,2023-04-22,19.647586850286054,104.45640232710797,"{""type"":""MultiPoint"",""coordinates"":[]}"
1792,1684,2515,2087,1551,1455,1658,1802,1941,2050,2054,2206,0,2023-03-21,39.3013918888828,42.028386527621706,"{""type"":""MultiPoint"",""coordinates"":[]}"
1794,2325,1045,1199,1295,914,937,1087,1208,1408,422,1563,0,2023-07-17,-38.94710964975375,-10.391006461042547,"{""type"":""MultiPoint"",""coordinates"":[]}"
1795,1065,1277,440,783,647,368,634,2012,2606,2389,3061,0,2023-01-16,0.28954051070801773,-69.55897900629903,"{""type"":""MultiPoint"",""coordinates"":[]}"
1796,1515,2553,1621,1254,1116,1138,1383,1660,1865,1793,2135,0,2023-01-07,9.160578284115429,4.5510175385065645,"{""type"":""MultiPoint"",""coordinates"":[]}"
1799,1298,2130,1476,973,936,946,1391,2260,2579,2668,2830,0,2023-01-30,25.01163387202262,100.51545081115071,"{""type"":""MultiPoint"",""coordinates"":[]}"
1804,1557,562,470,1245,918,772,714,708,709,590,711,0,2023-07-06,42.73130314369898,28.942867130622176,"{""type"":""MultiPoint"",""coordinates"":[]}"
1806,1475,2511,1775,1231,1061,1134,1269,1601,1784,2080,2038,0,2023-01-26,30.428005667065637,119.20140224460512,"{""type"":""MultiPoint"",""coordinates"":[]}"
1808,1540,532,412,1236,945,754,674,663,685,622,658,0,2023-11-16,-8.199796221537094,124.33724745678204,"{""type"":""MultiPoint"",""coordinates"":[]}"
1810,1578,3159,2715,1421,1438,1801,2015,2159,2349,2533,2577,0,2023-12-18,33.8876235604569,-106.2769017905719,"{""type"":""MultiPoint"",""coordinates"":[]}"
1814,1158,2011,993,920,954,689,1137,2547,3036,2986,3370,0,2023-01-05,-37.23776222445475,-58.026240506334545,"{""type"":""MultiPoint"",""coordinates"":[]}"
1817,4778,146,112,4584,3872,4040,3927,3460,3034,2787,2681,0,2023-04-17,-65.2677575189128,89.0002443701582,"{""type"":""MultiPoint"",""coordinates"":[]}"
1818,1219,2820,1878,1014,989,1073,1212,1636,1881,1816,2126,0,2023-11-25,-15.898514139531168,125.17531179586668,"{""type"":""MultiPoint"",""coordinates"":[]}"
1819,1234,2095,966,989,865,794,986,1501,1810,1707,2121,0,2023-09-03,-12.689734669670546,-67.47420815147608,"{""type"":""MultiPoint"",""coordinates"":[]}"
1820,1285,1960,1185,1047,977,856,1045,1801,2138,2069,2404,0,2023-06-06,32.40234317807774,-98.58049187388373,"{""type"":""MultiPoint"",""coordinates"":[]}"
1821,1624,3055,2559,1620,1830,2291,2239,2357,2497,2644,2491,0,2023-09-09,33.56291487714718,62.449750495105704,"{""type"":""MultiPoint"",""coordinates"":[]}"
1828,2139,2105,1479,1747,1463,1596,1693,1848,1999,2107,2244,0,2023-01-04,41.169752952217245,123.64959256159426,"{""type"":""MultiPoint"",""coordinates"":[]}"
1829,1487,184,126,1082,703,488,426,393,390,315,341,0,2023-03-23,2.5337567219621704,4.275008948438766,"{""type"":""MultiPoint"",""coordinates"":[]}"
1830,2770,4744,3465,3371,3137,3265,3348,3776,4056,4094,4318,0,2023-09-13,2.7312758953528062,-61.05576135128162,"{""type"":""MultiPoint"",""coordinates"":[]}"
1833,1865,51,42,1165,776,472,462,353,354,288,289,0,2023-01-12,-68.06565371995055,78.72645566564908,"{""type"":""MultiPoint"",""coordinates"":[]}"
1837,1530,2740,2251,1337,1386,1790,1863,1941,1989,1854,1923,0,2023-05-22,29.060884786683175,-8.498594622814716,"{""type"":""MultiPoint"",""coordinates"":[]}"
1838,1379,1659,834,1054,904,653,1050,2039,2400,2506,2723,0,2023-11-02,25.223052804938522,78.34778773093909,"{""type"":""MultiPoint"",""coordinates"":[]}"
1843,1524,2075,1288,1109,817,748,874,1129,1296,1218,1507,0,2023-10-04,54.07955303177037,-61.37851654126634,"{""type"":""MultiPoint"",""coordinates"":[]}"
1844,1963,5915,4673,2023,2561,3462,3526,3971,4614,4231,5011,0,2023-08-05,13.357475371905984,15.225403723610073,"{""type"":""MultiPoint"",""coordinates"":[]}"
1845,1509,490,397,1258,852,687,626,625,654,604,627,0,2023-10-03,-3.979154288877336,119.34925704602026,"{""type"":""MultiPoint"",""coordinates"":[]}"
1850,6753,820,932,6329,5142,5896,6174,6326,6495,6087,6503,0,2023-03-02,65.718844479578,-142.1224117607489,"{""type"":""MultiPoint"",""coordinates"":[]}"
1852,1591,2659,2081,1346,1130,1213,1349,1471,1609,1556,1802,0,2023-01-15,39.70482659692926,-87.9956794185282,"{""type"":""MultiPoint"",""coordinates"":[]}"
1855,1333,81,61,906,496,291,240,203,204,168,163,0,2023-02-02,-34.40762280175803,113.49067649308995,"{""type"":""MultiPoint"",""coordinates"":[]}"
1856,1032,1059,356,737,607,349,550,1680,2321,2212,2696,0,2023-11-06,1.876055436592648,16.536493258947708,"{""type"":""MultiPoint"",""coordinates"":[]}"
1858,1564,1959,1581,1096,1016,1044,1145,1995,2285,2922,2510,0,2023-06-15,-29.66868461788284,-51.08257926737353,"{""type"":""MultiPoint"",""coordinates"":[]}"
1861,1881,3667,3276,1962,2129,2449,2614,2718,2885,2938,3125,0,2023-06-29,42.428643071243016,83.02118943582217,"{""type"":""MultiPoint"",""coordinates"":[]}"
1864,1805,2320,1524,1494,1283,1572,1456,1582,1647,2190,1792,0,2023-12-27,48.461642960850874,-111.7709406574674,"{""type"":""MultiPoint"",""coordinates"":[]}"
1872,1348,211,157,931,576,414,348,340,345,231,320,0,2023-04-09,1.0927026438616594,-177.51611314829316,"{""type"":""MultiPoint"",""coordinates"":[]}"
1874,4754,2596,2195,4364,3563,3789,3982,4163,4348,4107,4351,0,2023-01-22,57.175098494080515,-109.04147692855793,"{""type"":""MultiPoint"",""coordinates"":[]}"
1876,1343,266,216,956,649,451,388,392,390,323,356,0,2023-07-17,1.2276304569031002,-29.55369273384205,"{""type"":""MultiPoint"",""coordinates"":[]}"
1877,1275,139,103,987,660,405,327,309,264,343,225,0,2023-10-23,-32.28017724956879,-72.96050636207652,"{""type"":""MultiPoint"",""coordinates"":[]}"
1878,1419,1648,798,959,766,592,1097,1932,2203,1934,2543,0,2023-08-24,65.08987487252898,-101.53943125754951,"{""type"":""MultiPoint"",""coordinates"":[]}"
1880,1335,1196,678,1093,957,715,950,2135,2711,2773,3052,0,2023-07-19,-16.76301655865919,178.95639042855208,"{""type"":""MultiPoint"",""coordinates"":[]}"
1881,5916,64,37,4806,3112,2536,2275,2059,1900,1502,1481,0,2023-11-02,61.26833979762517,172.49609529589765,"{""type"":""MultiPoint"",""coordinates"":[]}"
1884,4435,1122,832,4502,4394,4604,4355,4315,4297,4496,4516,0,2023-03-22,56.14573078424728,67.72301562743739,"{""type"":""MultiPoint"",""coordinates"":[]}"
1889,1443,346,274,1102,776,588,532,516,501,466,485,0,2023-03-23,12.541491779785948,91.31722329471609,"{""type"":""MultiPoint"",""coordinates"":[]}"
1895,1225,134,101,891,528,341,303,277,243,217,206,0,2023-01-30,14.007396319410777,-59.39828808842778,"{""type"":""MultiPoint"",""coordinates"":[]}"
1896,1369,2289,1769,1225,1218,1510,1406,1514,1694,1611,1752,0,2023-12-11,-8.192655278748397,-78.80285512345878,"{""type"":""MultiPoint"",""coordinates"":[]}"
1901,1594,3188,2569,1301,1407,2154,2309,2510,2575,2370,2543,0,2023-01-04,18.492704467717054,23.212567238699616,"{""type"":""MultiPoint"",""coordinates"":[]}"
1902,1914,2461,1894,1836,1819,2053,2155,2242,2382,2262,2444,0,2023-03-17,-35.47749866284942,-69.09940025895598,"{""type"":""MultiPoint"",""coordinates"":[]}"
1904,1426,62,47,970,589,338,291,269,234,197,189,0,2023-01-23,26.514645636191123,127.82231765718709,"{""type"":""MultiPoint"",""coordinates"":[]}"
1905,1145,1961,902,922,939,618,1206,2835,3397,3311,3866,0,2023-02-08,-43.37407958692705,170.12795317045482,"{""type"":""MultiPoint"",""coordinates"":[]}"
1912,1568,2044,1424,1155,1151,1126,1772,2380,2718,2891,2825,0,2023-11-06,33.43345651827682,-104.52059086238755,"{""type"":""MultiPoint"",""coordinates"":[]}"
1913,1309,251,190,1024,683,481,437,423,407,381,358,0,2023-09-28,-26.1757862705693,47.10119810603641,"{""type"":""MultiPoint"",""coordinates"":[]}"
1914,1498,588,421,1229,932,835,727,701,738,644,715,0,2023-08-21,-0.02634991029725617,124.43530623521112,"{""type"":""MultiPoint"",""coordinates"":[]}"
1915,1422,110,81,955,533,324,266,247,245,191,188,0,2023-08-18,-25.548536767299428,-124.9700635598037,"{""type"":""MultiPoint"",""coordinates"":[]}"
1917,1367,267,203,1027,724,516,473,436,441,345,392,0,2023-09-15,35.57139903121428,129.82750511776388,"{""type"":""MultiPoint"",""coordinates"":[]}"
1920,1324,34,24,853,446,234,183,156,150,111,109,0,2023-02-15,-29.904331328813413,155.79720896667718,"{""type"":""MultiPoint"",""coordinates"":[]}"
1922,1391,128,95,925,516,307,276,247,264,163,238,0,2023-12-08,-7.559421895227657,67.51213575250524,"{""type"":""MultiPoint"",""coordinates"":[]}"
1923,2632,502,457,2108,1642,1472,1664,2070,2177,2108,2167,0,2023-11-12,53.061061198198324,-66.73358297918611,"{""type"":""MultiPoint"",""coordinates"":[]}"
1924,1554,878,458,1263,1035,805,820,1374,1729,1638,1892,0,2023-02-05,2.837798274984062,114.2767716771832,"{""type"":""MultiPoint"",""coordinates"":[]}"
1930,2851,2423,2037,2820,2699,2691,2582,2588,2670,2565,2666,0,2023-08-22,23.39851258818169,68.08015733783314,"{""type"":""MultiPoint"",""coordinates"":[]}"
1933,3474,141,86,3485,2762,921,620,416,413,333,331,0,2023-03-23,24.02471088964608,-77.89167703768858,"{""type"":""MultiPoint"",""coordinates"":[]}"
1934,1283,62,39,861,486,266,219,196,179,147,145,0,2023-05-19,-2.256071448726705,75.20976151911441,"{""type"":""MultiPoint"",""coordinates"":[]}"
1936,1821,3508,3335,1769,1975,2451,2569,2655,2806,2679,2826,0,2023-06-18,30.948133210942064,63.59563611512039,"{""type"":""MultiPoint"",""coordinates"":[]}"
1937,1627,333,258,1202,801,606,549,534,527,469,492,0,2023-01-27,-3.6828633004662557,99.11599356249549,"{""type"":""MultiPoint"",""coordinates"":[]}"
1939,1764,236,196,1278,790,566,511,480,456,370,402,0,2023-08-27,-50.398068415028106,165.0003947139797,"{""type"":""MultiPoint"",""coordinates"":[]}"
1942,1285,2218,1291,1115,1168,1002,1441,2626,3040,2981,3331,0,2023-06-24,39.60182130731764,44.93108142156198,"{""type"":""MultiPoint"",""coordinates"":[]}"
1944,1172,2714,1738,1121,1319,1459,1769,2663,2956,3144,3201,0,2023-08-05,29.703838917294167,89.78836190466986,"{""type"":""MultiPoint"",""coordinates"":[]}"
1950,1719,1991,928,1346,1259,974,1275,3007,4210,3711,4677,0,2023-01-13,7.024066216167922,126.28738468880597,"{""type"":""MultiPoint"",""coordinates"":[]}"
1952,1674,2758,2702,1569,1640,1940,2042,2118,2208,2059,2164,0,2023-04-14,32.80121142243332,55.535315669830545,"{""type"":""MultiPoint"",""coordinates"":[]}"
1955,9852,1025,994,9783,9012,9751,9921,9944,9853,9435,9620,0,2023-05-21,75.17961007292996,-98.0274785939492,"{""type"":""MultiPoint"",""coordinates"":[]}"
1958,3363,3064,2070,3371,3118,2987,2942,3700,4392,4126,4617,0,2023-02-07,-9.70150665675636,-67.98889038908605,"{""type"":""MultiPoint"",""coordinates"":[]}"
1959,1178,115,89,883,554,340,264,229,209,226,186,0,2023-02-16,26.987651741424973,-111.05079548622903,"{""type"":""MultiPoint"",""coordinates"":[]}"
1960,3332,2363,2765,2588,2340,2326,2382,2386,2498,2173,2558,0,2023-11-20,-65.1020783764378,156.75602199288872,"{""type"":""MultiPoint"",""coordinates"":[]}"
1962,1943,4330,3995,1992,2334,3020,3119,3332,3530,3329,3613,0,2023-11-21,21.60042645378152,40.85384760971036,"{""type"":""MultiPoint"",""coordinates"":[]}"
1963,1927,148,121,1381,874,588,515,488,432,365,356,0,2023-11-08,56.43230432696642,-174.96266266073266,"{""type"":""MultiPoint"",""coordinates"":[]}"
1964,1566,309,205,1177,821,613,540,521,536,443,496,0,2023-12-23,9.087826254271596,-46.310750971704024,"{""type"":""MultiPoint"",""coordinates"":[]}"
1967,1548,2846,2593,1337,1225,1422,1524,1620,1766,1810,1958,0,2023-05-23,46.869976355284486,124.97184124624327,"{""type"":""MultiPoint"",""coordinates"":[]}"
1974,4475,631,600,2895,2132,1984,2343,2326,2270,1948,2031,0,2023-12-28,47.64225848427143,84.07731448736547,"{""type"":""MultiPoint"",""coordinates"":[]}"
1975,1164,2223,904,896,939,573,1170,2906,3515,3312,3931,0,2023-11-24,-4.978450529756188,18.552078280454474,"{""type"":""MultiPoint"",""coordinates"":[]}"
1976,1210,2768,1685,1017,883,947,1182,1633,1885,2038,2281,0,2023-07-24,-28.264352621114913,-50.52002469300357,"{""type"":""MultiPoint"",""coordinates"":[]}"
1979,1482,65,38,1036,610,346,294,245,212,169,168,0,2023-07-01,-33.22960284288397,-74.84588930300745,"{""type"":""MultiPoint"",""coordinates"":[]}"
1980,1245,2015,1073,1070,908,845,1156,1822,2115,2170,2393,0,2023-09-16,56.84030492023159,-72.96739025219922,"{""type"":""MultiPoint"",""coordinates"":[]}"
1983,1237,916,457,886,658,450,540,977,1108,1256,1326,0,2023-11-25,26.610120621477268,113.02102454082565,"{""type"":""MultiPoint"",""coordinates"":[]}"
1985,1477,469,392,1191,903,731,695,666,667,625,635,0,2023-09-15,20.751299268342894,61.04080097102804,"{""type"":""MultiPoint"",""coordinates"":[]}"
1991,1677,471,340,1294,871,679,632,604,598,559,585,0,2023-10-11,21.77907498092602,-158.93471819933703,"{""type"":""MultiPoint"",""coordinates"":[]}"
1992,1230,218,124,1010,927,680,809,741,817,703,595,0,2023-01-31,-20.135976468377287,144.83717138750794,"{""type"":""MultiPoint"",""coordinates"":[]}"
1996,1335,60,46,889,467,277,227,208,187,131,143,0,2023-05-12,-18.55212225004051,50.64552562141376,"{""type"":""MultiPoint"",""coordinates"":[]}"
1998,1728,1633,968,1305,1004,803,1131,1784,2005,1928,2241,0,2023-01-23,45.743106079524445,12.62340605113655,"{""type"":""MultiPoint"",""coordinates"":[]}"
2000,5920,773,803,5523,4869,5478,5676,5906,6010,5574,5918,0,2023-12-13,43.92158707155511,127.29955370141654,"{""type"":""MultiPoint"",""coordinates"":[]}"
2001,1944,925,818,1542,1191,1054,1011,1009,1065,953,1104,0,2023-12-24,-17.157523929000973,-146.85898752486716,"{""type"":""MultiPoint"",""coordinates"":[]}"
2003,1875,1122,912,1601,1315,1080,1163,1166,1260,1083,1247,0,2023-09-24,-2.0495752646993046,-87.7194760611387,"{""type"":""MultiPoint"",""coordinates"":[]}"
2004,4151,459,283,4083,3288,3156,3013,3080,3023,2937,2905,0,2023-11-20,54.18102532246057,139.66138446385085,"{""type"":""MultiPoint"",""coordinates"":[]}"
2005,1191,3056,2122,995,967,1320,1508,1883,2178,2080,2401,0,2023-01-25,-23.65366491632007,113.69003133474375,"{""type"":""MultiPoint"",""coordinates"":[]}"
2008,1612,537,421,1331,1015,793,669,651,675,669,690,0,2023-02-09,-8.336691485581406,149.8361626492563,"{""type"":""MultiPoint"",""coordinates"":[]}"
2010,9572,849,864,9379,8622,9010,8973,8999,8904,8447,8669,0,2023-07-30,76.45975873017458,-53.00076899185412,"{""type"":""MultiPoint"",""coordinates"":[]}"
2012,1464,357,283,1074,707,507,468,471,498,384,480,0,2023-07-04,10.354741463230917,110.31611245793799,"{""type"":""MultiPoint"",""coordinates"":[]}"
2013,1772,2685,2043,1738,1804,2004,1986,2524,3006,2685,3119,0,2023-06-04,30.394427942766065,72.01766742462468,"{""type"":""MultiPoint"",""coordinates"":[]}"
2019,1272,20,6,873,465,241,192,166,139,116,104,0,2023-09-18,-39.49380022896667,-77.07464954397868,"{""type"":""MultiPoint"",""coordinates"":[]}"
2023,2171,5474,4082,2232,2822,3995,4174,4392,4611,4366,4618,0,2023-02-28,15.128505796142878,4.403886145911448,"{""type"":""MultiPoint"",""coordinates"":[]}"
2027,1430,2773,2745,1290,1342,1684,1732,1806,1946,1880,2076,0,2023-08-18,17.567904111675343,44.01666786693121,"{""type"":""MultiPoint"",""coordinates"":[]}"
2029,1827,1021,487,1270,1113,883,1293,2414,2740,2695,3008,0,2023-04-30,50.94667136296843,-63.683413078603785,"{""type"":""MultiPoint"",""coordinates"":[]}"
2030,1258,3201,2583,1050,1039,1848,2016,2282,2446,2319,2505,0,2023-12-13,-28.55086744541826,126.43874734805784,"{""type"":""MultiPoint"",""coordinates"":[]}"
2034,2504,1725,1386,2412,1950,2048,1931,1963,2068,1836,2109,0,2023-07-22,-44.14324694432646,165.98842457078143,"{""type"":""MultiPoint"",""coordinates"":[]}"
2036,1436,3841,2789,1611,1855,2641,2447,2703,3075,3503,3440,0,2023-10-27,-34.40779729068816,138.52590138646988,"{""type"":""MultiPoint"",""coordinates"":[]}"
2040,1616,7034,5795,1638,2307,4356,4682,5009,5417,5136,5540,0,2023-06-11,24.009665840418155,11.616860240782728,"{""type"":""MultiPoint"",""coordinates"":[]}"
2046,1957,4931,4075,2025,2494,3427,3449,3690,4008,3636,4122,0,2023-09-06,22.381469645885318,3.707834811448609,"{""type"":""MultiPoint"",""coordinates"":[]}"
2049,1129,1373,622,862,733,498,836,2001,2484,2452,2786,0,2023-07-11,60.18074972438669,15.572974123019128,"{""type"":""MultiPoint"",""coordinates"":[]}"
2052,1192,437,182,838,619,374,442,892,1110,938,1180,0,2023-06-03,5.380564200238036,-60.83119455601812,"{""type"":""MultiPoint"",""coordinates"":[]}"
2054,1727,779,608,1436,1127,1063,909,933,920,871,931,0,2023-08-15,37.532098788429224,-27.29192165487919,"{""type"":""MultiPoint"",""coordinates"":[]}"
2055,1837,5976,5105,1817,2363,3855,4173,4634,4850,4590,4860,0,2023-02-05,26.80679271089854,39.68157197822393,"{""type"":""MultiPoint"",""coordinates"":[]}"
2056,1721,6045,5340,1745,2379,3706,4032,4364,4655,4464,4710,0,2023-01-10,21.768108576466123,23.772248721043088,"{""type"":""MultiPoint"",""coordinates"":[]}"
2058,2088,5765,5134,2154,2701,4008,4196,4473,4801,4566,4933,0,2023-10-06,25.714874234964736,-7.1639114614646955,"{""type"":""MultiPoint"",""coordinates"":[]}"
2060,4469,212,215,3151,2255,1925,2134,2137,2157,1752,1994,0,2023-02-28,56.497926123411936,-74.71639044907784,"{""type"":""MultiPoint"",""coordinates"":[]}"
2061,2573,1267,850,2299,1804,1664,1610,1601,1627,1594,1628,0,2023-09-02,-15.557201492573178,-174.55101451117153,"{""type"":""MultiPoint"",""coordinates"":[]}"
2065,1250,118,98,902,564,330,281,256,242,192,214,0,2023-03-31,-15.170273625951333,139.1332985793131,"{""type"":""MultiPoint"",""coordinates"":[]}"
2067,8779,552,601,8489,7501,8131,8402,8378,8294,7848,8068,0,2023-03-04,56.66966753364423,-83.60658092403862,"{""type"":""MultiPoint"",""coordinates"":[]}"
2070,8750,1030,1032,8539,7592,8204,8487,8527,8415,7999,8270,0,2023-09-04,-67.26680926968812,131.28223507544303,"{""type"":""MultiPoint"",""coordinates"":[]}"
2071,1147,1652,924,812,712,511,1050,2016,2335,2202,2568,0,2023-06-06,61.999162041854795,14.27603204083854,"{""type"":""MultiPoint"",""coordinates"":[]}"
2076,2194,2942,2742,2424,2707,3550,3494,3701,3842,4081,3792,0,2023-01-11,34.933202235328785,90.18944586910922,"{""type"":""MultiPoint"",""coordinates"":[]}"
2079,2420,2412,1624,1978,1861,1757,2064,2810,3397,2752,3768,0,2023-04-14,-12.54125041680518,-62.94621747986636,"{""type"":""MultiPoint"",""coordinates"":[]}"
2081,1732,767,644,1448,1095,963,883,895,934,807,946,0,2023-11-20,8.150829984428,128.67377132568134,"{""type"":""MultiPoint"",""coordinates"":[]}"
2082,2381,837,655,1840,1288,1202,1253,1409,1479,1408,1462,0,2023-01-26,50.83267212499059,120.26777697039768,"{""type"":""MultiPoint"",""coordinates"":[]}"
2083,7496,868,874,7030,5621,6714,7201,7308,7297,7038,7309,0,2023-03-02,76.3901390206174,92.18044124109545,"{""type"":""MultiPoint"",""coordinates"":[]}"
2088,1946,867,680,1508,1158,1096,1000,925,1032,887,965,0,2023-12-07,-25.95895703105799,-121.27660618696642,"{""type"":""MultiPoint"",""coordinates"":[]}"
2090,3063,2779,1853,2789,2494,2333,2287,3005,3411,3527,3750,0,2023-04-06,-11.901305377300242,142.08362439372317,"{""type"":""MultiPoint"",""coordinates"":[]}"
2092,1450,324,248,1153,782,568,518,490,483,459,469,0,2023-07-27,8.026659106116474,51.031977671139856,"{""type"":""MultiPoint"",""coordinates"":[]}"
2093,1617,697,451,1234,1034,940,1219,1223,1336,1009,1331,0,2023-11-18,40.451030180040945,63.234853945973285,"{""type"":""MultiPoint"",""coordinates"":[]}"
2096,1442,33,23,1010,577,343,259,216,182,155,128,0,2023-11-08,44.81163352015403,-3.1545753810754107,"{""type"":""MultiPoint"",""coordinates"":[]}"
2097,1494,2688,1815,1303,1240,1192,1416,2099,2443,2282,2732,0,2023-10-12,-2.784361392750947,14.559923067425395,"{""type"":""MultiPoint"",""coordinates"":[]}"
2098,1611,310,257,1054,667,545,480,463,511,298,448,0,2023-10-05,-20.01411821422713,-159.75464249217526,"{""type"":""MultiPoint"",""coordinates"":[]}"
2099,2165,1986,1394,2267,2114,1916,1829,2450,2738,2915,2869,0,2023-11-14,-6.383318639640088,28.99863523562852,"{""type"":""MultiPoint"",""coordinates"":[]}"
2101,1394,2678,2485,1261,1376,1730,1775,1843,1969,1799,1966,0,2023-07-28,41.042829674332445,102.3188190534895,"{""type"":""MultiPoint"",""coordinates"":[]}"
2102,1220,1584,702,977,838,580,835,1919,2547,2468,2631,0,2023-12-17,22.44442544478546,-98.45552023497304,"{""type"":""MultiPoint"",""coordinates"":[]}"
2104,1461,3209,2878,1358,1370,1761,1910,2029,2111,2127,2274,0,2023-01-13,34.606840880662254,-106.8506259501897,"{""type"":""MultiPoint"",""coordinates"":[]}"
2108,1755,661,541,1364,963,851,770,796,824,708,806,0,2023-07-27,17.584878914285266,-51.28124237062827,"{""type"":""MultiPoint"",""coordinates"":[]}"
2109,1364,37,6,893,468,255,206,183,149,120,117,0,2023-08-02,-22.478383277251314,-127.30917388814848,"{""type"":""MultiPoint"",""coordinates"":[]}"
2111,1117,1083,337,812,673,380,579,1729,2255,2428,2770,0,2023-08-14,0.6773352178628902,113.63548481730211,"{""type"":""MultiPoint"",""coordinates"":[]}"
2112,1239,117,89,868,533,333,276,252,245,185,218,0,2023-10-23,27.253336685482633,-114.83870422331294,"{""type"":""MultiPoint"",""coordinates"":[]}"
2119,1740,3413,3231,1693,1903,2338,2420,2545,2661,2504,2707,0,2023-03-06,30.847209377810767,63.375984977633365,"{""type"":""MultiPoint"",""coordinates"":[]}"
2124,1296,1139,409,989,791,515,686,1733,2279,2043,2606,0,2023-08-06,2.433821457286288,20.709435910482615,"{""type"":""MultiPoint"",""coordinates"":[]}"
2125,1548,410,347,1066,708,561,502,509,539,399,535,0,2023-11-18,-5.738943759696344,76.61670609953019,"{""type"":""MultiPoint"",""coordinates"":[]}"
2128,2137,1131,432,2098,1611,1139,1192,1923,2512,2610,2619,0,2023-09-14,20.092677866816764,100.96944249303782,"{""type"":""MultiPoint"",""coordinates"":[]}"
2130,1483,419,363,1155,840,614,578,586,588,541,548,0,2023-10-20,13.6075820753011,-59.378172654074255,"{""type"":""MultiPoint"",""coordinates"":[]}"
2131,1327,4721,4119,1158,1297,2600,3014,3263,3497,3366,3641,0,2023-03-25,-24.79688565796115,134.5851330049442,"{""type"":""MultiPoint"",""coordinates"":[]}"
2134,1177,115,101,836,533,325,295,263,252,200,222,0,2023-08-28,47.33240145647724,149.43215403603656,"{""type"":""MultiPoint"",""coordinates"":[]}"
2135,1321,103,79,889,502,295,239,229,219,177,199,0,2023-09-02,-14.892099938038047,-149.54350231898,"{""type"":""MultiPoint"",""coordinates"":[]}"
2137,1347,241,194,953,600,404,367,368,381,263,368,0,2023-02-26,4.799888838432638,-160.423301009949,"{""type"":""MultiPoint"",""coordinates"":[]}"
2138,1316,621,420,1145,1131,1088,1301,1399,1596,1491,1603,0,2023-05-01,-30.472426926159635,145.26707863616053,"{""type"":""MultiPoint"",""coordinates"":[]}"
2139,1706,1978,1533,1603,1578,1631,1564,2053,2317,2324,2464,0,2023-07-19,41.06910426331517,80.35014443969013,"{""type"":""MultiPoint"",""coordinates"":[]}"
2140,1378,20,22,1102,735,335,263,194,175,137,125,0,2023-08-02,69.3895799526285,-76.4013944043875,"{""type"":""MultiPoint"",""coordinates"":[]}"
2142,1721,287,189,1330,923,689,587,558,573,466,530,0,2023-12-03,12.795219733464547,80.53710977002692,"{""type"":""MultiPoint"",""coordinates"":[]}"
2143,6128,4461,2630,6089,5851,6275,5802,5991,6415,5727,6612,0,2023-08-20,-8.55768828980459,161.85953860374363,"{""type"":""MultiPoint"",""coordinates"":[]}"
2145,1662,5203,4223,1661,2064,3385,3560,3829,4106,4071,4331,0,2023-04-01,30.417286902245507,-2.4489117007326358,"{""type"":""MultiPoint"",""coordinates"":[]}"
2146,1268,134,107,887,593,393,287,268,266,220,227,0,2023-02-06,-39.52948499580828,-7.28165837037736,"{""type"":""MultiPoint"",""coordinates"":[]}"
2147,1716,3814,3471,1719,1935,2547,2739,2872,3017,2938,3138,0,2023-03-31,44.8298109690347,110.677546565529,"{""type"":""MultiPoint"",""coordinates"":[]}"
2148,1308,1713,637,924,917,486,970,2745,3749,3947,4099,0,2023-06-07,7.783072201102719,-81.50491605590628,"{""type"":""MultiPoint"",""coordinates"":[]}"
2151,1615,137,75,1223,813,554,481,452,439,349,359,0,2023-01-11,14.630860195047815,95.70450896313059,"{""type"":""MultiPoint"",""coordinates"":[]}"
2152,1554,2327,1214,1199,1098,768,1350,3583,4236,4150,4641,0,2023-12-23,23.409773633059675,72.22276655373098,"{""type"":""MultiPoint"",""coordinates"":[]}"
2153,3209,4438,3621,3295,3505,3879,3744,4706,5301,4415,5739,0,2023-12-25,-7.108428251352337,-44.552834065468424,"{""type"":""MultiPoint"",""coordinates"":[]}"
2154,2192,45,32,1630,1116,773,688,576,534,451,422,0,2023-06-02,69.75902014652799,-20.32824149551017,"{""type"":""MultiPoint"",""coordinates"":[]}"
2155,1178,1182,552,876,723,552,920,1529,1699,1637,1832,0,2023-09-04,61.234626584562726,101.86304166862799,"{""type"":""MultiPoint"",""coordinates"":[]}"
2156,2974,741,576,2712,2249,2428,2489,2509,2683,2613,2733,0,2023-07-13,-45.80446059711784,-68.03118856688096,"{""type"":""MultiPoint"",""coordinates"":[]}"
2157,1508,201,145,1119,721,541,518,481,462,355,394,0,2023-01-15,35.546943007069565,20.817590805219865,"{""type"":""MultiPoint"",""coordinates"":[]}"
2159,1523,265,272,1164,694,488,420,388,385,329,350,0,2023-11-05,36.64552053058918,-10.944421283107713,"{""type"":""MultiPoint"",""coordinates"":[]}"
2161,1269,65,50,888,552,348,301,261,232,204,187,0,2023-03-17,46.535707391831096,145.15983798127112,"{""type"":""MultiPoint"",""coordinates"":[]}"
2163,1306,340,249,1003,796,601,478,433,456,378,441,0,2023-08-11,-6.121822267650641,138.10873751424901,"{""type"":""MultiPoint"",""coordinates"":[]}"
2165,1415,267,189,1050,685,478,399,382,389,318,360,0,2023-01-28,7.157999769660921,96.15139278024122,"{""type"":""MultiPoint"",""coordinates"":[]}"
2169,1230,2569,1666,1203,1307,1364,1488,2690,3158,3008,3463,0,2023-07-19,35.85804812173257,-102.53124133885744,"{""type"":""MultiPoint"",""coordinates"":[]}"
2170,1353,2675,1850,1140,1120,1261,1509,1801,2120,2095,2348,0,2023-10-01,41.439883696911124,-104.68209167760645,"{""type"":""MultiPoint"",""coordinates"":[]}"
2172,9763,410,368,9523,8756,8739,8697,8495,8133,7673,7706,0,2023-11-28,-65.40542068127822,102.32239217533836,"{""type"":""MultiPoint"",""coordinates"":[]}"
2173,9610,838,999,9440,8738,9117,9193,9127,8910,8707,8655,0,2023-02-02,-72.26245629141492,133.5875555317783,"{""type"":""MultiPoint"",""coordinates"":[]}"
2176,1464,2408,1388,1183,949,984,1311,1654,1877,2020,2268,0,2023-05-25,68.87708764166597,169.14202621641977,"{""type"":""MultiPoint"",""coordinates"":[]}"
2177,8299,1412,1533,8052,6872,7869,8301,8336,8308,7969,8239,0,2023-02-25,64.69189930601702,-105.05967060727934,"{""type"":""MultiPoint"",""coordinates"":[]}"
2180,7860,935,1052,7292,5544,6956,7607,7746,7827,7427,7702,0,2023-02-07,64.14478951573179,-95.7517975925635,"{""type"":""MultiPoint"",""coordinates"":[]}"
2186,1243,2518,1504,1041,1016,977,1125,1864,2245,2209,2624,0,2023-06-23,-8.041992575301752,36.94935650247051,"{""type"":""MultiPoint"",""coordinates"":[]}"
2188,1344,48,29,936,527,301,240,209,196,149,140,0,2023-01-14,12.390329796430933,94.77675218349594,"{""type"":""MultiPoint"",""coordinates"":[]}"
2189,1120,2314,1297,1024,1093,1001,1291,2287,2718,2672,2890,0,2023-01-24,-31.328057684011974,26.81575426816211,"{""type"":""MultiPoint"",""coordinates"":[]}"
2192,1243,2721,1661,995,969,907,1129,1674,1970,1808,2221,0,2023-07-15,11.073147004332526,-70.43403182098643,"{""type"":""MultiPoint"",""coordinates"":[]}"
2193,1451,19,10,989,539,291,236,207,169,129,108,0,2023-11-20,38.62545785830472,2.7243465587206916,"{""type"":""MultiPoint"",""coordinates"":[]}"
2195,1373,468,244,967,669,444,503,702,815,695,819,0,2023-01-07,24.929028944616608,115.83351583775352,"{""type"":""MultiPoint"",""coordinates"":[]}"
2196,4333,1077,1020,5060,4746,5375,6148,6436,6460,6063,6596,0,2023-03-08,66.22664059474988,22.6189606171114,"{""type"":""MultiPoint"",""coordinates"":[]}"
2199,929,900,480,665,489,352,517,883,1030,1037,1183,0,2023-01-12,28.355727121102703,-108.4773482332919,"{""type"":""MultiPoint"",""coordinates"":[]}"
2200,1318,2888,2476,1139,1050,1256,1292,1426,1562,1491,1746,0,2023-11-05,-10.467921961253335,38.73845383534314,"{""type"":""MultiPoint"",""coordinates"":[]}"
2205,1264,1711,715,938,826,546,952,2539,3452,3309,3956,0,2023-04-27,-7.322454966960423,-77.05601330113132,"{""type"":""MultiPoint"",""coordinates"":[]}"
2208,1290,1487,724,1026,941,646,924,1977,2603,2602,3108,0,2023-09-26,27.58053551910349,84.71729235638894,"{""type"":""MultiPoint"",""coordinates"":[]}"
2209,4725,1855,1395,3584,3070,2896,3167,3573,4052,2740,4364,0,2023-10-23,9.201514178903391,105.51801523565526,"{""type"":""MultiPoint"",""coordinates"":[]}"
2211,1444,352,272,1040,699,525,534,482,510,354,496,0,2023-10-01,11.00752648860539,110.83407580927738,"{""type"":""MultiPoint"",""coordinates"":[]}"
2214,3963,1431,1106,3297,2379,2475,2574,2555,2445,2396,2525,0,2023-05-03,-66.50332543939899,-71.13136432068241,"{""type"":""MultiPoint"",""coordinates"":[]}"
2215,2272,950,638,1845,1662,1721,2063,2306,2401,2207,2405,0,2023-05-13,59.939360663500324,133.37591937832264,"{""type"":""MultiPoint"",""coordinates"":[]}"
2216,7898,949,1018,7673,6783,7393,7786,7724,7691,7139,7530,0,2023-02-23,44.631930052368276,78.41060114357927,"{""type"":""MultiPoint"",""coordinates"":[]}"
2217,1947,4037,3693,1973,2301,2920,3011,3152,3278,3148,3345,0,2023-12-22,21.92426214864051,42.079447819630374,"{""type"":""MultiPoint"",""coordinates"":[]}"
2219,5924,7871,7352,5873,5555,6640,7240,7423,7645,6769,7751,0,2023-11-25,45.576344816674585,139.78311396958654,"{""type"":""MultiPoint"",""coordinates"":[]}"
2222,1305,1822,927,1034,909,738,984,1632,1965,1976,2234,0,2023-09-26,-17.501536649231994,-61.57283371133915,"{""type"":""MultiPoint"",""coordinates"":[]}"
2223,1220,100,69,869,549,322,275,230,213,179,174,0,2023-11-17,-36.603007897290325,-75.45494341671404,"{""type"":""MultiPoint"",""coordinates"":[]}"
2224,1392,3816,3070,1253,1452,2278,2491,2726,2866,2649,2851,0,2023-01-20,-27.363364337301803,135.0054061858376,"{""type"":""MultiPoint"",""coordinates"":[]}"
2226,1798,3220,2718,1730,1877,2407,2624,2734,2875,2671,2929,0,2023-07-03,34.338599427834644,59.11041135879479,"{""type"":""MultiPoint"",""coordinates"":[]}"
2232,1978,1082,857,1689,1359,1241,1221,1238,1240,1093,1271,0,2023-05-26,17.570488440710516,-81.12369260861976,"{""type"":""MultiPoint"",""coordinates"":[]}"
2237,1350,127,90,957,593,368,306,265,268,224,217,0,2023-11-11,10.82292050823259,-46.73452432871049,"{""type"":""MultiPoint"",""coordinates"":[]}"
2238,1396,88,66,1076,714,344,287,258,232,187,196,0,2023-06-15,-11.079424482222592,142.83931708822647,"{""type"":""MultiPoint"",""coordinates"":[]}"
2239,1409,23,10,995,597,335,271,232,188,160,147,0,2023-10-13,58.14895989349453,170.4095223269673,"{""type"":""MultiPoint"",""coordinates"":[]}"
2241,1563,3400,3015,1519,1708,2055,2271,2673,2884,2837,3000,0,2023-06-28,40.25935778115146,111.86885678823613,"{""type"":""MultiPoint"",""coordinates"":[]}"
2244,1138,1221,544,847,800,453,937,1795,2016,2087,2159,0,2023-09-07,64.27592232769575,115.26782183481994,"{""type"":""MultiPoint"",""coordinates"":[]}"
2247,1450,340,262,1090,744,533,472,452,453,415,438,0,2023-03-31,3.944239527351873,111.01370119079417,"{""type"":""MultiPoint"",""coordinates"":[]}"
2248,1224,1078,723,970,816,790,783,937,1056,1117,1097,0,2023-01-09,27.534705430472567,-114.51786028318028,"{""type"":""MultiPoint"",""coordinates"":[]}"
2250,1797,902,698,1379,1122,1054,958,1025,1073,818,1116,0,2023-05-11,14.907571082711437,119.48691989624474,"{""type"":""MultiPoint"",""coordinates"":[]}"
2251,8800,725,724,8509,7663,8177,8240,8250,8141,7580,7855,0,2023-06-16,81.5180752941534,85.70154869231108,"{""type"":""MultiPoint"",""coordinates"":[]}"
2253,1669,702,494,1479,1157,969,793,765,784,857,765,0,2023-03-15,-0.9647089778398223,75.88542322871871,"{""type"":""MultiPoint"",""coordinates"":[]}"
2256,1305,64,42,984,623,332,277,240,219,166,171,0,2023-06-04,69.3985333201606,9.98730135447381,"{""type"":""MultiPoint"",""coordinates"":[]}"
2257,1191,700,253,865,716,398,586,1713,2184,1875,2286,0,2023-02-26,-15.304675862231068,34.50825313647336,"{""type"":""MultiPoint"",""coordinates"":[]}"
2259,1632,425,327,1290,878,669,582,566,586,562,555,0,2023-11-05,-27.46161006602784,33.589145912516564,"{""type"":""MultiPoint"",""coordinates"":[]}"
2260,3993,3423,2492,3719,3374,3486,3435,3584,3811,3193,3888,0,2023-03-16,5.352680577115053,122.39546571010443,"{""type"":""MultiPoint"",""coordinates"":[]}"
2263,1459,5461,4536,1397,1825,3039,3321,3559,3773,3626,3880,0,2023-04-23,23.198597392629505,25.992570745227507,"{""type"":""MultiPoint"",""coordinates"":[]}"
2265,1624,3767,3246,1461,1671,2422,2603,2828,3022,2870,3077,0,2023-12-23,30.990164838680382,66.08995226530841,"{""type"":""MultiPoint"",""coordinates"":[]}"
2266,1208,1832,817,848,695,468,931,2143,2770,2437,3234,0,2023-11-01,32.315352694135775,-96.06793131018148,"{""type"":""MultiPoint"",""coordinates"":[]}"
2272,7387,3428,1864,7287,7012,7328,6716,6858,7432,6788,7536,0,2023-05-03,-9.503591577971715,70.15030202352054,"{""type"":""MultiPoint"",""coordinates"":[]}"
2274,1287,15,21,1031,947,450,358,197,183,150,136,0,2023-11-06,41.088971472590494,-112.67439190745291,"{""type"":""MultiPoint"",""coordinates"":[]}"
2278,1162,1613,639,810,739,461,821,2142,2691,2718,3048,0,2023-08-24,6.5952426609210395,36.57783597753207,"{""type"":""MultiPoint"",""coordinates"":[]}"
2280,1869,1118,849,1488,1262,1241,1052,1164,1313,963,1172,0,2023-09-07,6.879870677068067,112.9575755960651,"{""type"":""MultiPoint"",""coordinates"":[]}"
2283,1400,54,36,986,574,339,295,251,219,175,173,0,2023-12-21,34.69059983767808,141.97476786134933,"{""type"":""MultiPoint"",""coordinates"":[]}"
2287,1608,539,410,1377,940,764,681,648,665,686,655,0,2023-04-13,14.250317430237795,50.70944282263479,"{""type"":""MultiPoint"",""coordinates"":[]}"
2291,1826,742,588,1470,1092,936,891,907,946,794,936,0,2023-07-15,12.311749952395527,-77.50199138254942,"{""type"":""MultiPoint"",""coordinates"":[]}"
2292,1190,86,75,844,550,340,302,267,251,200,215,0,2023-04-20,47.458645073379195,141.22720996610173,"{""type"":""MultiPoint"",""coordinates"":[]}"
2296,1490,1514,765,1342,1176,979,1137,2074,2644,2322,2831,0,2023-08-10,49.50878354403115,11.304720051871547,"{""type"":""MultiPoint"",""coordinates"":[]}"
2297,1678,361,281,1246,856,626,600,716,704,710,732,0,2023-07-14,-46.06700406611581,-67.67370941227831,"{""type"":""MultiPoint"",""coordinates"":[]}"
2298,2312,1148,916,1985,1614,1463,1342,1386,1465,1302,1464,0,2023-08-15,7.144130563561616,146.08740477297374,"{""type"":""MultiPoint"",""coordinates"":[]}"
2299,1069,1254,632,770,624,468,756,1224,1466,1403,1682,0,2023-05-08,61.705468707741645,-134.44802259636262,"{""type"":""MultiPoint"",""coordinates"":[]}"
2302,1384,1303,677,1025,751,616,843,1182,1353,1218,1611,0,2023-10-15,57.276938265770205,90.73209499134819,"{""type"":""MultiPoint"",""coordinates"":[]}"
2303,1671,3745,2979,1545,1516,1898,2043,2181,2373,2482,2681,0,2023-03-31,45.25772883243667,122.22266411025042,"{""type"":""MultiPoint"",""coordinates"":[]}"
2304,1437,187,152,1009,624,395,358,356,346,265,312,0,2023-10-23,14.75989127504552,-70.94992108181343,"{""type"":""MultiPoint"",""coordinates"":[]}"
2305,1354,2303,1648,1310,1221,1262,1331,1538,1641,1738,1789,0,2023-10-25,-11.351748064370929,-76.00047180020819,"{""type"":""MultiPoint"",""coordinates"":[]}"
2306,1452,4108,3687,1335,1351,1847,2006,2212,2475,2475,2832,0,2023-10-20,-23.640274996150726,-63.971731309937866,"{""type"":""MultiPoint"",""coordinates"":[]}"
2308,4112,4022,2584,4364,3979,3683,3904,4710,5226,5174,5398,0,2023-05-06,-10.588127570906215,-37.14424057625143,"{""type"":""MultiPoint"",""coordinates"":[]}"
2310,1422,157,119,1000,604,387,338,304,289,250,259,0,2023-03-22,23.901149784533303,-81.57766749839429,"{""type"":""MultiPoint"",""coordinates"":[]}"
2311,1410,2781,1864,1227,1221,1430,1574,1868,2066,2157,2362,0,2023-09-17,49.26271221749174,-112.33083285538784,"{""type"":""MultiPoint"",""coordinates"":[]}"
2312,1335,161,128,967,591,398,315,290,291,249,257,0,2023-10-02,27.21250168742805,-97.0038671285779,"{""type"":""MultiPoint"",""coordinates"":[]}"
2313,1627,171,129,1420,964,425,368,320,295,276,270,0,2023-03-29,33.76719832565565,11.081561551021093,"{""type"":""MultiPoint"",""coordinates"":[]}"
2314,3581,3115,2645,3630,3154,3309,3482,3501,3600,3464,3634,0,2023-01-25,41.40300377580132,-34.063183748208395,"{""type"":""MultiPoint"",""coordinates"":[]}"
2315,5698,4783,3946,5472,5083,5427,5442,5385,5452,5501,5518,0,2023-01-14,-66.90482613689328,-73.3540815905332,"{""type"":""MultiPoint"",""coordinates"":[]}"
2316,1253,2667,1851,1071,948,933,1197,1631,1810,1935,2151,0,2023-03-06,40.77393053791156,31.107835765435688,"{""type"":""MultiPoint"",""coordinates"":[]}"
2317,1181,1050,390,881,777,457,751,2145,2789,2609,3099,0,2023-06-20,33.90797473541446,-82.18792507396795,"{""type"":""MultiPoint"",""coordinates"":[]}"
2318,9812,1219,1313,9643,9147,9350,9397,9300,9122,8953,8917,0,2023-12-03,-71.73166927074429,107.85096869143969,"{""type"":""MultiPoint"",""coordinates"":[]}"
2323,4825,3862,2634,4922,4441,4621,4593,4642,4771,4620,4823,0,2023-08-10,53.813271793382896,-13.015606263736453,"{""type"":""MultiPoint"",""coordinates"":[]}"
2324,1897,283,164,1538,1142,882,808,764,747,595,644,0,2023-12-20,16.320392682510807,82.8601905611039,"{""type"":""MultiPoint"",""coordinates"":[]}"
2326,1254,2530,1257,1010,924,736,1056,2277,2792,2713,3153,0,2023-08-20,45.818392897766685,-94.9994851113382,"{""type"":""MultiPoint"",""coordinates"":[]}"
2327,2132,1279,964,1910,1584,1558,1362,1435,1360,1360,1426,0,2023-05-19,21.461519759686812,-69.48427237782025,"{""type"":""MultiPoint"",""coordinates"":[]}"
2330,1854,1271,1169,1478,1225,1159,1126,1186,1301,893,1310,0,2023-04-21,3.738638742634366,-47.6001279785917,"{""type"":""MultiPoint"",""coordinates"":[]}"
2331,1655,593,434,1319,975,756,757,741,790,660,749,0,2023-08-25,17.055477319362428,-87.04696104385557,"{""type"":""MultiPoint"",""coordinates"":[]}"
2333,1536,2480,1593,1275,1272,1172,1397,1974,2284,2152,2499,0,2023-04-11,-13.140251279575637,13.401633115732336,"{""type"":""MultiPoint"",""coordinates"":[]}"
2334,1982,3310,2735,1663,1448,1585,1752,1877,2001,1996,2275,0,2023-12-04,41.771570348800466,-94.40409769589944,"{""type"":""MultiPoint"",""coordinates"":[]}"
2336,4628,114,121,3441,2201,1660,1558,1369,1293,1081,1127,0,2023-12-30,50.842806856702374,98.69741281451337,"{""type"":""MultiPoint"",""coordinates"":[]}"
2338,1793,819,629,1449,1089,1052,896,920,1001,859,951,0,2023-06-29,22.69473236779729,-90.4375701995245,"{""type"":""MultiPoint"",""coordinates"":[]}"
2343,1702,684,519,1398,1142,1028,858,840,860,803,824,0,2023-08-28,14.17173146967199,-57.29901932880517,"{""type"":""MultiPoint"",""coordinates"":[]}"
2344,1604,1983,1326,1235,1149,933,1377,2365,2679,2495,2773,0,2023-02-06,26.373599943495087,79.8964337266639,"{""type"":""MultiPoint"",""coordinates"":[]}"
2345,6798,536,506,6951,6314,7116,7516,7626,7467,6978,7556,0,2023-02-05,42.633015036383206,71.32213213300199,"{""type"":""MultiPoint"",""coordinates"":[]}"
2346,1348,24,18,901,495,265,215,182,154,128,109,0,2023-01-24,23.92264590588554,-111.9775429929897,"{""type"":""MultiPoint"",""coordinates"":[]}"
2347,1059,460,187,759,555,310,406,970,1167,1092,1231,0,2023-03-30,-2.309648524345723,27.495394855665797,"{""type"":""MultiPoint"",""coordinates"":[]}"
2348,1517,344,265,1103,745,512,502,477,480,392,458,0,2023-06-09,4.5170350174561085,166.96615280762956,"{""type"":""MultiPoint"",""coordinates"":[]}"
2351,2033,21,14,1871,1305,259,194,150,135,101,84,0,2023-02-18,23.920654788960647,-78.32480477346057,"{""type"":""MultiPoint"",""coordinates"":[]}"
2352,1860,1884,1204,1604,1369,1225,1434,1993,2233,2115,2383,0,2023-06-04,-35.44017504644927,140.38051598205834,"{""type"":""MultiPoint"",""coordinates"":[]}"
2353,10060,1749,1835,9819,9078,10406,11034,11168,11203,10812,11190,0,2023-03-09,64.52386065019131,161.71716502722964,"{""type"":""MultiPoint"",""coordinates"":[]}"
2354,2403,1495,655,2039,1743,1311,1532,2500,2758,2667,2882,0,2023-08-23,60.081992442382436,132.2902707565908,"{""type"":""MultiPoint"",""coordinates"":[]}"
2355,4512,3010,1853,4198,3894,3973,3735,3806,4039,3730,4063,0,2023-01-13,-36.57396989038128,-16.72399328721371,"{""type"":""MultiPoint"",""coordinates"":[]}"
2356,1457,2008,1746,1244,1238,1524,1548,1642,1702,1591,1718,0,2023-01-07,24.722004541327383,39.64490913182964,"{""type"":""MultiPoint"",""coordinates"":[]}"
2358,1249,2164,1742,942,774,898,923,1040,1098,1157,1211,0,2023-05-18,-25.882849138110572,132.48082565620663,"{""type"":""MultiPoint"",""coordinates"":[]}"
2360,2164,257,118,1834,1482,1132,1062,1114,1085,940,956,0,2023-08-16,64.82848866026767,-117.65904993983489,"{""type"":""MultiPoint"",""coordinates"":[]}"
2364,1644,669,557,1253,990,864,736,753,895,571,841,0,2023-02-12,-14.624092394357532,-171.2151684612449,"{""type"":""MultiPoint"",""coordinates"":[]}"
2366,3133,40,18,3241,3518,3199,2561,1486,1285,1078,866,0,2023-05-12,69.44843732959677,-134.54242183616364,"{""type"":""MultiPoint"",""coordinates"":[]}"
2367,1560,89,63,1285,1075,718,565,386,360,310,277,0,2023-01-16,20.152222941253196,72.0475295907143,"{""type"":""MultiPoint"",""coordinates"":[]}"
2368,1365,3223,2507,1264,1384,1538,1738,2278,2597,2466,2719,0,2023-12-01,-15.57282678766757,15.755917189849903,"{""type"":""MultiPoint"",""coordinates"":[]}"
2370,1677,138,76,1251,835,568,490,444,433,359,370,0,2023-01-26,8.859993376389408,76.06317889619335,"{""type"":""MultiPoint"",""coordinates"":[]}"
2372,1259,1325,665,1049,923,650,894,1905,2423,2318,2553,0,2023-06-19,23.425414797873167,111.66375615627899,"{""type"":""MultiPoint"",""coordinates"":[]}"
2374,1920,3744,3595,1936,2193,2678,2729,2807,2929,2840,2971,0,2023-04-07,38.91648953949425,83.57522694360466,"{""type"":""MultiPoint"",""coordinates"":[]}"
2377,5703,4762,3785,4831,4798,5158,5417,5931,6352,5514,6654,0,2023-09-16,33.31180458254136,-85.8423399295971,"{""type"":""MultiPoint"",""coordinates"":[]}"
2380,1204,1894,1228,892,800,680,911,1269,1438,1412,1670,0,2023-04-16,-32.514946388181194,123.6987730352195,"{""type"":""MultiPoint"",""coordinates"":[]}"
2381,6569,1729,1871,6343,5123,6222,6707,6732,6899,6804,6899,0,2023-01-20,64.79700313717854,131.45216687577107,"{""type"":""MultiPoint"",""coordinates"":[]}"
2382,1402,111,95,885,479,273,260,248,223,153,198,0,2023-03-22,9.198782672660336,164.672110991534,"{""type"":""MultiPoint"",""coordinates"":[]}"
2384,1748,1184,474,1012,785,503,700,1733,2173,2051,2572,0,2023-01-01,3.2644802347938797,-55.17176907963863,"{""type"":""MultiPoint"",""coordinates"":[]}"
2388,1384,189,136,988,624,441,369,350,340,281,306,0,2023-11-24,8.859570467746105,95.35212877095671,"{""type"":""MultiPoint"",""coordinates"":[]}"
2389,6359,5792,3987,6883,6351,8209,8321,8891,9444,9835,9936,0,2023-06-17,-53.0067025777624,-74.37407295346347,"{""type"":""MultiPoint"",""coordinates"":[]}"
2390,3243,2518,2448,3024,2591,2466,2542,2519,2506,2519,2476,0,2023-01-21,-71.72600273887994,-111.2021757904921,"{""type"":""MultiPoint"",""coordinates"":[]}"
2395,3585,1538,1000,3180,2673,2643,2524,2640,2814,2454,2873,0,2023-02-22,32.60844188872544,-88.44077901576667,"{""type"":""MultiPoint"",""coordinates"":[]}"
2404,1434,14,11,1047,495,228,172,137,135,98,96,0,2023-04-09,-12.836978763542339,47.66048017941234,"{""type"":""MultiPoint"",""coordinates"":[]}"
2405,1290,2638,1292,1029,1086,718,1317,3161,3870,3876,4238,0,2023-11-20,-28.654772274519082,-58.796075061607795,"{""type"":""MultiPoint"",""coordinates"":[]}"
2407,1438,233,171,965,586,392,370,344,363,250,305,0,2023-01-04,-17.087093275806463,-145.11061507839716,"{""type"":""MultiPoint"",""coordinates"":[]}"
2410,1155,2230,1655,1179,1286,1578,1610,1960,2104,2310,2434,0,2023-10-06,35.20098762326282,103.7392975111211,"{""type"":""MultiPoint"",""coordinates"":[]}"
2413,1607,2946,1979,1499,1481,1736,1728,1907,2155,2067,2439,0,2023-12-03,-19.424821087451743,136.5438693536527,"{""type"":""MultiPoint"",""coordinates"":[]}"
2414,1346,94,53,944,560,321,279,253,231,198,197,0,2023-03-14,-32.37740293971585,29.076933754940487,"{""type"":""MultiPoint"",""coordinates"":[]}"
2419,1192,1721,749,873,848,480,872,2404,3134,2969,3429,0,2023-12-20,-26.240169010837782,-59.91602208371188,"{""type"":""MultiPoint"",""coordinates"":[]}"
2420,1877,59,31,1540,1194,735,605,388,332,276,237,0,2023-01-06,45.75018040483656,37.70662879054856,"{""type"":""MultiPoint"",""coordinates"":[]}"
2421,3763,406,269,3881,3727,3941,4375,5036,5075,4642,4990,0,2023-03-31,57.68037425532124,-114.28411598468018,"{""type"":""MultiPoint"",""coordinates"":[]}"
2424,2049,6877,6169,2158,2990,4888,5235,5524,5773,5661,5939,0,2023-03-06,19.89285091096442,-6.883820886045755,"{""type"":""MultiPoint"",""coordinates"":[]}"
2427,1354,204,154,1036,667,443,402,384,388,353,341,0,2023-08-15,15.759059021634664,-58.90916387826579,"{""type"":""MultiPoint"",""coordinates"":[]}"
2435,1356,362,289,1136,973,606,545,513,507,459,475,0,2023-11-15,-20.93546984858108,115.42300738046274,"{""type"":""MultiPoint"",""coordinates"":[]}"
2439,1602,181,114,1118,692,495,490,446,416,279,347,0,2023-05-08,0.6695245001994464,119.8722709067813,"{""type"":""MultiPoint"",""coordinates"":[]}"
2440,1786,222,130,1330,857,566,488,450,422,374,356,0,2023-06-01,-34.82390107365108,124.45802161258501,"{""type"":""MultiPoint"",""coordinates"":[]}"
2442,1365,49,38,937,537,317,262,216,195,148,150,0,2023-06-20,-24.198852486943053,111.52725608534554,"{""type"":""MultiPoint"",""coordinates"":[]}"
2444,1497,1573,677,1152,1039,764,962,2121,2770,2472,2946,0,2023-11-29,12.002133607062632,79.30539985560026,"{""type"":""MultiPoint"",""coordinates"":[]}"
2450,1248,156,110,943,610,413,322,298,286,252,249,0,2023-05-21,-3.1685885749433518,9.467873882097175,"{""type"":""MultiPoint"",""coordinates"":[]}"
2452,1962,1748,1008,1699,1540,1267,1520,2626,3070,2987,3424,0,2023-03-02,5.183016631783259,-57.938341201820556,"{""type"":""MultiPoint"",""coordinates"":[]}"
2456,1632,33,19,1180,696,416,344,274,255,204,202,0,2023-10-31,61.735542173365246,-85.86445062186071,"{""type"":""MultiPoint"",""coordinates"":[]}"
2457,1977,1071,816,1708,1365,1227,1148,1182,1245,1100,1201,0,2023-08-13,17.609205001399886,-85.97692559681025,"{""type"":""MultiPoint"",""coordinates"":[]}"
2461,5606,3189,3003,5127,4227,4416,4500,4480,4470,4166,4511,0,2023-03-22,-74.38407976289997,-172.68039797912976,"{""type"":""MultiPoint"",""coordinates"":[]}"
2463,1399,35,14,989,595,344,280,242,210,165,152,0,2023-08-21,76.66774665606773,84.86182232230595,"{""type"":""MultiPoint"",""coordinates"":[]}"
2464,1156,1500,776,899,844,612,920,1844,2187,1897,2365,0,2023-12-29,-9.456048205214918,30.40830046917088,"{""type"":""MultiPoint"",""coordinates"":[]}"
2468,2650,2148,1856,2433,1991,2008,2062,2508,2730,2651,2898,0,2023-11-07,53.87321738694998,18.207830409001456,"{""type"":""MultiPoint"",""coordinates"":[]}"
2471,1763,3910,3767,1730,2070,2749,2859,3020,3166,3101,3216,0,2023-03-30,29.70655290890811,64.69771941581124,"{""type"":""MultiPoint"",""coordinates"":[]}"
2474,1125,1997,781,868,957,498,1255,3850,4945,4745,5273,0,2023-05-28,37.95140966011485,140.35767420252657,"{""type"":""MultiPoint"",""coordinates"":[]}"
2481,1120,2522,1730,964,980,1146,1293,1835,1997,2028,2219,0,2023-05-06,39.98646741957835,-1.761932489165732,"{""type"":""MultiPoint"",""coordinates"":[]}"
2485,1284,55,43,913,518,289,253,222,195,157,146,0,2023-07-20,-18.392197548275046,42.02712102275774,"{""type"":""MultiPoint"",""coordinates"":[]}"
2487,6421,791,768,6137,5150,5873,6009,6195,6200,5884,6391,0,2023-01-21,62.15675863908665,68.93820723934702,"{""type"":""MultiPoint"",""coordinates"":[]}"
2490,2002,689,681,1503,1085,966,967,887,878,729,848,0,2023-10-25,62.59660646269954,-39.768459515479584,"{""type"":""MultiPoint"",""coordinates"":[]}"
2492,1231,2046,935,985,1060,687,1368,2917,3416,3212,3885,0,2023-11-11,-17.654900672805237,49.14849798091335,"{""type"":""MultiPoint"",""coordinates"":[]}"
2494,8626,619,642,8446,7571,8313,8351,8477,8322,7780,8165,0,2023-09-19,80.78101556578069,-45.93847219285045,"{""type"":""MultiPoint"",""coordinates"":[]}"
2495,1435,186,122,1037,673,452,380,357,336,294,303,0,2023-07-11,-6.080293377783825,102.38117451675616,"{""type"":""MultiPoint"",""coordinates"":[]}"
2497,1244,34,26,815,440,239,183,158,143,112,121,0,2023-12-29,11.18043724855781,-55.29051843846853,"{""type"":""MultiPoint"",""coordinates"":[]}"
2498,2349,1057,1059,1898,1318,1251,1272,1269,1183,1121,1188,0,2023-10-25,55.270562801216606,171.58318137684353,"{""type"":""MultiPoint"",""coordinates"":[]}"
2499,1307,68,54,926,539,323,256,227,210,166,169,0,2023-06-25,-26.568357647496597,14.562896696967,"{""type"":""MultiPoint"",""coordinates"":[]}"
2501,1582,156,138,1083,626,400,357,332,323,294,283,0,2023-05-02,-21.765688363023727,-142.34226142980162,"{""type"":""MultiPoint"",""coordinates"":[]}"
2502,1353,260,178,1036,805,557,485,442,474,391,427,0,2023-09-25,7.135298961670901,-11.758143153189927,"{""type"":""MultiPoint"",""coordinates"":[]}"
2504,1204,71,54,858,529,322,285,252,236,200,194,0,2023-04-27,55.95448015343605,141.3350962689243,"{""type"":""MultiPoint"",""coordinates"":[]}"
2505,1436,187,131,1096,747,521,484,443,438,373,393,0,2023-09-24,-19.89448863579075,11.572312639643169,"{""type"":""MultiPoint"",""coordinates"":[]}"
2506,996,960,384,761,656,387,617,1529,2051,2344,2510,0,2023-06-02,-8.828829009120396,-71.71783749279413,"{""type"":""MultiPoint"",""coordinates"":[]}"
2509,1231,69,47,866,473,281,239,199,161,158,144,0,2023-07-12,-12.427577018812208,117.4855595208627,"{""type"":""MultiPoint"",""coordinates"":[]}"
2510,1740,611,446,1429,897,777,733,743,736,729,741,0,2023-08-30,10.480060577764906,163.38643573178567,"{""type"":""MultiPoint"",""coordinates"":[]}"
2511,1281,2314,1576,1107,1042,1066,1211,1506,1696,1628,1901,0,2023-08-09,44.61303971089838,-100.96913175053453,"{""type"":""MultiPoint"",""coordinates"":[]}"
2512,3809,935,835,3650,3252,3934,4217,4802,5108,5290,5420,0,2023-12-04,54.89048770367649,93.74946611760402,"{""type"":""MultiPoint"",""coordinates"":[]}"
2514,4705,4345,3027,5331,4848,5181,5200,5165,5166,5573,5006,0,2023-11-05,47.6877997827344,-63.908876070822764,"{""type"":""MultiPoint"",""coordinates"":[]}"
2515,6796,2394,2025,6496,5245,5700,5895,5996,6057,5879,6061,0,2023-10-25,73.18016802466927,110.27217439591946,"{""type"":""MultiPoint"",""coordinates"":[]}"
2516,1357,2098,1261,1094,905,899,1084,1490,1650,1733,1888,0,2023-06-08,-32.315973578241824,144.56277971490846,"{""type"":""MultiPoint"",""coordinates"":[]}"
2517,1249,2958,1683,1102,1085,1495,1760,1986,2283,2346,2688,0,2023-11-10,37.39573673965465,-120.3816124745233,"{""type"":""MultiPoint"",""coordinates"":[]}"
2518,1735,2457,1899,1402,1061,1073,1317,1471,1566,1320,1729,0,2023-12-01,49.33506313754867,78.42090203124754,"{""type"":""MultiPoint"",""coordinates"":[]}"
2519,1961,4275,3688,2063,2383,3100,3326,3445,3596,3515,3724,0,2023-11-08,45.44630989626533,101.07985799873349,"{""type"":""MultiPoint"",""coordinates"":[]}"
2520,1386,57,43,907,489,266,209,182,169,141,134,0,2023-01-17,15.95121257768351,145.82514739707707,"{""type"":""MultiPoint"",""coordinates"":[]}"
2523,1156,1322,452,869,775,427,818,2263,2752,2854,3108,0,2023-07-20,24.08289081841431,114.48627666011141,"{""type"":""MultiPoint"",""coordinates"":[]}"
2524,1510,179,125,1254,991,548,454,390,397,343,335,0,2023-07-18,-6.410196572212835,38.954793404074024,"{""type"":""MultiPoint"",""coordinates"":[]}"
2525,1311,208,140,982,682,493,382,341,282,337,274,0,2023-12-22,-41.469594487475554,150.889018579669,"{""type"":""MultiPoint"",""coordinates"":[]}"
2526,2188,6530,5502,2332,3104,4638,4839,5247,5674,5304,5876,0,2023-11-01,17.585984935072116,-5.840641427333275,"{""type"":""MultiPoint"",""coordinates"":[]}"
2529,1283,1686,911,1031,968,704,995,1888,2226,2086,2479,0,2023-07-10,11.53525887111983,33.24162977329223,"{""type"":""MultiPoint"",""coordinates"":[]}"
2533,1367,3530,2660,1272,1253,1467,1666,1957,2223,2193,2530,0,2023-05-05,-15.63718534615828,-63.577520928802805,"{""type"":""MultiPoint"",""coordinates"":[]}"
2535,1454,3853,2529,1307,1302,1679,1840,2039,2361,2282,2779,0,2023-03-25,13.145922533454513,-3.7821104598124355,"{""type"":""MultiPoint"",""coordinates"":[]}"
2536,1458,311,231,1146,779,582,463,424,432,501,381,0,2023-01-31,-31.11516479690448,30.549756459807075,"{""type"":""MultiPoint"",""coordinates"":[]}"
2537,3153,2460,2047,3080,2649,2685,2480,2464,2504,2703,2454,0,2023-12-02,39.46313820923399,143.2933004431758,"{""type"":""MultiPoint"",""coordinates"":[]}"
2539,1292,138,103,952,621,416,370,328,313,286,269,0,2023-04-15,44.40098287029735,-86.75106958510914,"{""type"":""MultiPoint"",""coordinates"":[]}"
2541,7108,5056,3092,6981,6719,7066,6932,7324,7747,7200,8014,0,2023-08-28,14.826151517935669,108.01609511333317,"{""type"":""MultiPoint"",""coordinates"":[]}"
2542,3528,3022,2877,3309,2782,2755,2854,2970,3142,2952,3181,0,2023-02-03,-62.32588102655304,-50.98583244018697,"{""type"":""MultiPoint"",""coordinates"":[]}"
2543,1354,30,24,878,466,258,211,170,157,132,123,0,2023-08-26,-22.359052940343695,-131.52798564247507,"{""type"":""MultiPoint"",""coordinates"":[]}"
2544,1458,509,478,1018,746,669,641,649,708,438,664,0,2023-12-16,-30.81931397455844,-72.31089674599403,"{""type"":""MultiPoint"",""coordinates"":[]}"
2548,1407,2822,1958,1171,1034,1217,1361,1628,1826,1943,2140,0,2023-04-26,55.88823607673806,99.59035261136634,"{""type"":""MultiPoint"",""coordinates"":[]}"
2551,1986,4139,3430,1956,2243,2918,3023,3102,3337,3187,3340,0,2023-07-08,22.60976126331852,32.107150774689934,"{""type"":""MultiPoint"",""coordinates"":[]}"
2552,6977,490,507,7248,6643,7074,7004,7014,6993,6676,6829,0,2023-10-03,63.48247071248034,148.28750024321073,"{""type"":""MultiPoint"",""coordinates"":[]}"
2553,2018,234,138,1622,1156,900,774,729,701,575,606,0,2023-08-11,70.28633546884892,-123.99295404572683,"{""type"":""MultiPoint"",""coordinates"":[]}"
2555,1168,1962,921,928,872,741,933,1640,1974,1868,2323,0,2023-10-25,14.55429876664532,-83.88637162557914,"{""type"":""MultiPoint"",""coordinates"":[]}"
2556,1187,1539,506,937,892,520,902,2429,3304,3401,4016,0,2023-11-16,-2.6474228074789488,133.94196172834378,"{""type"":""MultiPoint"",""coordinates"":[]}"
2557,1274,40,29,851,463,252,220,202,187,132,126,0,2023-09-14,-42.99992660597771,149.70346300789365,"{""type"":""MultiPoint"",""coordinates"":[]}"
2558,2795,2001,2056,2548,2223,2335,2130,2243,2292,2005,2329,0,2023-06-30,-14.97561797775423,-77.70577182286746,"{""type"":""MultiPoint"",""coordinates"":[]}"
2559,1461,366,264,1122,765,565,515,496,478,477,437,0,2023-02-02,-15.766765148091038,-146.94827056201387,"{""type"":""MultiPoint"",""coordinates"":[]}"
2563,1451,1760,966,1147,976,794,962,1436,1663,1541,1846,0,2023-10-20,-25.137925819688785,-60.91170632353214,"{""type"":""MultiPoint"",""coordinates"":[]}"
2564,1271,2147,1337,1034,1012,901,1300,2015,2285,2263,2612,0,2023-04-26,21.494016091871355,86.38350033310292,"{""type"":""MultiPoint"",""coordinates"":[]}"
2566,6428,550,577,6562,5848,6263,6397,6397,6434,5930,6077,0,2023-02-06,52.44901276760733,58.155922447058515,"{""type"":""MultiPoint"",""coordinates"":[]}"
2569,1293,2696,2122,1060,996,982,1241,1702,1980,1849,2213,0,2023-03-03,-19.713521452070907,23.26171146922813,"{""type"":""MultiPoint"",""coordinates"":[]}"
2570,3816,3368,3806,3447,2885,2843,2698,2787,2982,3192,3401,0,2023-01-22,43.200016141853574,48.63620512528343,"{""type"":""MultiPoint"",""coordinates"":[]}"
2572,6601,401,454,6188,4961,5104,4849,4783,4684,4711,4417,0,2023-03-17,60.84591609670282,167.34409898089908,"{""type"":""MultiPoint"",""coordinates"":[]}"
2574,1319,55,43,890,484,261,220,182,173,131,129,0,2023-06-12,-13.468025543123575,-134.899505410806,"{""type"":""MultiPoint"",""coordinates"":[]}"
2575,4852,529,423,3690,2750,2542,2563,2554,2631,2389,2495,0,2023-01-16,56.32705661953478,63.502508552231795,"{""type"":""MultiPoint"",""coordinates"":[]}"
2576,4210,1877,1803,3818,3308,3631,3746,3774,3869,3505,3895,0,2023-03-26,-76.10096780607343,-168.58403894946434,"{""type"":""MultiPoint"",""coordinates"":[]}"
2582,1117,1339,450,814,721,404,715,2128,2849,3013,3195,0,2023-09-12,-3.9929997276931295,-73.72488872126175,"{""type"":""MultiPoint"",""coordinates"":[]}"
2586,1433,3216,2079,1208,1162,1232,1551,2049,2356,2464,2714,0,2023-04-27,44.00970363510368,45.971235811958735,"{""type"":""MultiPoint"",""coordinates"":[]}"
2589,1377,1709,1041,1000,745,639,876,1144,1348,1347,1579,0,2023-01-20,31.807148989374515,-84.2905987837703,"{""type"":""MultiPoint"",""coordinates"":[]}"
2591,1571,2817,2317,1565,1573,1830,1912,2070,2256,2247,2434,0,2023-07-18,38.60053028470971,48.2735141898957,"{""type"":""MultiPoint"",""coordinates"":[]}"
2594,1396,2685,1826,1186,1115,1287,1458,1708,1929,1830,2253,0,2023-10-14,-17.26955096194716,46.4125477062235,"{""type"":""MultiPoint"",""coordinates"":[]}"
2601,1420,2202,1074,1123,972,939,1127,1552,1824,1896,2214,0,2023-10-25,-24.93467490885134,151.65232727676823,"{""type"":""MultiPoint"",""coordinates"":[]}"
2605,1769,2265,1831,1364,1303,1375,1541,1588,1871,1731,1860,0,2023-03-08,39.734550128319874,66.9046658008027,"{""type"":""MultiPoint"",""coordinates"":[]}"
2606,1149,1579,693,872,800,488,867,2521,3256,3356,3382,0,2023-05-12,26.956739269017877,95.67320134438867,"{""type"":""MultiPoint"",""coordinates"":[]}"
2609,1284,208,170,962,624,407,372,333,325,289,309,0,2023-08-18,34.73262885823987,128.79863831183252,"{""type"":""MultiPoint"",""coordinates"":[]}"
2611,1922,1061,845,1869,1466,1296,1249,1208,1255,1252,1228,0,2023-12-01,-15.579847487550557,150.60015873098243,"{""type"":""MultiPoint"",""coordinates"":[]}"
2612,1523,300,207,1144,785,611,528,519,507,405,484,0,2023-04-18,13.27264158903548,74.18528390266836,"{""type"":""MultiPoint"",""coordinates"":[]}"
2614,1202,4174,3437,1002,1011,1583,1637,1886,2152,2095,2487,0,2023-12-01,-20.268899517932034,-53.87088642527628,"{""type"":""MultiPoint"",""coordinates"":[]}"
2617,1061,1616,776,807,760,460,788,2486,3242,3318,3419,0,2023-10-05,-27.73230659868113,-54.379284614053475,"{""type"":""MultiPoint"",""coordinates"":[]}"
2622,1111,1257,421,835,754,398,676,2355,3086,3416,3726,0,2023-11-10,2.8194149475091224,117.27219882227821,"{""type"":""MultiPoint"",""coordinates"":[]}"
2623,1673,2858,2379,1377,1414,1782,2121,2334,2508,2280,2554,0,2023-02-15,30.787482852920625,-112.34759977820909,"{""type"":""MultiPoint"",""coordinates"":[]}"
2624,1488,3614,2533,1333,1418,1849,2142,2363,2523,2425,2812,0,2023-04-09,-29.27652448991461,138.43871452996555,"{""type"":""MultiPoint"",""coordinates"":[]}"
2630,1095,1328,555,838,743,509,759,1445,1659,1802,1834,0,2023-06-17,16.080312606519175,-92.09535480626586,"{""type"":""MultiPoint"",""coordinates"":[]}"
2632,1209,2570,2004,983,889,1102,1323,1488,1629,1639,1722,0,2023-06-08,-28.1675630099495,23.19378338189301,"{""type"":""MultiPoint"",""coordinates"":[]}"
2633,1349,14,14,875,473,246,194,161,139,113,96,0,2023-11-03,34.21194129163125,28.22631213436654,"{""type"":""MultiPoint"",""coordinates"":[]}"
2635,1303,135,105,906,550,374,325,306,287,218,244,0,2023-10-05,-33.67592174381152,152.3692550850257,"{""type"":""MultiPoint"",""coordinates"":[]}"
2636,1532,163,125,1134,722,481,434,394,386,300,331,0,2023-12-10,37.76456806896543,144.06810168773453,"{""type"":""MultiPoint"",""coordinates"":[]}"
2641,3281,379,315,2675,1834,1704,1792,1943,1981,2157,2055,0,2023-12-03,57.11436254917852,93.741327357657,"{""type"":""MultiPoint"",""coordinates"":[]}"
2642,1354,1522,660,1120,970,721,954,2249,2950,2709,3323,0,2023-02-10,-10.11614514534363,-66.615969447506,"{""type"":""MultiPoint"",""coordinates"":[]}"
2643,1589,1656,1399,1276,1212,1296,1302,1328,1370,1431,1424,0,2023-01-18,31.77002701976652,69.76533892966772,"{""type"":""MultiPoint"",""coordinates"":[]}"
2644,1379,65,39,930,526,301,255,226,194,175,159,0,2023-03-13,-33.51900418811618,28.944903980997115,"{""type"":""MultiPoint"",""coordinates"":[]}"
2646,1182,42,34,899,592,287,243,196,184,145,140,0,2023-04-09,45.88640152102374,36.50966889551653,"{""type"":""MultiPoint"",""coordinates"":[]}"
2649,1417,685,365,1015,675,512,572,701,778,740,908,0,2023-11-26,42.81592420913824,25.104127858525434,"{""type"":""MultiPoint"",""coordinates"":[]}"
2650,1537,264,204,1102,714,489,415,407,420,345,381,0,2023-09-06,17.803979874381987,-75.35766577475036,"{""type"":""MultiPoint"",""coordinates"":[]}"
2653,1415,167,153,1056,741,486,414,350,353,295,309,0,2023-06-12,59.843339983844274,-168.01522745135227,"{""type"":""MultiPoint"",""coordinates"":[]}"
2656,2155,6118,5051,2206,2753,3929,4089,4395,4706,4435,4848,0,2023-06-24,22.180445434771563,46.91272229462285,"{""type"":""MultiPoint"",""coordinates"":[]}"
2657,2073,1522,952,1443,1285,1168,1411,2325,2873,2321,3144,0,2023-05-10,-2.160610654793268,-73.12761823805118,"{""type"":""MultiPoint"",""coordinates"":[]}"
2660,1778,4198,3413,1643,1685,2104,2217,2464,2747,2580,3096,0,2023-04-02,11.413403779676967,3.8935284269779267,"{""type"":""MultiPoint"",""coordinates"":[]}"
2661,4801,2460,2454,4746,4436,4486,4392,4344,4357,4231,4309,0,2023-12-26,-68.99338982253174,-89.86379524329936,"{""type"":""MultiPoint"",""coordinates"":[]}"
2663,1460,2949,1781,1352,1283,1463,1560,2138,2563,2666,3041,0,2023-11-24,-14.044205703153517,141.73295150560853,"{""type"":""MultiPoint"",""coordinates"":[]}"
2667,1659,663,567,1337,957,848,828,824,803,706,801,0,2023-04-25,23.160793584952444,38.176724686695955,"{""type"":""MultiPoint"",""coordinates"":[]}"
2668,1618,2563,1858,1401,1231,1547,1627,1786,2011,2004,2286,0,2023-11-09,47.644771248849,-96.75880367289228,"{""type"":""MultiPoint"",""coordinates"":[]}"
2669,9602,1070,1164,9402,8868,9131,9264,9210,9054,8755,8824,0,2023-10-30,-71.0343000392384,113.6713316745743,"{""type"":""MultiPoint"",""coordinates"":[]}"
2672,3183,1021,971,2688,1910,1865,1974,2200,2249,2146,2250,0,2023-11-19,60.018977861714674,115.69299272714187,"{""type"":""MultiPoint"",""coordinates"":[]}"
2673,2893,601,434,2211,1546,1298,1383,1707,1883,1830,1934,0,2023-11-11,65.80081278355846,34.78183977837456,"{""type"":""MultiPoint"",""coordinates"":[]}"
2674,1414,3097,2306,1409,1509,2000,1988,2222,2504,2426,2831,0,2023-01-12,14.039079205085352,37.79704729275675,"{""type"":""MultiPoint"",""coordinates"":[]}"
2675,1524,1587,1118,1339,1151,1094,1125,1538,1756,1663,1856,0,2023-12-10,23.432765372999466,116.2381966022826,"{""type"":""MultiPoint"",""coordinates"":[]}"
2677,1865,172,141,1407,899,519,459,389,354,348,259,0,2023-12-09,45.98101575676344,-2.134368203399781,"{""type"":""MultiPoint"",""coordinates"":[]}"
2680,1796,6500,5859,1923,2586,4743,4818,5089,5460,5506,5710,0,2023-11-15,30.52618801879143,-0.08367507762136504,"{""type"":""MultiPoint"",""coordinates"":[]}"
2682,1533,2216,1553,1236,1030,935,1122,1421,1532,1496,1622,0,2023-09-27,51.351707680087706,77.3868896499914,"{""type"":""MultiPoint"",""coordinates"":[]}"
2689,1286,114,78,901,527,325,262,230,215,216,201,0,2023-07-10,-0.7828130490487585,73.36741563706103,"{""type"":""MultiPoint"",""coordinates"":[]}"
2690,1806,746,544,1530,1007,825,896,847,882,792,799,0,2023-12-10,-19.54931557823101,-172.92832252292982,"{""type"":""MultiPoint"",""coordinates"":[]}"
2698,3492,1006,987,3019,2173,2268,2334,2375,2384,2217,2349,0,2023-11-30,59.02783493664383,-91.06932510892716,"{""type"":""MultiPoint"",""coordinates"":[]}"
2701,1850,3788,2866,1832,1983,2430,2514,2711,2873,2895,3125,0,2023-06-24,28.29614800623015,53.438832079209526,"{""type"":""MultiPoint"",""coordinates"":[]}"
2702,1202,1075,492,885,700,488,735,1586,1885,1838,2081,0,2023-08-04,61.41761319718231,31.904748704870453,"{""type"":""MultiPoint"",""coordinates"":[]}"
2706,1516,455,345,1095,794,660,606,583,611,493,569,0,2023-07-29,27.710124783841326,-91.84104109496701,"{""type"":""MultiPoint"",""coordinates"":[]}"
2707,1999,6809,5966,2041,2689,4400,4688,5061,5359,5121,5486,0,2023-04-13,22.456503210494574,23.650035923794995,"{""type"":""MultiPoint"",""coordinates"":[]}"
2708,1445,59,45,1164,709,296,237,208,197,157,161,0,2023-01-02,-46.720456563051656,-72.61833046738508,"{""type"":""MultiPoint"",""coordinates"":[]}"
2710,1418,85,61,975,566,351,275,254,239,186,201,0,2023-09-20,34.393911916502596,141.07214523197214,"{""type"":""MultiPoint"",""coordinates"":[]}"
2711,1739,3334,2743,1642,1759,2225,2334,2495,2652,2405,2598,0,2023-11-28,26.054644486290563,42.52875085894966,"{""type"":""MultiPoint"",""coordinates"":[]}"
2715,3732,612,492,4108,3534,3478,3336,3963,4058,4536,4082,0,2023-11-09,61.264135062675344,-112.12913109988062,"{""type"":""MultiPoint"",""coordinates"":[]}"
2716,1243,2045,1157,978,854,870,1094,1608,1842,1813,2132,0,2023-06-26,-11.902929276886182,32.58581275127629,"{""type"":""MultiPoint"",""coordinates"":[]}"
2719,1233,1808,885,899,841,515,1030,2604,3376,3468,3753,0,2023-06-05,43.4100995159919,-3.359296737094864,"{""type"":""MultiPoint"",""coordinates"":[]}"
2722,1164,52,43,767,456,256,212,195,168,130,132,0,2023-06-23,-15.525278413707667,60.59051058852583,"{""type"":""MultiPoint"",""coordinates"":[]}"
2727,1921,5770,5151,2057,2687,3940,4165,4436,4658,4578,4745,0,2023-02-20,22.471204249760184,1.07442015646641,"{""type"":""MultiPoint"",""coordinates"":[]}"
2731,10193,761,757,9987,9394,9661,9672,9595,9403,9116,9216,0,2023-12-24,-68.13770355011779,47.975674080733185,"{""type"":""MultiPoint"",""coordinates"":[]}"
2735,1396,2573,1923,1109,1030,1136,1356,1625,1752,1734,1892,0,2023-12-03,32.90124818211229,-110.86326797661026,"{""type"":""MultiPoint"",""coordinates"":[]}"
2738,1505,100,72,978,553,321,275,255,230,193,191,0,2023-03-20,-23.38816469533079,-125.10223300989016,"{""type"":""MultiPoint"",""coordinates"":[]}"
2739,1296,1830,1188,1044,1029,932,1377,2275,2706,2712,2915,0,2023-12-26,11.866152165071925,39.800088125303965,"{""type"":""MultiPoint"",""coordinates"":[]}"
2742,2173,4083,3317,2170,2518,3229,3411,3574,3779,3611,3873,0,2023-01-28,28.822728053514364,46.94178875711866,"{""type"":""MultiPoint"",""coordinates"":[]}"
2748,9449,658,674,9097,8518,8739,8762,8598,8273,7945,7823,0,2023-01-26,-76.2732493713835,153.98624580950002,"{""type"":""MultiPoint"",""coordinates"":[]}"
2750,7089,861,902,6435,5109,5423,5659,5625,5561,5148,5469,0,2023-02-23,63.567232293448036,166.4561647412918,"{""type"":""MultiPoint"",""coordinates"":[]}"
2751,1673,44,37,1219,787,440,362,294,258,229,185,0,2023-03-11,58.68304984335907,21.584198403890987,"{""type"":""MultiPoint"",""coordinates"":[]}"
2752,1587,404,324,1400,1181,745,612,554,603,501,551,0,2023-04-12,-3.88850706426,120.38584149101506,"{""type"":""MultiPoint"",""coordinates"":[]}"
2754,1274,2235,1053,1022,957,781,1122,2024,2563,2428,2956,0,2023-10-03,-8.413539870735988,-47.94791765962753,"{""type"":""MultiPoint"",""coordinates"":[]}"
2755,1453,309,211,1100,771,639,505,473,465,398,442,0,2023-04-11,3.963622489154233,-82.81329180935009,"{""type"":""MultiPoint"",""coordinates"":[]}"
2757,1721,5200,4499,1707,2153,3247,3433,3681,3999,3775,4187,0,2023-01-21,21.961048072721898,55.534469795135244,"{""type"":""MultiPoint"",""coordinates"":[]}"
2758,2000,2001,1636,1966,1953,2227,2378,2474,2556,2606,2688,0,2023-11-03,42.010365577377634,-109.0800846274506,"{""type"":""MultiPoint"",""coordinates"":[]}"
2759,1314,89,69,908,517,295,243,229,222,160,188,0,2023-06-08,-12.618400593236835,-134.04138077173073,"{""type"":""MultiPoint"",""coordinates"":[]}"
2760,1251,56,35,918,603,344,273,243,225,183,189,0,2023-09-25,42.754403106889114,-79.46180515903606,"{""type"":""MultiPoint"",""coordinates"":[]}"
2763,1179,2785,1820,987,980,894,1359,2247,2714,2537,2947,0,2023-03-22,-21.01247024872105,28.34920702002027,"{""type"":""MultiPoint"",""coordinates"":[]}"
2766,1485,257,165,1247,1112,761,657,573,632,525,575,0,2023-03-29,10.829757219522154,105.2059913399032,"{""type"":""MultiPoint"",""coordinates"":[]}"
2770,1345,1291,567,1041,884,598,970,2145,2601,2570,2881,0,2023-06-14,46.78739491499701,-81.29863388871551,"{""type"":""MultiPoint"",""coordinates"":[]}"
2773,1491,2588,1803,1353,1308,1354,1427,2060,2523,2347,2823,0,2023-07-16,13.98231944964271,-91.36048629388793,"{""type"":""MultiPoint"",""coordinates"":[]}"
2775,1294,2791,1386,1021,963,776,1135,2106,2576,2390,3017,0,2023-03-22,-5.613090131208328,-37.99364873019882,"{""type"":""MultiPoint"",""coordinates"":[]}"
2776,1910,5765,4631,1959,2462,3597,3694,4103,4526,4266,4853,0,2023-07-13,15.716457204258955,7.818747314502461,"{""type"":""MultiPoint"",""coordinates"":[]}"
2779,2969,3169,2438,2757,2678,2607,2712,3522,4106,3908,4444,0,2023-03-29,-3.5032454873991594,-52.5129952944845,"{""type"":""MultiPoint"",""coordinates"":[]}"
2784,1410,397,360,984,653,493,452,456,518,371,504,0,2023-07-18,16.754684886653035,-83.5807531045005,"{""type"":""MultiPoint"",""coordinates"":[]}"
2788,1359,2414,1753,1086,1040,1443,1617,1932,2054,2046,2177,0,2023-12-05,37.26036656649611,38.16366936693892,"{""type"":""MultiPoint"",""coordinates"":[]}"
2792,1287,43,25,893,492,275,225,185,185,139,136,0,2023-01-08,10.875686524713476,-81.37126344306405,"{""type"":""MultiPoint"",""coordinates"":[]}"
2796,1314,1894,679,1013,868,542,923,2732,3445,3322,3982,0,2023-08-02,29.52151584325322,119.70206637324698,"{""type"":""MultiPoint"",""coordinates"":[]}"
2800,2124,1123,605,1887,1462,1104,1099,1726,2161,2138,2283,0,2023-10-08,3.9873918592988074,10.891561294884944,"{""type"":""MultiPoint"",""coordinates"":[]}"
2801,2028,1168,1073,1627,1286,1193,1202,1241,1350,1006,1390,0,2023-11-07,6.484294720218345,135.28503759327535,"{""type"":""MultiPoint"",""coordinates"":[]}"
2804,4209,2003,1706,3051,2446,2643,2688,2755,2847,2470,2956,0,2023-04-19,64.51558850884825,-50.33154835158372,"{""type"":""MultiPoint"",""coordinates"":[]}"
2808,1548,353,362,1166,794,552,487,453,434,402,407,0,2023-06-06,73.2864686851323,1.954725300318005,"{""type"":""MultiPoint"",""coordinates"":[]}"
2810,1563,503,429,1116,814,706,634,635,650,460,647,0,2023-03-11,8.991640825014608,110.41115673577436,"{""type"":""MultiPoint"",""coordinates"":[]}"
2812,1286,99,78,915,535,317,264,243,228,192,192,0,2023-12-30,-8.584938714754186,-141.6935168092215,"{""type"":""MultiPoint"",""coordinates"":[]}"
2813,6136,5342,3071,6475,6584,7312,7059,7546,8024,6975,8109,0,2023-02-26,-0.4821556779574897,-58.364251988218705,"{""type"":""MultiPoint"",""coordinates"":[]}"
2815,2224,737,660,2027,1638,1575,1506,1437,1428,1446,1377,0,2023-01-02,-14.882491678584524,-168.6390038034536,"{""type"":""MultiPoint"",""coordinates"":[]}"
2817,1256,2047,1373,1150,1178,1335,1564,1672,1818,1839,2028,0,2023-04-20,38.03598723197128,100.70759217746757,"{""type"":""MultiPoint"",""coordinates"":[]}"
2823,1394,294,221,1113,842,625,563,533,521,454,474,0,2023-12-18,9.265747510802086,-14.467242159020365,"{""type"":""MultiPoint"",""coordinates"":[]}"
2825,1350,136,103,951,570,334,298,273,249,222,207,0,2023-08-03,-18.695351660430283,59.842782691850104,"{""type"":""MultiPoint"",""coordinates"":[]}"
2827,1528,500,391,1284,971,814,655,603,603,728,557,0,2023-01-02,-21.129433380395653,114.37915326495236,"{""type"":""MultiPoint"",""coordinates"":[]}"
2831,2023,1222,918,1108,983,868,953,1701,2206,1600,2492,0,2023-05-15,8.390225690629482,80.00873058950742,"{""type"":""MultiPoint"",""coordinates"":[]}"
2833,1256,2225,1791,1018,897,1296,1409,1639,1656,1542,1643,0,2023-06-09,-22.918232091727052,116.10320860674446,"{""type"":""MultiPoint"",""coordinates"":[]}"
2834,8207,1972,2045,8079,7554,7782,8005,7967,7790,7568,7695,0,2023-09-13,-72.26827141781081,132.45170583197134,"{""type"":""MultiPoint"",""coordinates"":[]}"
2835,1800,2204,1218,1484,1490,1332,1600,2897,3624,3256,3897,0,2023-08-15,19.739914260872183,110.13326497730144,"{""type"":""MultiPoint"",""coordinates"":[]}"
2836,1087,1251,461,774,607,378,591,1777,2288,2146,2793,0,2023-05-12,-18.680291725585512,-59.42717305619555,"{""type"":""MultiPoint"",""coordinates"":[]}"
2840,1476,3695,2915,1241,1458,2072,2424,2717,2938,2701,3195,0,2023-02-06,4.9480953438554405,43.8044660442631,"{""type"":""MultiPoint"",""coordinates"":[]}"
2843,1525,210,183,1114,701,471,411,409,411,325,383,0,2023-12-21,5.064920116428895,73.80512669860336,"{""type"":""MultiPoint"",""coordinates"":[]}"
2851,1621,764,692,1437,1384,1115,1012,995,1019,828,991,0,2023-03-29,19.949988521316637,-17.103601288884104,"{""type"":""MultiPoint"",""coordinates"":[]}"
2861,1531,115,87,1365,1237,740,578,351,345,265,266,0,2023-02-16,22.407344271670055,69.1396417325068,"{""type"":""MultiPoint"",""coordinates"":[]}"
2862,1647,721,564,1286,949,821,781,771,819,684,828,0,2023-04-28,11.596782482608274,81.00572540324221,"{""type"":""MultiPoint"",""coordinates"":[]}"
2863,1901,2623,2297,1779,1835,2262,2280,2362,2534,2334,2512,0,2023-04-19,34.44154133875134,54.716806150671026,"{""type"":""MultiPoint"",""coordinates"":[]}"
2865,1350,132,92,945,563,358,294,263,252,212,213,0,2023-05-03,-20.51165949858742,169.741981214981,"{""type"":""MultiPoint"",""coordinates"":[]}"
2868,1834,6666,5747,1896,2675,4597,5029,5476,5800,5627,5975,0,2023-12-22,18.989565841153844,-12.911599752571588,"{""type"":""MultiPoint"",""coordinates"":[]}"
2871,1588,1524,766,1319,1228,960,1222,2178,2580,2211,2688,1024,2023-09-14,10.82410738059734,5.8103452921753735,"{""type"":""MultiPoint"",""coordinates"":[]}"
2872,2474,7282,6315,2749,3828,5418,5753,6056,6368,6192,6490,0,2023-03-25,17.14300082541538,10.893138668393256,"{""type"":""MultiPoint"",""coordinates"":[]}"
2876,1093,2458,1740,953,928,904,1161,1705,1929,1865,2116,0,2023-07-09,47.86924156417084,99.14238608938827,"{""type"":""MultiPoint"",""coordinates"":[]}"
2878,1678,1894,1441,1267,977,933,1020,1188,1302,1249,1410,0,2023-01-01,46.05157045264663,19.06571027149918,"{""type"":""MultiPoint"",""coordinates"":[]}"
2881,1209,2469,1372,1021,1086,914,1314,2661,3071,2877,3276,0,2023-08-09,26.36022920919367,102.90834922664726,"{""type"":""MultiPoint"",""coordinates"":[]}"
2882,1251,2513,1807,958,920,1243,1363,1701,1774,1723,1804,0,2023-09-13,-26.200791753833023,119.03081326660352,"{""type"":""MultiPoint"",""coordinates"":[]}"
2884,1612,1495,732,1241,1008,775,1098,1936,2104,2042,2313,0,2023-02-24,23.940774834168636,109.69253365973242,"{""type"":""MultiPoint"",""coordinates"":[]}"
2885,1198,151,138,868,556,366,335,314,295,240,275,0,2023-06-13,59.119072472853034,-171.27999609516243,"{""type"":""MultiPoint"",""coordinates"":[]}"
2886,3006,1933,1424,2591,2431,2887,3775,3842,4004,3112,3894,0,2023-02-26,38.46939642235596,37.14616002008436,"{""type"":""MultiPoint"",""coordinates"":[]}"
2887,1432,293,218,1102,763,583,504,492,494,425,434,0,2023-09-05,22.84984391042305,67.15099312775526,"{""type"":""MultiPoint"",""coordinates"":[]}"
2888,1267,127,105,858,502,315,291,252,254,191,197,0,2023-03-08,-26.657053914157807,111.99264974110471,"{""type"":""MultiPoint"",""coordinates"":[]}"
2889,2496,788,635,1977,1324,1180,1066,1056,1125,977,1072,0,2023-06-02,-47.353204214535936,176.58645527710064,"{""type"":""MultiPoint"",""coordinates"":[]}"
2892,1262,1726,1033,988,943,668,1047,2210,2616,2421,2797,0,2023-06-23,53.31161321386847,36.04802563007245,"{""type"":""MultiPoint"",""coordinates"":[]}"
2894,1358,2737,1744,1110,994,1160,1344,1622,1888,1818,2148,0,2023-07-12,-13.575866077523447,131.73247451684747,"{""type"":""MultiPoint"",""coordinates"":[]}"
2899,4158,541,539,2801,2412,2657,3092,3595,3676,3567,3786,0,2023-03-04,63.52678621997331,-139.1318876032573,"{""type"":""MultiPoint"",""coordinates"":[]}"
2900,1260,2865,1625,1142,1233,1116,1455,2862,3614,3566,3975,0,2023-09-15,39.41167446180561,-99.82988137099784,"{""type"":""MultiPoint"",""coordinates"":[]}"
2901,2033,6470,5571,2098,2793,4218,4337,4723,5134,4641,5252,0,2023-07-13,31.526920043725262,5.421961690796974,"{""type"":""MultiPoint"",""coordinates"":[]}"
2902,1288,59,42,901,505,285,228,204,192,161,143,0,2023-05-29,9.729194362706448,122.0669485049274,"{""type"":""MultiPoint"",""coordinates"":[]}"
2904,8400,1847,1710,8231,6487,8335,9057,9248,9331,9296,9305,0,2023-02-10,68.68922942716443,-90.58211917105186,"{""type"":""MultiPoint"",""coordinates"":[]}"
2910,1783,1028,767,1588,1388,1277,1159,1170,1195,1032,1202,0,2023-10-11,-5.531597304661377,137.86421885238124,"{""type"":""MultiPoint"",""coordinates"":[]}"
2913,1383,31,19,999,575,271,224,189,153,128,121,0,2023-08-02,-30.91589531771154,114.92262927401279,"{""type"":""MultiPoint"",""coordinates"":[]}"
2915,4146,915,875,4022,3718,3911,4294,4283,4385,4109,4538,0,2023-02-20,50.06502079102533,49.4269369178018,"{""type"":""MultiPoint"",""coordinates"":[]}"
2919,1268,2661,1242,1152,1162,1024,1252,2934,3816,3626,4403,0,2023-07-11,29.48079587287041,-97.46334214863846,"{""type"":""MultiPoint"",""coordinates"":[]}"
2921,1326,32,27,897,473,260,202,173,156,127,109,0,2023-10-16,34.167873018158346,-12.889101594240065,"{""type"":""MultiPoint"",""coordinates"":[]}"
2922,1252,1004,523,1292,1311,1498,1524,2150,2464,2222,2485,0,2023-05-30,46.489349530798805,141.84216748851864,"{""type"":""MultiPoint"",""coordinates"":[]}"
2923,1387,1601,1341,1242,1163,1304,1266,1358,1445,1459,1490,0,2023-05-06,23.34561373094776,76.27151803574105,"{""type"":""MultiPoint"",""coordinates"":[]}"
2925,1338,65,43,876,472,270,215,189,168,153,138,0,2023-04-13,-14.780602131361613,162.22568244030367,"{""type"":""MultiPoint"",""coordinates"":[]}"
2928,1476,2229,1461,1207,1008,1109,1215,1335,1494,1533,1741,0,2023-06-17,70.8466816659264,150.55208093569564,"{""type"":""MultiPoint"",""coordinates"":[]}"
2929,7868,851,862,7404,6170,6936,7223,7247,7176,6698,6989,0,2023-03-19,-77.88182896770611,-27.750937461498506,"{""type"":""MultiPoint"",""coordinates"":[]}"
2930,1654,841,644,1449,1128,1086,924,937,980,882,974,0,2023-06-08,25.64499309850052,-96.57833680174619,"{""type"":""MultiPoint"",""coordinates"":[]}"
2932,1472,156,115,1052,656,423,363,333,333,269,281,0,2023-01-26,9.273303361619268,-77.26936223120028,"{""type"":""MultiPoint"",""coordinates"":[]}"
2933,6181,265,220,5527,4531,4552,4520,4417,4361,3939,4178,0,2023-10-01,76.31174967095458,108.54777279424518,"{""type"":""MultiPoint"",""coordinates"":[]}"
2934,1270,29,18,849,450,226,176,151,140,93,97,0,2023-12-19,-1.9025738424336247,73.86691477411138,"{""type"":""MultiPoint"",""coordinates"":[]}"
2935,1222,1698,679,914,825,499,909,2282,3154,3116,3411,0,2023-09-17,-10.270761901742851,-61.291579533482086,"{""type"":""MultiPoint"",""coordinates"":[]}"
2936,9131,310,294,8932,8174,8493,8351,8306,8136,7413,7685,0,2023-04-05,55.613591912684356,-81.32878008727924,"{""type"":""MultiPoint"",""coordinates"":[]}"
2939,8356,722,661,8244,7555,7965,8069,8076,8047,7631,7901,0,2023-09-03,76.68716563024569,-27.33806023598959,"{""type"":""MultiPoint"",""coordinates"":[]}"
2940,1248,2001,1511,1087,1022,1131,1336,1692,1812,1771,1938,0,2023-11-07,-41.11402450868946,-70.97740546321174,"{""type"":""MultiPoint"",""coordinates"":[]}"
2941,1371,146,119,969,557,349,294,287,259,217,231,0,2023-04-29,-10.580733747276,-144.4144217931379,"{""type"":""MultiPoint"",""coordinates"":[]}"
2943,1550,4386,3265,1518,1688,2232,2374,2690,3070,2998,3458,0,2023-12-01,11.910663589959048,7.738572337855313,"{""type"":""MultiPoint"",""coordinates"":[]}"
2944,1510,2137,1755,1328,1235,1393,1508,1711,1855,1893,1913,0,2023-11-15,42.15481865341812,-116.57072474349926,"{""type"":""MultiPoint"",""coordinates"":[]}"
2945,2287,3531,2905,2137,1962,2154,2514,2737,2888,2738,3068,0,2023-12-11,47.2068231341853,57.639933583160605,"{""type"":""MultiPoint"",""coordinates"":[]}"
2946,2306,717,585,2000,1367,1166,1119,1042,1031,1056,924,0,2023-12-18,50.387467599625694,158.9178029630716,"{""type"":""MultiPoint"",""coordinates"":[]}"
2947,1183,2583,1899,919,847,1147,1410,1552,1682,1438,1659,0,2023-01-20,-25.829564295533455,119.57230219269412,"{""type"":""MultiPoint"",""coordinates"":[]}"
2948,5182,926,913,5113,4535,4964,4913,4958,4776,4659,4576,0,2023-02-11,47.435529918763926,146.91094991109716,"{""type"":""MultiPoint"",""coordinates"":[]}"
2949,1220,1548,530,912,854,464,912,2693,3430,3231,3857,0,2023-02-18,-19.049158283431645,-58.50361864232124,"{""type"":""MultiPoint"",""coordinates"":[]}"
2951,1386,122,77,989,620,385,328,307,291,251,259,0,2023-11-15,-8.246963703429666,120.62789028179387,"{""type"":""MultiPoint"",""coordinates"":[]}"
2952,1219,2560,1258,979,919,825,1077,1674,2055,1976,2421,0,2023-10-04,5.74751184804069,-68.88396582726219,"{""type"":""MultiPoint"",""coordinates"":[]}"
2953,7989,158,146,8318,8001,8408,8242,7912,7479,6903,7030,0,2023-07-22,77.07895923812755,-70.83140443157588,"{""type"":""MultiPoint"",""coordinates"":[]}"
2959,7713,556,560,7901,7118,6830,6458,6289,6001,5430,5650,0,2023-06-29,73.057160030756,-130.09460429823673,"{""type"":""MultiPoint"",""coordinates"":[]}"
2961,1785,952,755,1521,1234,1154,1085,1066,1109,1025,1121,0,2023-04-14,13.78754632268342,-63.8368495460579,"{""type"":""MultiPoint"",""coordinates"":[]}"
2962,1152,1603,572,838,715,387,649,2393,3352,3318,3910,0,2023-10-20,21.929257109844794,102.69589041523436,"{""type"":""MultiPoint"",""coordinates"":[]}"
2964,1658,123,86,1203,707,436,375,347,327,254,263,0,2023-12-12,45.271348455948996,-10.300983194168651,"{""type"":""MultiPoint"",""coordinates"":[]}"
2966,8345,675,732,8079,7181,7965,8052,8128,7966,7678,7763,0,2023-03-06,68.05099627830867,-161.94986148030833,"{""type"":""MultiPoint"",""coordinates"":[]}"
2970,1384,2008,1065,1128,1055,770,1122,2500,3011,2885,3422,0,2023-06-25,6.99671064237652,37.40285220773878,"{""type"":""MultiPoint"",""coordinates"":[]}"
2972,1846,3696,3507,1834,2036,2499,2665,2773,2917,2782,2973,0,2023-03-09,45.86500159683895,92.37143004122174,"{""type"":""MultiPoint"",""coordinates"":[]}"
2973,3058,2048,1668,2727,2353,2359,2305,2314,2372,2274,2396,0,2023-07-08,-32.02808893403424,156.20794245839622,"{""type"":""MultiPoint"",""coordinates"":[]}"
2977,1509,3916,2620,1342,1327,1649,2013,2287,2581,2629,3045,0,2023-06-26,-19.174642592795664,31.841720180213166,"{""type"":""MultiPoint"",""coordinates"":[]}"
2978,1469,457,353,1120,833,672,612,592,618,483,563,0,2023-11-22,-14.766335061750969,11.61125084027478,"{""type"":""MultiPoint"",""coordinates"":[]}"
2979,2291,2298,1578,2132,1787,1388,1953,3067,3521,3586,3802,0,2023-07-31,46.30616945441661,-68.58256862810128,"{""type"":""MultiPoint"",""coordinates"":[]}"
2981,2505,327,196,2180,1636,1186,1046,989,941,804,832,0,2023-05-09,13.453858959396028,-83.4295837477206,"{""type"":""MultiPoint"",""coordinates"":[]}"
2982,1513,3055,1737,1381,1420,1666,1914,2411,2758,2771,3129,0,2023-08-10,-19.61337168544066,137.84997762499177,"{""type"":""MultiPoint"",""coordinates"":[]}"
2985,1143,1725,1014,879,706,659,861,1471,1570,1372,1823,0,2023-08-08,-23.061900115472906,146.20582002102154,"{""type"":""MultiPoint"",""coordinates"":[]}"
2986,1784,191,140,1421,868,495,399,378,375,300,325,0,2023-05-30,-10.538265996364625,143.11997541952925,"{""type"":""MultiPoint"",""coordinates"":[]}"
2989,1640,664,546,1271,992,871,862,841,842,697,828,0,2023-07-18,26.755181343991435,-16.141802269199452,"{""type"":""MultiPoint"",""coordinates"":[]}"
2991,1392,4318,2790,1313,1441,1993,2224,2582,2947,2835,3354,0,2023-07-21,-18.536437233578347,-52.78165599848336,"{""type"":""MultiPoint"",""coordinates"":[]}"
2993,1370,54,40,1058,679,363,306,261,223,193,161,0,2023-02-07,36.80577277626815,125.51051903620008,"{""type"":""MultiPoint"",""coordinates"":[]}"
2995,1248,1739,887,965,836,732,1101,1595,1861,1820,2135,0,2023-06-14,-9.071970956690842,20.258996573349183,"{""type"":""MultiPoint"",""coordinates"":[]}"
2996,4947,1990,1711,4948,4178,4391,4419,4610,4664,4849,4689,0,2023-11-26,49.49940627659812,14.239546486828873,"{""type"":""MultiPoint"",""coordinates"":[]}"
2997,1512,342,251,1099,813,630,475,509,510,392,470,0,2023-10-19,-7.76901296431184,-156.24395228042204,"{""type"":""MultiPoint"",""coordinates"":[]}"
2998,2139,5306,4690,2225,2709,3721,3828,4051,4311,4074,4456,0,2023-06-30,23.93691287946467,-12.684854641488771,"{""type"":""MultiPoint"",""coordinates"":[]}"
3003,1370,161,128,910,558,358,314,278,299,219,260,0,2023-04-23,-18.186308827664693,-162.96982374659163,"{""type"":""MultiPoint"",""coordinates"":[]}"
3004,3540,3595,2882,1962,2254,2819,3188,3936,4495,3009,4799,0,2023-06-17,26.026189909667913,116.68508644062008,"{""type"":""MultiPoint"",""coordinates"":[]}"
3006,1110,1320,514,797,673,344,670,2237,2792,2467,3080,0,2023-07-17,55.11252422753892,159.99715476887042,"{""type"":""MultiPoint"",""coordinates"":[]}"
3010,1195,1692,917,913,786,724,1181,1764,2022,2104,2336,0,2023-05-20,60.00126165105306,61.4871254266329,"{""type"":""MultiPoint"",""coordinates"":[]}"
3011,2432,6461,5294,2633,3280,4277,4515,4778,5151,4980,5427,0,2023-10-19,15.38440005583219,18.143359474516508,"{""type"":""MultiPoint"",""coordinates"":[]}"
3014,1588,1601,1442,1309,1070,1010,1045,1113,1184,1157,1264,0,2023-09-04,-10.074676441656164,16.555416611414497,"{""type"":""MultiPoint"",""coordinates"":[]}"
3015,2215,7055,5619,2453,3423,5037,4982,5321,5932,5461,6199,0,2023-08-01,16.225423399299338,9.796352884999074,"{""type"":""MultiPoint"",""coordinates"":[]}"
3016,8897,833,832,8743,7992,8431,8526,8483,8415,8062,8233,0,2023-10-05,-68.83273171432612,-76.61691690132504,"{""type"":""MultiPoint"",""coordinates"":[]}"
3017,3945,629,535,4889,4423,4599,4217,4496,4592,4739,4666,0,2023-02-08,50.882189384382656,-100.41419138640465,"{""type"":""MultiPoint"",""coordinates"":[]}"
3019,1774,4037,3445,1603,1703,2154,2647,2750,3010,2842,3238,0,2023-10-24,44.66614495409259,115.64803516964939,"{""type"":""MultiPoint"",""coordinates"":[]}"
3021,1679,206,135,1277,882,628,525,491,493,402,440,0,2023-10-28,12.445504553209458,97.90624985869631,"{""type"":""MultiPoint"",""coordinates"":[]}"
3023,847,1893,959,635,614,448,926,1887,2207,2296,2511,0,2023-10-30,25.921743810231582,98.94588736689089,"{""type"":""MultiPoint"",""coordinates"":[]}"
3024,1171,1683,1295,1027,950,1125,1176,1255,1337,1312,1344,0,2023-08-17,-29.256807853076953,28.8790460158777,"{""type"":""MultiPoint"",""coordinates"":[]}"
3026,882,1280,691,672,643,486,798,1608,1879,1860,2092,0,2023-12-03,-7.364153794894973,-78.72104368935454,"{""type"":""MultiPoint"",""coordinates"":[]}"
3027,1108,1326,466,821,651,371,659,1990,2760,2766,3062,0,2023-05-16,-12.782935627564402,-69.42632212581209,"{""type"":""MultiPoint"",""coordinates"":[]}"
3029,2252,70,53,1693,952,645,551,524,464,371,356,0,2023-03-24,75.4620698255563,36.83291193610723,"{""type"":""MultiPoint"",""coordinates"":[]}"
3032,1636,421,304,1276,925,727,648,632,627,564,590,0,2023-04-18,8.775310565820506,97.19194485521153,"{""type"":""MultiPoint"",""coordinates"":[]}"
3035,2083,4922,4041,1904,2305,3168,3392,3559,3854,3580,4029,0,2023-09-20,28.001556011238364,44.91863546480104,"{""type"":""MultiPoint"",""coordinates"":[]}"
3037,1480,3145,2245,1259,1121,1306,1466,1671,1847,1946,2109,0,2023-04-17,56.18866792594956,68.30787709311214,"{""type"":""MultiPoint"",""coordinates"":[]}"
3038,1438,3816,3295,1564,1883,2452,2645,2788,2954,2938,3093,0,2023-10-07,35.238838263796914,66.59641744145696,"{""type"":""MultiPoint"",""coordinates"":[]}"
3039,1701,1137,913,1536,1378,1222,1117,1066,1159,1089,1175,0,2023-06-24,20.059465999116494,-90.5270104828355,"{""type"":""MultiPoint"",""coordinates"":[]}"
3040,1272,108,78,940,576,343,287,265,249,211,195,0,2023-12-09,17.89465593543801,108.15579574602323,"{""type"":""MultiPoint"",""coordinates"":[]}"
3042,1082,1765,879,839,780,646,855,1718,2037,2045,2333,0,2023-03-14,-18.08973867859123,-43.68782435118385,"{""type"":""MultiPoint"",""coordinates"":[]}"
3045,1713,3703,3400,1702,1917,2576,2713,2834,2959,2864,3017,0,2023-04-15,24.911805246771987,42.144018464005725,"{""type"":""MultiPoint"",""coordinates"":[]}"
3046,1263,3803,2908,1046,1074,1998,2242,2388,2478,2323,2570,0,2023-03-14,-26.824598973173963,133.64886720224516,"{""type"":""MultiPoint"",""coordinates"":[]}"
3049,2046,40,5,1491,905,593,468,424,362,296,267,0,2023-11-17,59.50068628260544,4.040658601944755,"{""type"":""MultiPoint"",""coordinates"":[]}"
3051,1133,1041,474,853,723,447,684,1735,2129,2128,2326,0,2023-08-20,56.54145830598584,61.28579536946319,"{""type"":""MultiPoint"",""coordinates"":[]}"
3054,2658,2436,2153,2712,2406,2458,2331,2384,2509,2266,2610,0,2023-04-04,-2.405977768529738,146.17665291850602,"{""type"":""MultiPoint"",""coordinates"":[]}"
3055,1200,30,18,865,498,237,189,157,141,111,102,0,2023-10-17,31.29727469550449,-80.45173851961046,"{""type"":""MultiPoint"",""coordinates"":[]}"
3056,1445,2278,1623,1086,877,941,1052,1173,1382,1326,1659,0,2023-06-11,-31.836070901544634,-61.154603906737115,"{""type"":""MultiPoint"",""coordinates"":[]}"
3057,8841,628,667,8093,7093,7454,8193,8167,7979,6894,7749,0,2023-05-24,74.65719662534134,145.48053988022036,"{""type"":""MultiPoint"",""coordinates"":[]}"
3059,1096,34,13,768,467,232,197,160,150,112,91,0,2023-09-07,45.38709039114144,154.4388820481223,"{""type"":""MultiPoint"",""coordinates"":[]}"
3061,1447,3525,2873,1368,1611,2316,2437,2734,2973,2947,3116,0,2023-03-30,-27.96369259926851,21.21636737870009,"{""type"":""MultiPoint"",""coordinates"":[]}"
3065,2141,1376,1284,1978,1680,1546,1457,1411,1397,1449,1377,0,2023-05-28,56.588080065482934,-151.39224061629167,"{""type"":""MultiPoint"",""coordinates"":[]}"
3067,1450,173,130,1102,811,562,482,441,427,371,367,0,2023-11-04,19.505399165674785,57.776840126675125,"{""type"":""MultiPoint"",""coordinates"":[]}"
3068,1289,27,18,917,552,311,242,214,190,151,149,0,2023-10-05,58.69147763757818,153.17039932171068,"{""type"":""MultiPoint"",""coordinates"":[]}"
3069,6807,1609,1255,6567,5571,6401,6658,6819,6824,6429,6755,0,2023-11-04,67.75479466161532,-77.25136956286569,"{""type"":""MultiPoint"",""coordinates"":[]}"
3070,1338,2729,2181,1122,970,1013,1112,1316,1472,1487,1710,0,2023-10-04,-19.0787162911559,34.23496705476481,"{""type"":""MultiPoint"",""coordinates"":[]}"
3071,1588,3365,2517,1349,1331,1345,1611,2032,2311,2247,2677,0,2023-11-19,-15.599414328247688,17.54824789961644,"{""type"":""MultiPoint"",""coordinates"":[]}"
3075,1607,195,140,1080,642,456,392,354,334,298,293,0,2023-09-14,-26.158079505352436,-107.00283222405145,"{""type"":""MultiPoint"",""coordinates"":[]}"
3076,1609,2143,1333,1321,1221,972,1280,1905,2136,2108,2382,0,2023-04-14,20.44128682768464,82.54440827856267,"{""type"":""MultiPoint"",""coordinates"":[]}"
3080,1331,27,21,917,542,294,248,196,158,150,122,0,2023-09-08,-39.565610284210806,-74.66074352227841,"{""type"":""MultiPoint"",""coordinates"":[]}"
3082,1224,2421,1232,1001,994,801,1158,2580,3044,2967,3270,0,2023-03-24,-9.136039484774008,-41.862770304773136,"{""type"":""MultiPoint"",""coordinates"":[]}"
3083,1097,1021,490,816,688,466,749,1642,1872,1886,2094,0,2023-09-22,37.70038060704766,27.20261929492983,"{""type"":""MultiPoint"",""coordinates"":[]}"
3086,1301,218,179,976,658,448,407,383,355,324,320,0,2023-06-08,53.257087616408036,162.13666902973318,"{""type"":""MultiPoint"",""coordinates"":[]}"
3088,3100,459,385,2759,2168,2187,2642,3438,3468,3266,3632,0,2023-02-12,61.64634262993489,85.80502683366754,"{""type"":""MultiPoint"",""coordinates"":[]}"
3094,1633,607,406,1273,927,758,752,706,750,644,734,0,2023-08-27,7.771049281482871,151.32560947401043,"{""type"":""MultiPoint"",""coordinates"":[]}"
3104,1790,3358,2463,1747,1950,2321,2201,2591,3004,2745,3198,0,2023-09-09,27.56909026619198,67.63438769371191,"{""type"":""MultiPoint"",""coordinates"":[]}"
3106,7995,770,715,7512,5762,7026,7373,7708,7926,7410,8019,0,2023-03-12,76.69679117721854,-26.247981972541144,"{""type"":""MultiPoint"",""coordinates"":[]}"
3109,1626,6702,5657,1597,2146,4179,4545,4915,5192,4944,5308,0,2023-05-15,16.31639420844019,25.731890222124758,"{""type"":""MultiPoint"",""coordinates"":[]}"
3112,1564,115,75,1100,640,388,401,409,374,212,317,0,2023-07-15,-40.985856851616056,150.6974051158619,"{""type"":""MultiPoint"",""coordinates"":[]}"
3113,1966,2529,1607,1718,1672,1600,1845,2901,3596,3278,3971,0,2023-03-01,3.0780452527838325,24.009281214438367,"{""type"":""MultiPoint"",""coordinates"":[]}"
3114,1261,81,59,944,583,332,271,245,225,196,166,0,2023-04-02,30.303903801837873,-87.1769399254086,"{""type"":""MultiPoint"",""coordinates"":[]}"
3115,1555,40,23,1085,621,352,301,252,232,188,162,0,2023-01-01,38.1184486334706,130.98750997056513,"{""type"":""MultiPoint"",""coordinates"":[]}"
3116,1214,1193,729,933,779,588,812,1236,1396,1374,1428,0,2023-05-26,45.7713585362935,-112.03054322930821,"{""type"":""MultiPoint"",""coordinates"":[]}"
3117,4445,4330,3430,4302,4093,4184,4030,4524,5059,4574,5325,0,2023-11-01,7.950452257168343,-3.823141520081165,"{""type"":""MultiPoint"",""coordinates"":[]}"
3120,1556,3252,2756,1467,1636,2157,2221,2387,2525,2455,2617,0,2023-01-09,-27.51633849328268,16.816798316619195,"{""type"":""MultiPoint"",""coordinates"":[]}"
3122,1111,1075,667,835,695,552,786,1251,1311,1148,1479,0,2023-11-22,8.910242133086323,40.137497064937634,"{""type"":""MultiPoint"",""coordinates"":[]}"
3123,1292,1803,1107,1050,939,841,1007,1408,1594,1555,1749,0,2023-10-04,-25.364766540556328,-62.83469190843551,"{""type"":""MultiPoint"",""coordinates"":[]}"
3124,1395,28,13,932,515,272,232,192,156,131,112,0,2023-12-30,33.134565924921056,-12.73801695257487,"{""type"":""MultiPoint"",""coordinates"":[]}"
3128,1845,720,633,1634,1426,925,798,785,828,689,828,0,2023-03-12,-11.6421298000339,153.8501454119951,"{""type"":""MultiPoint"",""coordinates"":[]}"
3133,1440,3355,2944,1451,1663,1896,2049,2172,2314,2284,2396,0,2023-03-31,38.403380609357,44.26237473396188,"{""type"":""MultiPoint"",""coordinates"":[]}"
3137,2861,3116,2374,2981,2917,2951,3099,3908,4387,4011,4642,0,2023-05-01,9.28706806398272,-70.52804048795518,"{""type"":""MultiPoint"",""coordinates"":[]}"
3139,1238,2292,1256,973,896,684,1100,2039,2419,2589,2765,0,2023-10-10,51.249281253009386,11.174084273884352,"{""type"":""MultiPoint"",""coordinates"":[]}"
3140,1882,4871,3647,1831,2208,3084,3512,3828,4029,3818,4246,0,2023-12-27,15.450018250275921,1.7620293526184714,"{""type"":""MultiPoint"",""coordinates"":[]}"
3144,2220,99,37,1676,1061,689,653,585,525,435,382,0,2023-10-18,72.2155075985078,-119.4602462012254,"{""type"":""MultiPoint"",""coordinates"":[]}"
3148,1351,59,41,1043,724,366,300,238,210,164,159,0,2023-04-25,-35.44279492815425,-54.13110440797092,"{""type"":""MultiPoint"",""coordinates"":[]}"
3149,1048,1220,450,739,629,349,674,2355,2928,2986,3282,0,2023-08-06,58.90918698733576,47.82017752758702,"{""type"":""MultiPoint"",""coordinates"":[]}"
3152,6523,6729,4927,6872,6826,7470,6931,7213,7820,7014,8132,0,2023-08-12,-11.929711426101202,163.4559248519585,"{""type"":""MultiPoint"",""coordinates"":[]}"
3153,1764,4192,3772,1750,2003,2700,2858,3012,3210,3156,3358,0,2023-05-28,43.85639516677234,110.4585831263008,"{""type"":""MultiPoint"",""coordinates"":[]}"
3156,1215,42,38,833,449,228,190,161,151,122,114,0,2023-08-07,-19.930466198881174,-175.93334268515338,"{""type"":""MultiPoint"",""coordinates"":[]}"
3160,2147,1300,1161,1789,1465,1355,1300,1291,1330,1195,1333,0,2023-06-19,29.169561614143493,-15.217875752996173,"{""type"":""MultiPoint"",""coordinates"":[]}"
3161,1383,2516,1367,1113,1241,1047,1586,2535,3089,2933,3411,0,2023-09-05,13.388136974393298,22.837306122490784,"{""type"":""MultiPoint"",""coordinates"":[]}"
3162,1315,866,363,972,729,466,715,1799,2135,2173,2472,0,2023-10-10,53.633236043916234,18.682064479399045,"{""type"":""MultiPoint"",""coordinates"":[]}"
3163,2135,38,15,1588,924,600,523,430,351,288,279,0,2023-12-07,57.56903643043487,5.881850500909067,"{""type"":""MultiPoint"",""coordinates"":[]}"
3166,1327,56,39,905,499,281,230,200,192,156,145,0,2023-06-01,2.9330226386667015,120.90464386068234,"{""type"":""MultiPoint"",""coordinates"":[]}"
3169,2601,1591,1663,1936,1638,1807,1540,1644,1732,1379,1789,0,2023-12-15,28.229687373373164,-176.91781419367797,"{""type"":""MultiPoint"",""coordinates"":[]}"
3177,2865,1444,1144,2692,2238,2071,2021,2031,2008,2036,1944,0,2023-06-07,6.808444485763418,151.2464786734778,"{""type"":""MultiPoint"",""coordinates"":[]}"
3179,1158,1376,577,862,781,498,877,1702,2180,2444,2400,0,2023-09-14,59.655719397910744,33.35047729182026,"{""type"":""MultiPoint"",""coordinates"":[]}"
3181,1259,1371,1024,1014,828,871,893,1010,1092,1179,1241,0,2023-01-11,33.44923796013036,46.880687610831494,"{""type"":""MultiPoint"",""coordinates"":[]}"
3184,2097,6457,5765,2198,3059,4602,4873,5154,5399,5251,5489,0,2023-03-10,21.872025774301164,29.15111694934293,"{""type"":""MultiPoint"",""coordinates"":[]}"
3186,1616,234,185,1359,1345,1375,1209,798,865,688,631,0,2023-01-04,2.194822079209512,-50.03222302161298,"{""type"":""MultiPoint"",""coordinates"":[]}"
3187,1912,3524,3050,1941,2047,2358,2455,2700,2856,2738,2922,0,2023-05-05,38.99517224989096,-109.47137439197166,"{""type"":""MultiPoint"",""coordinates"":[]}"
3188,1914,4426,3925,2174,2527,2982,2866,3077,3279,3193,3348,0,2023-02-10,28.229495416049094,55.947374655340596,"{""type"":""MultiPoint"",""coordinates"":[]}"
3190,1098,1116,404,823,643,376,652,1737,2274,2216,2684,0,2023-02-12,-1.1516939728526199,-75.22511820763907,"{""type"":""MultiPoint"",""coordinates"":[]}"
3192,9052,774,857,8865,8024,8372,8629,8586,8442,8153,8110,0,2023-02-09,-75.39731051193839,56.991120888891786,"{""type"":""MultiPoint"",""coordinates"":[]}"
3193,1101,978,413,782,590,335,648,1528,1781,1478,1858,0,2023-08-19,58.92581894560042,122.99486499755255,"{""type"":""MultiPoint"",""coordinates"":[]}"
3196,1232,2614,1703,1079,1091,1143,1388,2019,2392,2326,2638,0,2023-08-14,36.497679513587514,6.794463416473729,"{""type"":""MultiPoint"",""coordinates"":[]}"
3197,1429,298,272,1012,614,427,442,436,421,321,424,0,2023-09-25,31.50593508144294,33.95224500464862,"{""type"":""MultiPoint"",""coordinates"":[]}"
3201,1371,2484,2245,1254,1183,1305,1494,1604,1729,1721,1841,0,2023-03-23,46.46455060974999,83.85264181741047,"{""type"":""MultiPoint"",""coordinates"":[]}"
3202,1486,3811,3182,1582,2038,2606,2763,2908,3025,3127,3029,0,2023-04-21,33.02048665338052,89.59760607905513,"{""type"":""MultiPoint"",""coordinates"":[]}"
3203,1856,5058,4339,1949,2425,3168,3418,3677,3938,3715,4180,0,2023-06-20,48.39076574397875,57.24251884271949,"{""type"":""MultiPoint"",""coordinates"":[]}"
3205,1192,2019,1193,939,768,762,970,1538,1745,1467,1905,0,2023-07-04,-25.032027410138728,147.5706120723531,"{""type"":""MultiPoint"",""coordinates"":[]}"
3206,1190,1266,617,911,751,606,1089,1965,2325,2102,2849,0,2023-06-28,61.58157898841639,83.03304010479616,"{""type"":""MultiPoint"",""coordinates"":[]}"
3209,1512,2897,1987,1199,1078,921,1188,1871,2131,2013,2477,0,2023-05-15,24.035987028708952,-98.41140927505838,"{""type"":""MultiPoint"",""coordinates"":[]}"
3210,1172,43,28,801,490,254,215,195,166,132,123,0,2023-04-22,49.39046723579269,-8.302130289422154,"{""type"":""MultiPoint"",""coordinates"":[]}"
3212,1208,65,45,864,499,281,232,205,190,152,149,0,2023-03-18,-12.582965255176203,137.05996384173412,"{""type"":""MultiPoint"",""coordinates"":[]}"
3216,1739,798,630,1476,1220,1110,1028,1039,1045,914,1011,0,2023-06-17,15.590210409267314,54.79088730286387,"{""type"":""MultiPoint"",""coordinates"":[]}"
3217,1532,3282,2360,1401,1399,1639,1750,2002,2186,2206,2421,0,2023-10-13,40.97092455952864,-112.23008539788671,"{""type"":""MultiPoint"",""coordinates"":[]}"
3218,1945,1134,1022,1832,1394,1218,1141,1135,1178,1252,1171,0,2023-07-13,-7.547770486170043,157.76122980637575,"{""type"":""MultiPoint"",""coordinates"":[]}"
3229,3280,1773,1053,3043,2517,2364,2321,2401,2524,2339,2570,0,2023-11-23,3.0543951548561483,47.678910095833196,"{""type"":""MultiPoint"",""coordinates"":[]}"
3230,2440,5604,5165,2534,3120,4199,4424,4599,4806,4653,4884,0,2023-03-14,25.014146016274633,-9.938731899496723,"{""type"":""MultiPoint"",""coordinates"":[]}"
3232,8422,752,814,8158,7059,7832,8220,8242,8250,7855,7946,0,2023-03-23,68.07505051789387,78.53821061616009,"{""type"":""MultiPoint"",""coordinates"":[]}"
3233,9258,607,598,8966,8119,8637,8783,8787,8723,8163,8567,0,2023-05-04,66.91605701162678,-92.74152764271626,"{""type"":""MultiPoint"",""coordinates"":[]}"
3239,978,1116,470,716,576,371,617,1557,1980,1875,2243,0,2023-09-03,3.241639814388184,-74.68768103997104,"{""type"":""MultiPoint"",""coordinates"":[]}"
3240,1634,3777,3380,1655,2078,3048,3083,3167,3411,3424,3476,0,2023-06-07,19.952033392220905,-13.089903015628424,"{""type"":""MultiPoint"",""coordinates"":[]}"
3244,1487,328,276,1122,732,553,531,545,551,411,500,0,2023-10-20,-21.603153721992857,36.05688924203235,"{""type"":""MultiPoint"",""coordinates"":[]}"
3248,1332,3487,2383,1298,1308,1664,1738,2131,2451,2442,2807,0,2023-10-21,-10.224863613446251,30.395197509115125,"{""type"":""MultiPoint"",""coordinates"":[]}"
3251,1776,3998,3671,1764,2046,2556,2648,2828,3033,3131,3169,0,2023-03-08,42.043809983989156,61.99642887419042,"{""type"":""MultiPoint"",""coordinates"":[]}"
3253,2989,1236,937,3701,3300,3565,4123,4250,4268,3813,4132,0,2023-04-08,43.436735678372166,-115.75074961699251,"{""type"":""MultiPoint"",""coordinates"":[]}"
3255,10087,971,937,9835,9151,9426,9442,9374,9272,8964,8997,0,2023-06-25,68.93327264996849,-40.99530040290651,"{""type"":""MultiPoint"",""coordinates"":[]}"
3256,1604,6601,5800,1658,2317,4129,4463,4802,5134,4948,5316,0,2023-07-08,29.260102345295127,41.21014010657798,"{""type"":""MultiPoint"",""coordinates"":[]}"
3257,1150,138,101,832,544,337,300,274,263,222,240,0,2023-12-06,7.044617676918749,98.08386275502124,"{""type"":""MultiPoint"",""coordinates"":[]}"
3260,1682,5923,5124,1743,2379,3869,4223,4466,4763,4421,4869,0,2023-10-30,15.464274144294574,27.263656502771184,"{""type"":""MultiPoint"",""coordinates"":[]}"
3263,8707,1162,1182,8630,7781,8509,8760,8721,8785,8491,8657,0,2023-04-08,-68.67392775998684,138.8140328411982,"{""type"":""MultiPoint"",""coordinates"":[]}"
3264,1739,4063,3589,1715,1973,2751,2738,2851,3094,2936,3163,0,2023-07-01,23.778961207594097,55.80439200000607,"{""type"":""MultiPoint"",""coordinates"":[]}"
3267,9847,768,920,9339,8742,9095,9262,9191,9001,8684,8766,0,2023-12-15,-72.32085511661629,113.04226305465073,"{""type"":""MultiPoint"",""coordinates"":[]}"
3272,1703,7440,6245,1727,2481,4699,4982,5332,5758,5326,5894,0,2023-11-24,20.179104410776908,25.014415275867755,"{""type"":""MultiPoint"",""coordinates"":[]}"
3275,1398,11,11,976,558,294,237,205,173,132,122,0,2023-05-04,-33.11667138804796,132.54110332497476,"{""type"":""MultiPoint"",""coordinates"":[]}"
3277,1307,42,35,873,453,230,209,179,154,123,112,0,2023-05-06,-20.417635885576388,-29.52687383886309,"{""type"":""MultiPoint"",""coordinates"":[]}"
3280,6188,296,303,5042,3131,2875,2911,2826,2579,2310,2353,0,2023-02-12,64.55550977175766,149.7418142118049,"{""type"":""MultiPoint"",""coordinates"":[]}"
3281,1702,2320,1900,1736,1712,1712,1887,2483,2743,2638,2926,0,2023-07-13,28.947794006986417,100.65247318028783,"{""type"":""MultiPoint"",""coordinates"":[]}"
3283,4339,2393,2059,3912,3150,3433,3543,3579,3617,3469,3583,0,2023-11-19,67.83431871630103,-22.614795785935435,"{""type"":""MultiPoint"",""coordinates"":[]}"
3287,2998,765,524,2644,1862,1724,1669,1614,1598,1501,1396,0,2023-10-11,80.24051330037963,54.8974150677683,"{""type"":""MultiPoint"",""coordinates"":[]}"
3290,1269,843,377,1003,908,587,832,1539,1877,1726,1888,0,2023-07-16,8.634281759972072,28.999993997161646,"{""type"":""MultiPoint"",""coordinates"":[]}"
3291,1234,78,55,883,523,323,276,249,228,196,185,0,2023-03-19,27.918953897713212,130.81635494827265,"{""type"":""MultiPoint"",""coordinates"":[]}"
3292,1242,139,126,911,604,390,340,303,298,261,249,0,2023-02-16,-49.14555451606038,-62.977427168022466,"{""type"":""MultiPoint"",""coordinates"":[]}"
3299,1183,49,40,832,480,289,226,194,174,138,122,0,2023-09-09,55.565662154792236,151.92344872213562,"{""type"":""MultiPoint"",""coordinates"":[]}"
3300,1490,504,402,1166,891,702,653,637,660,552,653,0,2023-09-20,-2.056079186189829,-81.22693583684428,"{""type"":""MultiPoint"",""coordinates"":[]}"
3302,2488,1788,1084,2217,1851,1605,1662,1830,1933,1773,1939,0,2023-09-06,64.49317368147604,-119.29007510390836,"{""type"":""MultiPoint"",""coordinates"":[]}"
3303,6615,2440,1501,6608,6039,6169,6042,6103,6333,6129,6402,0,2023-06-22,1.8092110995029058,28.462722853606536,"{""type"":""MultiPoint"",""coordinates"":[]}"
3305,1658,1175,542,1314,1072,858,963,1511,1825,1532,1976,0,2023-04-30,11.938065457231799,75.55697151459374,"{""type"":""MultiPoint"",""coordinates"":[]}"
3308,1338,1547,832,1008,844,840,887,1100,1283,1140,1485,0,2023-03-16,-8.746757312415584,-44.60348494255137,"{""type"":""MultiPoint"",""coordinates"":[]}"
3309,4890,880,847,4257,3262,3284,3410,3398,3409,3137,3259,0,2023-12-16,54.19321515041146,-66.82251998915898,"{""type"":""MultiPoint"",""coordinates"":[]}"
3310,1236,2048,963,985,924,747,1289,2278,2636,2659,3051,0,2023-07-30,72.42331205918546,114.31562792293133,"{""type"":""MultiPoint"",""coordinates"":[]}"
3317,1319,1934,1327,1046,879,939,1074,1154,1275,1270,1420,0,2023-11-24,40.159490713834934,-85.63449044334982,"{""type"":""MultiPoint"",""coordinates"":[]}"
3319,2118,501,369,1707,1280,1162,1269,1400,1400,1431,1481,0,2023-10-26,60.686666544821755,127.67737545689305,"{""type"":""MultiPoint"",""coordinates"":[]}"
3325,2005,2237,1643,1760,1628,1815,1910,2135,2390,2251,2643,0,2023-04-18,10.005379379644173,12.892517996151868,"{""type"":""MultiPoint"",""coordinates"":[]}"
3326,1304,3341,2432,1112,1177,1786,1966,2090,2166,2102,2191,0,2023-04-03,27.08252208891089,37.18147736022047,"{""type"":""MultiPoint"",""coordinates"":[]}"
3327,888,1059,443,652,517,321,598,1449,1774,1668,2006,0,2023-01-15,17.570594520645084,-96.28673789518302,"{""type"":""MultiPoint"",""coordinates"":[]}"
3331,9683,5129,5155,10257,9675,11172,11818,11995,12106,11976,12158,0,2023-01-15,50.71528662879827,-122.55848921882529,"{""type"":""MultiPoint"",""coordinates"":[]}"
3333,1871,540,505,1230,886,717,741,751,796,456,778,0,2023-02-24,-41.69553078222422,-12.040633909694227,"{""type"":""MultiPoint"",""coordinates"":[]}"
3334,1497,255,168,1030,623,403,394,356,371,261,317,0,2023-12-13,19.175142435398055,-84.25069443234415,"{""type"":""MultiPoint"",""coordinates"":[]}"
3335,1327,998,416,937,711,485,722,1494,1792,1780,2047,0,2023-10-06,55.89882220144113,30.088697763304655,"{""type"":""MultiPoint"",""coordinates"":[]}"
3336,1222,1520,835,923,776,653,1002,1636,1829,1846,2003,0,2023-08-23,-41.78993285408575,173.37349077307152,"{""type"":""MultiPoint"",""coordinates"":[]}"
3337,1359,499,397,1178,820,583,583,604,598,610,646,0,2023-05-12,40.42281167685462,132.1165339147767,"{""type"":""MultiPoint"",""coordinates"":[]}"
3338,1471,1429,1002,1157,878,678,877,1306,1405,1342,1488,0,2023-02-10,47.205059222790524,30.523943498632654,"{""type"":""MultiPoint"",""coordinates"":[]}"
3340,1181,991,599,924,742,788,1346,1596,2030,1864,2354,0,2023-05-29,63.18359372976211,79.21807508358212,"{""type"":""MultiPoint"",""coordinates"":[]}"
3342,1260,1887,856,996,972,650,1247,3042,3673,3637,4028,0,2023-05-23,44.173326862008665,-76.03683347135843,"{""type"":""MultiPoint"",""coordinates"":[]}"
3344,1541,52,39,1404,1529,1776,1682,1146,1169,916,745,0,2023-06-24,-8.08945177910903,32.3343346773515,"{""type"":""MultiPoint"",""coordinates"":[]}"
3347,1317,129,87,900,554,360,322,289,251,215,219,0,2023-06-15,-9.619376090429833,-151.01811688921646,"{""type"":""MultiPoint"",""coordinates"":[]}"
3348,1203,1370,634,881,689,579,847,1562,1873,1975,2220,0,2023-01-18,30.49252312627228,-94.4683760029315,"{""type"":""MultiPoint"",""coordinates"":[]}"
3349,2205,6922,6137,2453,3426,5055,5262,5594,5896,5721,6039,0,2023-02-28,18.0707510346334,24.884662045018363,"{""type"":""MultiPoint"",""coordinates"":[]}"
3351,1355,1638,1429,1172,1170,1613,1699,1798,1867,1762,1807,0,2023-11-07,-21.30513333794277,14.236834410681869,"{""type"":""MultiPoint"",""coordinates"":[]}"
3352,1890,3925,3498,1877,2109,2755,2731,2856,3129,2925,3229,0,2023-07-26,36.88189217905807,61.89514924978267,"{""type"":""MultiPoint"",""coordinates"":[]}"
3353,8575,1210,1237,8336,7347,8166,8189,8237,8289,7811,8321,0,2023-03-22,65.81331020770338,-73.92809997201783,"{""type"":""MultiPoint"",""coordinates"":[]}"
3354,1598,1672,1269,1212,917,852,912,1036,1082,1187,1196,0,2023-12-02,51.351765828930574,28.699588326784273,"{""type"":""MultiPoint"",""coordinates"":[]}"
3355,1161,1197,469,859,688,423,756,1756,2157,2199,2511,0,2023-09-06,54.50525235362873,35.127154097174476,"{""type"":""MultiPoint"",""coordinates"":[]}"
3356,4113,54,49,3219,2032,1566,1450,1319,1222,965,944,0,2023-07-16,-52.13441730639127,-73.82316532245265,"{""type"":""MultiPoint"",""coordinates"":[]}"
3359,1962,949,880,1691,1286,1091,1008,983,979,932,968,0,2023-08-05,77.20587314282741,18.648004458234457,"{""type"":""MultiPoint"",""coordinates"":[]}"
3360,1105,1570,627,794,723,388,842,2570,3344,3269,3616,0,2023-08-29,48.11823864560999,-84.59172861909833,"{""type"":""MultiPoint"",""coordinates"":[]}"
3361,3477,1375,840,3824,3695,3611,3201,2822,3144,3052,2705,0,2023-06-10,64.05545459679968,-69.19250713107128,"{""type"":""MultiPoint"",""coordinates"":[]}"
3362,1364,2122,899,1047,1013,609,1112,2876,3564,3316,3934,0,2023-10-04,19.67072739624764,83.91152271749752,"{""type"":""MultiPoint"",""coordinates"":[]}"
3363,1795,586,794,1375,885,611,650,661,730,666,782,0,2023-04-12,-37.57844467008389,-9.786279344764706,"{""type"":""MultiPoint"",""coordinates"":[]}"
3364,1299,111,98,951,573,330,292,272,244,203,219,0,2023-05-15,-22.507830846194352,151.25958732572732,"{""type"":""MultiPoint"",""coordinates"":[]}"
3367,1175,1097,482,860,659,467,651,1391,1637,1980,1938,0,2023-11-26,29.847559116804106,-83.54447753121295,"{""type"":""MultiPoint"",""coordinates"":[]}"
3370,1443,130,94,1010,578,362,299,276,257,228,224,0,2023-10-28,17.532214775428464,-79.81939893760625,"{""type"":""MultiPoint"",""coordinates"":[]}"
3372,1308,226,169,965,629,419,371,343,360,273,319,0,2023-03-05,-15.267519876272276,168.0846478189908,"{""type"":""MultiPoint"",""coordinates"":[]}"
3373,1423,2238,1230,998,940,803,1166,1962,2261,2385,2653,0,2023-08-04,-18.75708406085637,146.15562419116483,"{""type"":""MultiPoint"",""coordinates"":[]}"
3374,1527,2604,2099,1316,1240,1360,1505,1664,1805,1748,1900,0,2023-05-18,49.414045109236035,76.80642886866099,"{""type"":""MultiPoint"",""coordinates"":[]}"
3376,2679,875,860,2422,1983,1817,1771,1748,1767,1749,1728,0,2023-01-31,-8.315298713469197,150.41956189826453,"{""type"":""MultiPoint"",""coordinates"":[]}"
3377,1818,1199,940,1509,1248,1331,1558,1633,1741,1475,1725,0,2023-02-19,49.7962305890743,98.08854830094302,"{""type"":""MultiPoint"",""coordinates"":[]}"
3378,2550,863,790,2330,1982,1807,1755,1774,1799,1755,1785,0,2023-01-01,7.373885267319846,117.01619342686497,"{""type"":""MultiPoint"",""coordinates"":[]}"
3379,1590,1964,856,1293,1133,853,1147,2635,3520,2819,3949,0,2023-07-08,-0.7210078049750348,103.23021079358773,"{""type"":""MultiPoint"",""coordinates"":[]}"
3380,1453,2494,1688,1190,1155,934,1469,2221,2743,1724,2665,0,2023-06-29,29.980565439446234,111.79876844130813,"{""type"":""MultiPoint"",""coordinates"":[]}"
3381,1367,2450,1765,1167,1174,1199,1406,2077,2378,2272,2506,0,2023-06-09,49.17192568348406,100.21008571257106,"{""type"":""MultiPoint"",""coordinates"":[]}"
3385,2026,1238,757,1615,1312,1083,1143,1510,1626,1729,1669,0,2023-04-09,26.843219356458537,119.05487294055928,"{""type"":""MultiPoint"",""coordinates"":[]}"
3386,1342,223,190,906,595,432,349,343,332,252,325,0,2023-12-24,-25.470606735651305,46.72018781226443,"{""type"":""MultiPoint"",""coordinates"":[]}"
3388,1574,555,521,1102,797,728,740,757,753,498,772,0,2023-11-05,-33.50418428653993,125.78632392817558,"{""type"":""MultiPoint"",""coordinates"":[]}"
3397,1321,74,47,934,546,334,287,251,221,195,177,0,2023-02-05,35.73735571207937,142.49192179630248,"{""type"":""MultiPoint"",""coordinates"":[]}"
3399,1129,1833,1541,980,965,992,1141,1504,1669,1656,1738,0,2023-07-11,38.55349019151269,-105.96546143182886,"{""type"":""MultiPoint"",""coordinates"":[]}"
3400,1011,1447,529,742,621,343,674,2434,3283,3562,3604,0,2023-09-22,38.20529199825104,-79.04934360408215,"{""type"":""MultiPoint"",""coordinates"":[]}"
3401,2740,3841,2714,3225,3092,3081,3086,3983,4582,4305,4941,0,2023-04-02,-12.707632444223055,-65.73886387289424,"{""type"":""MultiPoint"",""coordinates"":[]}"
3404,1589,480,355,1240,852,647,636,619,646,547,596,0,2023-06-13,10.110278250110019,95.98592236859467,"{""type"":""MultiPoint"",""coordinates"":[]}"
3407,1552,434,331,1352,940,676,591,553,551,568,530,0,2023-09-17,-12.604105144653603,143.66892036588044,"{""type"":""MultiPoint"",""coordinates"":[]}"
3409,1467,2464,1606,1132,907,872,1010,1217,1364,1286,1483,0,2023-10-28,52.1863121552257,66.99462429180406,"{""type"":""MultiPoint"",""coordinates"":[]}"
3412,1581,127,59,1194,808,570,482,454,433,352,356,0,2023-03-14,9.230173750321807,71.84780969718747,"{""type"":""MultiPoint"",""coordinates"":[]}"
3415,1502,310,257,1037,658,517,473,467,457,324,437,0,2023-12-01,-17.612106372430084,-4.672465437847171,"{""type"":""MultiPoint"",""coordinates"":[]}"
3419,1508,2471,1527,1313,1378,1305,1622,2282,2590,2460,2835,0,2023-05-30,37.54706052760761,30.16028277537763,"{""type"":""MultiPoint"",""coordinates"":[]}"
3421,1778,2000,1462,1345,1023,933,1093,1219,1268,1277,1370,0,2023-11-18,50.689220392655784,62.40740261860882,"{""type"":""MultiPoint"",""coordinates"":[]}"
3422,1215,21,16,983,784,343,254,201,189,136,128,0,2023-08-28,46.314507574569674,-1.4475360719917052,"{""type"":""MultiPoint"",""coordinates"":[]}"
3423,1448,57,34,1240,908,357,283,219,195,154,146,0,2023-09-07,-15.103081962355,141.55600518160875,"{""type"":""MultiPoint"",""coordinates"":[]}"
3424,1152,67,51,888,734,432,499,296,284,230,212,0,2023-08-10,47.79189298616432,42.716490398773374,"{""type"":""MultiPoint"",""coordinates"":[]}"
3426,6199,121,101,6851,6345,6481,6386,6175,5796,5237,5380,0,2023-07-05,68.84934141773986,-174.34106186276833,"{""type"":""MultiPoint"",""coordinates"":[]}"
3436,1447,2817,2586,1330,1485,1987,2238,2338,2468,2253,2436,0,2023-04-08,21.21687584337991,17.996163280107506,"{""type"":""MultiPoint"",""coordinates"":[]}"
3438,1600,2556,1743,1341,1260,1275,1479,2042,2282,2237,2583,0,2023-07-18,71.70624742721716,-118.23892930116676,"{""type"":""MultiPoint"",""coordinates"":[]}"
3448,1623,3744,2937,1502,1670,2240,2234,2435,2649,2360,2594,0,2023-09-26,17.015860752929015,33.954795285342755,"{""type"":""MultiPoint"",""coordinates"":[]}"
3449,1384,106,70,934,525,322,269,237,221,192,192,0,2023-10-21,7.185197081778961,171.77606622291137,"{""type"":""MultiPoint"",""coordinates"":[]}"
3452,1479,164,126,1097,725,476,414,388,384,307,349,0,2023-01-16,19.17372090702354,37.732712403092386,"{""type"":""MultiPoint"",""coordinates"":[]}"
3456,1608,56,31,1130,639,357,312,262,237,210,171,0,2023-01-05,40.69808720577451,-29.28110636294151,"{""type"":""MultiPoint"",""coordinates"":[]}"
3457,915,855,369,638,511,287,536,1341,1594,1512,1748,0,2023-01-24,10.333255596611673,77.11590165019287,"{""type"":""MultiPoint"",""coordinates"":[]}"
3460,1419,2240,1224,1312,1233,996,1408,2865,3435,3183,3824,0,2023-02-04,-10.198902814632389,21.85225139163925,"{""type"":""MultiPoint"",""coordinates"":[]}"
3461,1240,2842,1608,1080,1091,1291,1537,1842,2093,2066,2442,0,2023-01-01,-32.56427509877158,143.45365012538235,"{""type"":""MultiPoint"",""coordinates"":[]}"
3462,3188,104,72,2972,2632,2572,2519,2439,2339,2111,2087,0,2023-06-26,62.7949457444362,-97.84778309703906,"{""type"":""MultiPoint"",""coordinates"":[]}"
3466,1680,2638,1891,1469,1298,1285,1396,1704,1874,1894,2157,0,2023-08-21,70.12470470882556,-105.34943664578772,"{""type"":""MultiPoint"",""coordinates"":[]}"
3468,1068,1737,772,785,694,411,810,2529,3306,3549,3654,0,2023-05-23,50.53182719739962,10.324792268683687,"{""type"":""MultiPoint"",""coordinates"":[]}"
3469,1301,2739,1492,1004,999,728,1301,2774,3655,3573,3815,0,2023-11-21,-21.377299876891467,-51.53848501230269,"{""type"":""MultiPoint"",""coordinates"":[]}"
3471,3563,2582,2599,3375,2796,2866,2935,2927,2939,3169,2971,0,2023-01-01,41.87548104189582,143.51045072294494,"{""type"":""MultiPoint"",""coordinates"":[]}"
3472,1348,2947,1980,1188,1231,1119,1562,2488,2977,2820,3333,0,2023-01-30,-18.58265595917666,23.826475174833124,"{""type"":""MultiPoint"",""coordinates"":[]}"
3473,1926,3541,3016,1957,2099,2473,2517,2731,2930,2860,3145,0,2023-05-30,46.913994403012666,54.52033597128826,"{""type"":""MultiPoint"",""coordinates"":[]}"
3474,1757,6121,5222,1815,2515,4258,4367,4618,5026,4658,5190,0,2023-08-26,32.27525484628898,10.841564527941058,"{""type"":""MultiPoint"",""coordinates"":[]}"
3478,2217,6110,5509,2392,3088,4335,4441,4681,5081,4877,5296,0,2023-05-23,24.057322526082036,-2.268870128125572,"{""type"":""MultiPoint"",""coordinates"":[]}"
3479,1565,2340,1970,1359,1377,1507,1585,1658,1827,1745,1915,0,2023-05-16,19.57889742357803,41.74174464954724,"{""type"":""MultiPoint"",""coordinates"":[]}"
3480,8432,741,806,8217,7214,7966,8247,8308,8243,7841,8094,0,2023-04-06,73.67239237243776,57.62884128602326,"{""type"":""MultiPoint"",""coordinates"":[]}"
3488,8119,1338,1269,7795,6610,6991,7395,7308,7262,6905,6967,0,2023-04-02,-68.70483550252668,89.98803747414455,"{""type"":""MultiPoint"",""coordinates"":[]}"
3490,1312,162,129,1027,650,414,346,320,318,294,267,0,2023-07-12,58.560752804807954,1.8291717047860125,"{""type"":""MultiPoint"",""coordinates"":[]}"
3493,1352,3140,2442,1266,1503,1767,2304,3011,3194,3281,3410,0,2023-05-13,29.715779225395945,52.31006017598999,"{""type"":""MultiPoint"",""coordinates"":[]}"
3495,1134,1650,621,855,812,527,823,2525,3529,3077,3920,0,2023-07-13,-9.278597252949828,-67.75652057717681,"{""type"":""MultiPoint"",""coordinates"":[]}"
3496,1236,1978,1356,1145,1065,1106,1257,1843,2046,1909,2205,0,2023-05-22,30.610301157722116,-110.0776749576212,"{""type"":""MultiPoint"",""coordinates"":[]}"
3497,1357,2115,1564,1215,1286,1445,1522,1725,1882,1775,1996,0,2023-01-12,-32.519267837774336,20.18950323469837,"{""type"":""MultiPoint"",""coordinates"":[]}"
3498,1559,115,81,1134,721,478,417,373,345,315,302,0,2023-03-14,35.45696534715745,34.53968451890776,"{""type"":""MultiPoint"",""coordinates"":[]}"
3501,5030,5894,4544,5448,5328,5720,5650,5777,5971,5942,6078,0,2023-08-08,6.121956359534568,41.41220822179587,"{""type"":""MultiPoint"",""coordinates"":[]}"
3503,2181,1230,1054,1808,1513,1389,1291,1268,1275,1204,1247,0,2023-01-08,-23.074212150457324,-123.13371873614179,"{""type"":""MultiPoint"",""coordinates"":[]}"
3509,1525,730,326,1500,1393,1302,1079,1317,1309,1730,1238,0,2023-03-04,25.1833615868136,104.25402171627748,"{""type"":""MultiPoint"",""coordinates"":[]}"
3510,1297,49,30,941,592,350,294,261,227,192,177,0,2023-03-07,19.340503649367353,58.55569335631422,"{""type"":""MultiPoint"",""coordinates"":[]}"
3511,6610,604,642,6344,5550,6128,7238,7609,7704,6844,7682,0,2023-03-29,68.15600012209853,-131.0517174474645,"{""type"":""MultiPoint"",""coordinates"":[]}"
3515,1791,4549,3950,1820,2151,2933,3112,3269,3535,3263,3699,0,2023-10-07,20.750031452463162,2.69978420588016,"{""type"":""MultiPoint"",""coordinates"":[]}"
3516,1463,46,24,1026,627,372,295,266,235,185,176,0,2023-04-17,-41.69852192329029,151.06726880579768,"{""type"":""MultiPoint"",""coordinates"":[]}"
3518,1363,3441,3036,1341,1394,1831,1928,2071,2139,2266,2384,0,2023-02-24,34.94539796654503,-104.229265329899,"{""type"":""MultiPoint"",""coordinates"":[]}"
3525,1515,3790,2559,1429,1402,1766,1939,2113,2327,2469,2664,0,2023-05-08,44.90700162485297,-97.6573307365258,"{""type"":""MultiPoint"",""coordinates"":[]}"
3527,2976,352,297,2195,1441,1166,1219,1527,1581,1316,1537,0,2023-12-02,60.41296368480219,82.19169658036257,"{""type"":""MultiPoint"",""coordinates"":[]}"
3529,3266,1246,886,2658,2486,2471,2434,2587,2645,2500,2739,0,2023-01-13,41.80384556416277,-121.07434714935886,"{""type"":""MultiPoint"",""coordinates"":[]}"
3533,1485,2206,1094,1164,998,786,1011,1893,2352,2250,2738,0,2023-09-12,-19.281980353871734,-57.69849003146204,"{""type"":""MultiPoint"",""coordinates"":[]}"
3537,1787,173,95,1409,1004,732,642,598,568,482,498,0,2023-12-22,18.568382576866306,85.15917339519953,"{""type"":""MultiPoint"",""coordinates"":[]}"
3538,1366,12,4,975,556,290,230,203,164,132,116,0,2023-12-04,40.763909812856774,-125.46127946447146,"{""type"":""MultiPoint"",""coordinates"":[]}"
3539,8612,411,413,8349,7653,8004,7986,7932,7693,7234,7366,0,2023-02-10,-74.69468808483884,-57.397077949808164,"{""type"":""MultiPoint"",""coordinates"":[]}"
3543,1818,96,104,1300,713,465,419,383,329,276,274,0,2023-03-18,70.85887839760673,-2.57518686306121,"{""type"":""MultiPoint"",""coordinates"":[]}"
3544,1461,1715,1035,1016,998,906,1066,1643,1901,1936,2042,0,2023-01-08,-17.229136067739926,144.79760914945314,"{""type"":""MultiPoint"",""coordinates"":[]}"
3547,6042,4399,3633,5755,5218,5555,5632,5653,5726,5419,5778,0,2023-11-03,-69.5097712147347,3.3776491892501146,"{""type"":""MultiPoint"",""coordinates"":[]}"
3550,3705,828,747,3067,2474,2556,2810,3091,3135,2898,3223,0,2023-03-12,63.37342531556663,104.87137492464194,"{""type"":""MultiPoint"",""coordinates"":[]}"
3551,1283,1697,958,1183,1154,1114,1426,2186,2508,2420,2821,0,2023-06-28,52.46231513047266,20.73189595190143,"{""type"":""MultiPoint"",""coordinates"":[]}"
3552,1893,3708,2907,1815,2043,2164,2528,3142,3397,3384,3574,0,2023-07-14,40.601719758520126,41.59483530387078,"{""type"":""MultiPoint"",""coordinates"":[]}"
3553,1645,4977,3683,1592,1969,2581,2782,3440,4012,3656,4340,0,2023-06-27,14.349835718385844,-6.256347773863406,"{""type"":""MultiPoint"",""coordinates"":[]}"
3555,1077,871,366,760,644,359,666,1672,1991,1863,2150,0,2023-07-03,62.70000685086137,60.25253357340963,"{""type"":""MultiPoint"",""coordinates"":[]}"
3556,1226,52,47,852,476,258,222,196,193,139,158,0,2023-08-10,-20.949924202116396,164.17570241694983,"{""type"":""MultiPoint"",""coordinates"":[]}"
3557,1267,109,78,916,584,350,289,270,255,226,200,0,2023-03-13,-24.708670872214135,-71.17803216604861,"{""type"":""MultiPoint"",""coordinates"":[]}"
3564,1734,371,260,1364,1030,795,684,648,658,574,602,0,2023-10-15,-1.044387374699198,97.25592651207826,"{""type"":""MultiPoint"",""coordinates"":[]}"
3565,1959,5623,4675,2075,2716,4020,4097,4454,4893,4430,5103,0,2023-06-29,16.48713491139068,8.759769010823957,"{""type"":""MultiPoint"",""coordinates"":[]}"
3566,1944,5803,4728,2034,2624,4097,4276,4526,4901,4738,5157,0,2023-08-06,31.670047402642354,9.79802724048663,"{""type"":""MultiPoint"",""coordinates"":[]}"
3572,1473,2802,2332,1301,1399,1781,1885,2052,2195,2030,2172,0,2023-05-05,-32.29236417507616,20.006173279766976,"{""type"":""MultiPoint"",""coordinates"":[]}"
3574,4187,52,40,2105,1701,1475,1273,1179,1343,1158,1160,0,2023-07-17,79.14051296382773,71.88649203543659,"{""type"":""MultiPoint"",""coordinates"":[]}"
3584,1542,2373,1255,1325,1403,1250,1650,3527,4247,4121,4550,0,2023-02-25,27.56584796404671,43.4104235217441,"{""type"":""MultiPoint"",""coordinates"":[]}"
3585,1504,199,164,974,584,404,342,312,337,235,313,0,2023-10-20,14.376838011100281,169.1236752860214,"{""type"":""MultiPoint"",""coordinates"":[]}"
3586,1307,265,183,945,629,447,403,365,383,320,377,0,2023-06-30,9.414773650348144,-51.07152611928026,"{""type"":""MultiPoint"",""coordinates"":[]}"
3588,1245,61,41,893,526,292,222,188,175,162,133,0,2023-04-02,-22.700745693730383,151.71864203704405,"{""type"":""MultiPoint"",""coordinates"":[]}"
3590,2358,497,431,1883,1346,1179,1446,1929,1858,1891,2133,0,2023-12-24,53.37771896935308,104.78326686628391,"{""type"":""MultiPoint"",""coordinates"":[]}"
3593,1418,2044,1417,1055,872,938,1026,1324,1466,1517,1693,0,2023-07-07,-33.478719041547244,140.12063108429322,"{""type"":""MultiPoint"",""coordinates"":[]}"
3595,1578,2438,1424,1309,1202,1018,1271,2242,2655,2572,2990,0,2023-09-30,-12.452281668734814,13.483207557996531,"{""type"":""MultiPoint"",""coordinates"":[]}"
3596,1623,761,581,1239,975,877,792,789,847,633,863,0,2023-03-16,5.296741427931184,75.14944084154419,"{""type"":""MultiPoint"",""coordinates"":[]}"
3597,1388,154,117,985,576,369,316,281,270,242,235,0,2023-02-19,-10.90291617262393,-154.55755209815058,"{""type"":""MultiPoint"",""coordinates"":[]}"
3600,1281,1560,532,950,784,464,682,2241,2947,2729,3351,0,2023-07-19,29.120436071509722,110.21440659423804,"{""type"":""MultiPoint"",""coordinates"":[]}"
3601,1457,3131,2068,1122,1137,1001,1419,2311,2831,2735,3125,0,2023-10-20,20.386026229682116,94.62275604652028,"{""type"":""MultiPoint"",""coordinates"":[]}"
3602,1224,76,55,861,507,306,239,211,191,160,151,0,2023-07-05,-17.193489460609555,152.93185118860544,"{""type"":""MultiPoint"",""coordinates"":[]}"
3604,9664,908,837,9452,8789,9220,9201,9191,9154,8714,8955,0,2023-03-23,47.190349391620465,-99.09477352486151,"{""type"":""MultiPoint"",""coordinates"":[]}"
3606,3128,4966,4488,3783,3546,3824,3837,4498,4885,4982,5192,0,2023-11-17,46.72036451798711,-116.15009072824802,"{""type"":""MultiPoint"",""coordinates"":[]}"
3619,9573,743,737,9317,8717,9036,9049,9025,8885,8486,8631,0,2023-01-13,-75.73557254418748,-133.99535818248458,"{""type"":""MultiPoint"",""coordinates"":[]}"
3621,2024,4057,3105,1904,1998,2325,2357,2638,2913,2684,3200,0,2023-03-26,-12.829971255443471,13.323664942168627,"{""type"":""MultiPoint"",""coordinates"":[]}"
3625,1211,98,99,875,553,364,308,275,247,229,207,0,2023-03-19,61.13769436895384,19.119953667484854,"{""type"":""MultiPoint"",""coordinates"":[]}"
3626,1446,150,116,962,575,375,336,304,295,238,254,0,2023-03-13,22.711566553009106,-161.9879446894305,"{""type"":""MultiPoint"",""coordinates"":[]}"
3628,2919,749,556,2862,2381,2405,2272,2551,2583,2589,2486,0,2023-02-12,43.54751764254387,128.88224823946987,"{""type"":""MultiPoint"",""coordinates"":[]}"
3633,1942,3,0,1621,1348,1179,1208,1190,1265,1110,20,0,2023-06-02,15.480210152591185,-71.36005252365477,"{""type"":""MultiPoint"",""coordinates"":[]}"
3636,1336,278,228,973,744,517,429,383,413,372,444,0,2023-12-22,-4.462175394622495,158.09640387163887,"{""type"":""MultiPoint"",""coordinates"":[]}"
3639,1799,809,432,1276,1026,747,794,1249,1556,1250,1657,0,2023-07-08,15.626940746291776,105.58418678320844,"{""type"":""MultiPoint"",""coordinates"":[]}"
3641,1371,125,88,962,548,354,276,253,236,233,189,0,2023-07-28,7.927192134659398,144.4837049240546,"{""type"":""MultiPoint"",""coordinates"":[]}"
3643,1677,2841,2440,1587,1731,2227,2286,2397,2504,2259,2431,0,2023-08-28,24.09298419152172,-6.841296443721413,"{""type"":""MultiPoint"",""coordinates"":[]}"
3647,1664,4699,4434,1688,1982,2759,2944,3132,3333,3381,3482,0,2023-05-14,48.09958805942922,95.95948267389342,"{""type"":""MultiPoint"",""coordinates"":[]}"
3650,1352,213,188,978,635,443,415,392,383,299,349,0,2023-11-17,16.179511189510446,-23.882592786234408,"{""type"":""MultiPoint"",""coordinates"":[]}"
3652,1545,4811,3584,1524,1895,2430,2772,3605,4189,3867,4592,0,2023-09-18,12.464353522268555,11.219366760802641,"{""type"":""MultiPoint"",""coordinates"":[]}"
3657,1207,126,112,865,518,310,288,261,262,193,234,0,2023-12-13,-43.98123851207637,-174.01808158729,"{""type"":""MultiPoint"",""coordinates"":[]}"
3658,1547,373,295,1280,875,641,562,482,515,582,466,0,2023-08-14,35.6388958640463,143.08102491023755,"{""type"":""MultiPoint"",""coordinates"":[]}"
3661,8405,510,529,8096,7118,7531,7585,7608,7424,7063,7254,0,2023-01-19,-81.36149983799952,-33.064861849264844,"{""type"":""MultiPoint"",""coordinates"":[]}"
3667,1307,3416,2864,1403,1448,1517,1828,2041,2250,2015,2307,0,2023-10-18,-29.69357313030801,30.57952514223586,"{""type"":""MultiPoint"",""coordinates"":[]}"
3669,1376,64,43,918,490,282,227,189,186,147,148,0,2023-04-07,8.209282775988756,146.46878978905346,"{""type"":""MultiPoint"",""coordinates"":[]}"
3671,1307,1936,1675,1103,932,963,996,1030,1063,1068,1129,0,2023-03-19,47.49920692946575,76.0328729580385,"{""type"":""MultiPoint"",""coordinates"":[]}"
3672,1813,3490,3107,2280,2396,2927,2913,2977,3082,3117,3116,0,2023-12-10,35.02310682174223,86.45500354818454,"{""type"":""MultiPoint"",""coordinates"":[]}"
3677,1311,2168,1108,1092,1157,922,1363,2811,3524,3275,3829,0,2023-08-07,11.09586956299203,23.490822690276058,"{""type"":""MultiPoint"",""coordinates"":[]}"
3678,1318,104,81,964,626,390,326,310,292,239,239,0,2023-07-29,56.8190167289751,-162.07412205002876,"{""type"":""MultiPoint"",""coordinates"":[]}"
3679,5893,1722,1359,5348,4206,4525,4594,4637,4581,4280,4506,0,2023-10-17,76.89483982914811,-124.32695497718035,"{""type"":""MultiPoint"",""coordinates"":[]}"
3680,8490,1184,1111,8230,7600,7991,7869,7914,7948,7507,7760,0,2023-11-02,-72.37711468002657,-173.3958397057929,"{""type"":""MultiPoint"",""coordinates"":[]}"
3681,1303,2604,1504,1131,1076,1080,1392,2101,2473,2453,2832,0,2023-08-07,39.275034292443245,-0.6641069090958852,"{""type"":""MultiPoint"",""coordinates"":[]}"
3684,1861,5411,4865,1939,2431,3841,4020,4292,4555,4295,4687,0,2023-09-02,28.809067889496507,35.666022147218094,"{""type"":""MultiPoint"",""coordinates"":[]}"
3689,1658,577,447,1305,941,773,722,696,712,671,644,0,2023-12-30,-17.071438717998824,164.84253045341728,"{""type"":""MultiPoint"",""coordinates"":[]}"
3690,1315,222,175,918,573,403,386,357,367,269,328,0,2023-03-02,9.528575309494641,164.0249945461319,"{""type"":""MultiPoint"",""coordinates"":[]}"
3692,1652,5924,4951,1615,2133,3840,4071,4467,4813,4493,5002,0,2023-10-23,15.600445277655743,30.43265422230345,"{""type"":""MultiPoint"",""coordinates"":[]}"
3695,1297,3030,2002,1139,1177,1255,1380,2063,2516,2565,2913,0,2023-05-13,10.59753385808905,21.050557060406778,"{""type"":""MultiPoint"",""coordinates"":[]}"
3709,3078,2856,2848,2818,2572,2738,2753,2780,2864,2609,2905,0,2023-06-20,51.9027063833473,-172.99916080510198,"{""type"":""MultiPoint"",""coordinates"":[]}"
3710,1203,2264,1210,975,872,900,1095,1553,1810,1799,2182,0,2023-01-03,8.886305087013726,31.733099002148922,"{""type"":""MultiPoint"",""coordinates"":[]}"
3713,1504,1124,517,1179,1034,703,1020,1980,2457,2189,2590,0,2023-10-23,26.004424158864857,86.51148892810352,"{""type"":""MultiPoint"",""coordinates"":[]}"
3715,1900,6114,5414,2023,2633,4023,4144,4400,4792,4568,5030,0,2023-10-25,19.73950777308805,46.947480824280106,"{""type"":""MultiPoint"",""coordinates"":[]}"
3717,1871,2373,1306,1549,1383,1099,1474,2561,2999,3042,3366,0,2023-11-03,30.54690586201163,104.38451385955206,"{""type"":""MultiPoint"",""coordinates"":[]}"
3718,922,1486,572,661,571,324,649,2126,2895,2538,3236,0,2023-08-18,42.0806118192352,44.891833694277786,"{""type"":""MultiPoint"",""coordinates"":[]}"
3720,1227,2236,1444,961,960,864,1225,1920,2130,2142,2271,0,2023-03-20,-18.08116249095205,130.70273461075865,"{""type"":""MultiPoint"",""coordinates"":[]}"
3721,9339,926,849,9135,8409,8866,8922,8897,8864,8575,8756,0,2023-05-19,63.35636375811576,-64.42733825752968,"{""type"":""MultiPoint"",""coordinates"":[]}"
3724,8822,615,689,8529,7746,8082,8291,8263,7951,7467,7685,0,2023-02-10,-78.254751496007,75.50246547658152,"{""type"":""MultiPoint"",""coordinates"":[]}"
3725,1231,27,15,817,444,228,182,161,130,107,84,0,2023-06-04,-17.77038954390901,169.71237071178763,"{""type"":""MultiPoint"",""coordinates"":[]}"
3727,1354,2537,1888,1162,1160,1269,1470,1891,2037,2024,2224,0,2023-02-14,23.78200252838245,81.17799444487605,"{""type"":""MultiPoint"",""coordinates"":[]}"
3728,6438,1322,1229,5904,5130,5496,5779,5801,5829,5290,5721,0,2023-12-05,52.910385586398654,49.66456168079798,"{""type"":""MultiPoint"",""coordinates"":[]}"
3731,1349,121,90,989,628,397,344,309,282,255,244,0,2023-01-31,11.877244962785564,46.685335716333064,"{""type"":""MultiPoint"",""coordinates"":[]}"
3732,1262,119,88,894,543,340,284,264,250,203,204,0,2023-03-19,38.813683631473346,-23.035321018230718,"{""type"":""MultiPoint"",""coordinates"":[]}"
3734,2356,6462,5056,2463,3241,4363,4414,4755,5179,4689,5410,0,2023-06-14,34.16157128916438,7.291009692565011,"{""type"":""MultiPoint"",""coordinates"":[]}"
3735,1565,1415,963,1150,1081,924,1138,2130,2799,2362,3157,0,2023-06-17,-1.287862412164072,123.17925947226853,"{""type"":""MultiPoint"",""coordinates"":[]}"
3736,1497,2541,2281,1194,926,954,1020,1085,1210,1176,1384,0,2023-11-16,44.91837759389676,-95.83890697631787,"{""type"":""MultiPoint"",""coordinates"":[]}"
3738,1313,1013,506,1081,941,780,895,1276,1442,1299,1564,0,2023-03-08,7.594615767973331,-12.40437151232355,"{""type"":""MultiPoint"",""coordinates"":[]}"
3739,1410,261,151,1162,1061,812,898,821,914,865,684,0,2023-07-30,-6.412230423624599,110.95613033280102,"{""type"":""MultiPoint"",""coordinates"":[]}"
3741,1542,531,419,1217,884,731,703,685,717,562,666,0,2023-09-20,17.26579648330673,39.923486029184744,"{""type"":""MultiPoint"",""coordinates"":[]}"
3742,6413,72,91,5089,2998,2401,2347,2056,1878,1536,1540,0,2023-01-13,58.76048243030783,161.91298418641418,"{""type"":""MultiPoint"",""coordinates"":[]}"
3745,1341,1706,1079,1028,861,681,927,1465,1610,1705,1763,0,2023-03-16,41.46017843736796,46.279877103547115,"{""type"":""MultiPoint"",""coordinates"":[]}"
3747,1388,244,200,1062,703,495,394,383,373,353,377,0,2023-02-24,12.019112002148065,-80.65673008287959,"{""type"":""MultiPoint"",""coordinates"":[]}"
3748,8975,652,651,8664,7746,8363,8433,8480,8355,8055,8060,0,2023-04-23,75.53676250715048,-25.040194967831905,"{""type"":""MultiPoint"",""coordinates"":[]}"
3749,1395,93,68,949,530,314,255,236,216,204,159,0,2023-07-29,-7.454460460290414,-17.868058751623312,"{""type"":""MultiPoint"",""coordinates"":[]}"
3751,1829,69,54,1327,744,437,394,343,307,266,214,0,2023-02-15,55.8150642425675,-10.070464316347547,"{""type"":""MultiPoint"",""coordinates"":[]}"
3752,1223,364,197,879,582,364,386,539,611,794,672,0,2023-01-14,41.81433529805864,23.653933102423906,"{""type"":""MultiPoint"",""coordinates"":[]}"
3753,1214,2291,1719,1009,887,1203,1355,1583,1674,1481,1691,0,2023-04-30,-28.607635869349334,126.67262486276951,"{""type"":""MultiPoint"",""coordinates"":[]}"
3755,1098,1413,777,803,702,520,918,1822,2204,2264,2493,0,2023-11-19,-35.1870712869934,-72.00092900992959,"{""type"":""MultiPoint"",""coordinates"":[]}"
3756,4332,5320,4211,4413,4259,4904,4986,5305,5573,4990,5784,0,2023-09-17,2.408540307988605,44.69015511157582,"{""type"":""MultiPoint"",""coordinates"":[]}"
3758,1859,598,459,1524,1124,830,770,746,792,737,731,0,2023-02-05,6.261625381996952,118.00778552997548,"{""type"":""MultiPoint"",""coordinates"":[]}"
3759,1762,768,660,1431,1048,895,867,860,920,784,899,0,2023-11-23,-10.491071764297416,50.796925912602745,"{""type"":""MultiPoint"",""coordinates"":[]}"
3761,1566,91,100,1051,569,349,285,258,248,190,200,0,2023-06-21,-24.451724291267443,-127.3468282844614,"{""type"":""MultiPoint"",""coordinates"":[]}"
3763,1568,2566,1959,1519,1643,1954,1919,2328,2394,2557,2484,0,2023-03-28,31.1189182117778,-112.119771210826,"{""type"":""MultiPoint"",""coordinates"":[]}"
3766,2024,4786,3987,2008,2433,3409,3594,3770,4052,3844,4134,0,2023-03-31,27.906750562833984,-11.962432788869515,"{""type"":""MultiPoint"",""coordinates"":[]}"
3767,1283,2485,1572,1094,918,889,1022,1283,1429,1495,1694,0,2023-07-20,67.00240883154686,-92.28978597700274,"{""type"":""MultiPoint"",""coordinates"":[]}"
3771,3707,643,461,3870,3602,4004,3996,4128,4121,4079,4072,0,2023-03-23,47.422189206433586,134.3405882315434,"{""type"":""MultiPoint"",""coordinates"":[]}"
3772,2698,1828,931,2378,2042,1739,1843,2495,2744,2599,2887,0,2023-07-28,58.21648765446064,-117.59866249563746,"{""type"":""MultiPoint"",""coordinates"":[]}"
3773,1510,157,118,1173,762,509,512,457,419,344,365,0,2023-03-17,57.11446092075888,-151.0685341923804,"{""type"":""MultiPoint"",""coordinates"":[]}"
3775,1229,3426,2515,1027,1082,1917,2233,2558,2688,2459,2609,0,2023-09-13,-25.546066538483608,119.83473720482426,"{""type"":""MultiPoint"",""coordinates"":[]}"
3777,6596,491,415,3965,3459,3414,5152,4750,5001,2705,4488,0,2023-06-09,80.85491154746713,38.292804717436574,"{""type"":""MultiPoint"",""coordinates"":[]}"
3780,1372,261,196,1091,811,500,418,413,394,347,364,0,2023-08-23,29.240790259688417,-112.3124447147356,"{""type"":""MultiPoint"",""coordinates"":[]}"
3787,3287,513,343,2522,1926,1820,1903,2540,2811,2507,2742,0,2023-11-11,63.88848435411162,-139.90097801802875,"{""type"":""MultiPoint"",""coordinates"":[]}"
3789,1181,118,89,873,578,395,331,289,258,240,225,0,2023-05-17,55.777117805841634,-150.64770665540067,"{""type"":""MultiPoint"",""coordinates"":[]}"
3790,1847,786,613,1554,1278,1137,929,927,971,909,1001,0,2023-01-24,-9.13742307961623,135.02350060566343,"{""type"":""MultiPoint"",""coordinates"":[]}"
3792,1277,2268,1461,1055,1003,1165,1302,1899,2160,1979,2304,0,2023-01-08,-19.050302429239874,127.97159415655932,"{""type"":""MultiPoint"",""coordinates"":[]}"
3793,1517,2790,2418,1763,1972,2524,2405,2495,2631,2837,2680,0,2023-12-16,33.82723834941921,79.012300885346,"{""type"":""MultiPoint"",""coordinates"":[]}"
3794,1937,691,243,1444,950,573,885,1914,2589,2033,2863,0,2023-12-14,55.84705957549701,13.843501182625566,"{""type"":""MultiPoint"",""coordinates"":[]}"
3795,1150,2372,1385,938,802,991,1106,1289,1527,1553,1817,0,2023-09-26,-8.638900168225964,-42.36693697592411,"{""type"":""MultiPoint"",""coordinates"":[]}"
3796,1960,987,970,1275,981,921,964,1018,1096,653,1140,0,2023-02-09,-16.769525393680258,149.8346384505241,"{""type"":""MultiPoint"",""coordinates"":[]}"
3797,3359,703,552,3329,3204,3300,3365,3874,4144,4191,4359,0,2023-12-10,44.589894973409415,3.6720313634757327,"{""type"":""MultiPoint"",""coordinates"":[]}"
3798,6678,1150,1041,6968,6093,6935,6907,7304,7428,7306,7324,0,2023-03-18,63.90411449799278,81.49461960370058,"{""type"":""MultiPoint"",""coordinates"":[]}"
3799,1233,27,12,881,519,274,226,201,171,136,120,0,2023-08-03,66.44502751606167,-58.08372171847232,"{""type"":""MultiPoint"",""coordinates"":[]}"
3800,7150,2721,2349,6891,6220,6570,6492,6584,6719,6354,6734,0,2023-11-21,47.917392300567,57.99355535887588,"{""type"":""MultiPoint"",""coordinates"":[]}"
3802,1133,1670,683,812,748,422,891,2451,3050,3128,3453,0,2023-07-06,44.07606860949646,0.8708233837057513,"{""type"":""MultiPoint"",""coordinates"":[]}"
3805,1333,79,46,953,567,357,300,276,259,211,214,0,2023-08-28,-22.68464034169511,41.117397573666196,"{""type"":""MultiPoint"",""coordinates"":[]}"
3807,1908,2835,2018,1706,1645,1768,1902,2084,2255,2133,2453,0,2023-10-14,47.297164674620724,55.00045006054163,"{""type"":""MultiPoint"",""coordinates"":[]}"
3808,1560,429,318,1170,810,647,559,551,539,503,552,0,2023-11-08,-5.1115905569305875,154.92361966466459,"{""type"":""MultiPoint"",""coordinates"":[]}"
3809,6043,3862,2939,5552,4273,5102,5063,5273,5342,5482,5475,0,2023-01-03,63.30102885651391,40.00678752297384,"{""type"":""MultiPoint"",""coordinates"":[]}"
3820,1496,2180,1514,1229,1106,1127,1273,1716,1897,1862,1992,0,2023-01-12,43.151231675377225,2.7628067985064537,"{""type"":""MultiPoint"",""coordinates"":[]}"
3822,1829,4913,3901,1710,1877,2575,2787,2955,3205,3128,3516,0,2023-01-25,30.74934110602469,22.7853598216895,"{""type"":""MultiPoint"",""coordinates"":[]}"
3823,1282,2053,1000,1088,1091,833,1220,2441,2989,2689,3346,0,2023-11-02,9.322042776361751,3.845256777408779,"{""type"":""MultiPoint"",""coordinates"":[]}"
3825,2016,5451,4373,2127,2674,3696,3892,4142,4399,4215,4502,0,2023-04-21,34.070282640007285,41.5370536468564,"{""type"":""MultiPoint"",""coordinates"":[]}"
3826,1746,38,15,1249,778,438,391,324,298,246,205,0,2023-08-30,72.43492429576237,-80.34099405847789,"{""type"":""MultiPoint"",""coordinates"":[]}"
3828,8111,6285,4601,8463,8511,9155,8973,9387,9954,9684,10222,0,2023-11-15,-12.024522815087389,16.636454381696062,"{""type"":""MultiPoint"",""coordinates"":[]}"
3829,1253,133,104,857,532,347,289,262,246,189,219,0,2023-12-21,19.75673375203052,120.41300221496341,"{""type"":""MultiPoint"",""coordinates"":[]}"
3831,1173,1554,587,891,832,533,819,2201,2998,2870,3502,0,2023-12-24,-8.91430883504578,-64.62937389150609,"{""type"":""MultiPoint"",""coordinates"":[]}"
3834,8778,1123,1242,8344,7315,7998,8287,8221,8148,7873,7931,0,2023-03-30,72.37984909462058,96.28239431914811,"{""type"":""MultiPoint"",""coordinates"":[]}"
3835,1200,46,33,835,483,274,232,190,170,145,139,0,2023-07-02,58.74848399077677,-9.11682345303229,"{""type"":""MultiPoint"",""coordinates"":[]}"
3836,1430,123,90,1047,663,453,398,349,332,281,285,0,2023-10-14,-50.52364715145764,-75.5657184506143,"{""type"":""MultiPoint"",""coordinates"":[]}"
3839,1420,2773,1973,1106,989,999,1423,1841,2066,2019,2289,0,2023-08-09,-28.714020093290788,30.056448987791313,"{""type"":""MultiPoint"",""coordinates"":[]}"
3843,9384,1003,1105,9195,8261,8985,9263,9336,9266,8985,9179,0,2023-03-25,67.9543605167792,17.489171697748002,"{""type"":""MultiPoint"",""coordinates"":[]}"
3845,1710,625,507,1344,989,861,775,748,805,699,792,0,2023-05-24,12.847976765770612,-77.88556197009271,"{""type"":""MultiPoint"",""coordinates"":[]}"
3846,1861,6682,5231,1973,2811,4583,4683,5095,5563,5068,5823,0,2023-07-16,16.027315642276047,10.807852233990141,"{""type"":""MultiPoint"",""coordinates"":[]}"
3847,5566,5589,4176,5533,5536,6116,5869,6402,7101,6490,7514,0,2023-11-15,-7.77958587466539,-59.55340135678899,"{""type"":""MultiPoint"",""coordinates"":[]}"
3848,1596,2938,2613,1382,1322,1608,1745,1904,2012,2050,2239,0,2023-04-30,43.205360703478604,121.30030921884365,"{""type"":""MultiPoint"",""coordinates"":[]}"
3850,1673,3396,2890,1691,1926,2274,2456,2772,2932,2897,3025,0,2023-06-05,40.46852359051787,75.33801458336795,"{""type"":""MultiPoint"",""coordinates"":[]}"
3859,3402,3020,2192,2563,2421,2663,2818,3639,4171,3455,4385,0,2023-06-20,24.130123354074758,110.96097512483341,"{""type"":""MultiPoint"",""coordinates"":[]}"
3860,1457,4162,2922,1303,1259,1472,1627,2004,2309,2183,2677,0,2023-10-20,-15.251229584727866,-53.12733258960199,"{""type"":""MultiPoint"",""coordinates"":[]}"
3862,1312,2723,1932,1206,1148,1364,1532,1908,2180,1944,2537,0,2023-03-30,43.97962503594167,-84.82729208122475,"{""type"":""MultiPoint"",""coordinates"":[]}"
3863,1097,1323,534,811,734,448,865,2137,2624,2460,2912,0,2023-09-11,-2.9882476532806552,121.51338718067949,"{""type"":""MultiPoint"",""coordinates"":[]}"
3864,1798,2063,774,1440,1246,843,1144,3175,4473,4126,5017,0,2023-11-27,-16.37280740422411,-65.10528835795783,"{""type"":""MultiPoint"",""coordinates"":[]}"
3865,2083,52,26,1573,891,509,450,363,335,266,263,0,2023-02-09,64.93916476143774,-23.539766082104794,"{""type"":""MultiPoint"",""coordinates"":[]}"
3866,1440,270,255,985,585,386,378,382,382,260,349,0,2023-06-27,-16.046250361031078,170.106697869043,"{""type"":""MultiPoint"",""coordinates"":[]}"
3868,2354,5919,5125,2536,3128,4505,4585,4767,5117,4919,5327,0,2023-10-16,18.821051003091405,50.452606025652635,"{""type"":""MultiPoint"",""coordinates"":[]}"
3872,2168,1166,1043,1870,1468,1316,1240,1210,1225,1295,1198,0,2023-05-25,20.728149422317,69.08411785873442,"{""type"":""MultiPoint"",""coordinates"":[]}"
3878,1308,1248,1084,1080,966,1046,1025,1060,1045,1054,1061,0,2023-08-07,-24.313642917418687,-70.50356965170921,"{""type"":""MultiPoint"",""coordinates"":[]}"
3879,1554,375,284,1194,790,593,523,516,493,513,474,0,2023-05-26,27.95523804773865,-87.62966042967201,"{""type"":""MultiPoint"",""coordinates"":[]}"
3888,1074,1780,1562,1079,1251,1544,1687,1862,1931,1920,1936,0,2023-09-04,32.19320035635264,81.76793336081055,"{""type"":""MultiPoint"",""coordinates"":[]}"
3889,1315,2295,1099,981,1131,659,1351,3567,4510,4302,4887,0,2023-07-28,18.44032848872953,109.88354843309509,"{""type"":""MultiPoint"",""coordinates"":[]}"
3890,1825,1470,1213,1504,1214,1165,1133,1163,1298,1107,1420,0,2023-03-30,6.035582283040473,72.69279929137225,"{""type"":""MultiPoint"",""coordinates"":[]}"
3891,1246,165,148,888,566,363,320,300,291,244,262,0,2023-11-21,-40.7267992658215,150.2807998948143,"{""type"":""MultiPoint"",""coordinates"":[]}"
3892,986,1309,477,729,650,367,716,2095,2675,2615,2955,0,2023-11-28,18.556361640631888,98.05283761626421,"{""type"":""MultiPoint"",""coordinates"":[]}"
3895,1386,147,93,1014,641,414,354,332,312,258,257,0,2023-02-19,4.258574496575654,73.07311728523189,"{""type"":""MultiPoint"",""coordinates"":[]}"
3902,1522,2461,1759,1280,1155,1351,1493,1627,1735,1772,1893,0,2023-12-27,35.642176998966185,-103.84900197058813,"{""type"":""MultiPoint"",""coordinates"":[]}"
3905,1432,169,107,1099,697,453,365,314,293,349,247,0,2023-03-06,-49.919757124593396,-78.17908409192883,"{""type"":""MultiPoint"",""coordinates"":[]}"
3910,1499,106,68,1208,896,410,328,290,267,216,215,0,2023-07-06,44.7470042459015,58.2862680308986,"{""type"":""MultiPoint"",""coordinates"":[]}"
3913,4810,164,139,3821,2651,2090,2010,1899,1837,1552,1585,0,2023-11-22,56.98420301172659,115.66992892200716,"{""type"":""MultiPoint"",""coordinates"":[]}"
3915,983,1525,1051,842,761,769,871,1147,1291,1392,1457,0,2023-02-01,10.993449371650398,38.288823301531984,"{""type"":""MultiPoint"",""coordinates"":[]}"
3916,3298,2872,2337,3043,2731,2990,2770,2791,2926,2539,2991,0,2023-08-30,6.227510454661184,123.0882843862984,"{""type"":""MultiPoint"",""coordinates"":[]}"
3923,1701,501,368,1249,839,662,644,595,664,465,602,0,2023-09-29,5.7983009025252,107.16507993988286,"{""type"":""MultiPoint"",""coordinates"":[]}"
3925,2305,1381,1135,1945,1673,1548,1349,1348,1402,1438,1432,0,2023-03-15,-6.838779562196487,-16.26690192236876,"{""type"":""MultiPoint"",""coordinates"":[]}"
3926,1648,4244,3669,1597,1932,2495,2800,3188,3405,3382,3611,0,2023-07-21,35.215152591378384,66.77179002521767,"{""type"":""MultiPoint"",""coordinates"":[]}"
3931,4597,954,832,4193,3810,4024,3860,4001,4023,4088,3960,0,2023-03-24,63.23051803096247,125.9642340396172,"{""type"":""MultiPoint"",""coordinates"":[]}"
3933,1459,708,587,997,699,637,840,897,963,364,946,0,2023-03-06,-0.9620534402631662,98.59432705496206,"{""type"":""MultiPoint"",""coordinates"":[]}"
3934,5211,956,932,4326,3310,3748,4135,4157,4173,3858,4239,0,2023-02-16,60.78142630310536,105.77553908893883,"{""type"":""MultiPoint"",""coordinates"":[]}"
3936,3626,356,287,3030,2249,2069,2038,2432,2592,2603,2491,0,2023-02-12,65.34689250270984,73.16910802340072,"{""type"":""MultiPoint"",""coordinates"":[]}"
3938,1480,170,128,1156,750,431,356,326,321,304,273,0,2023-09-20,-4.022887633585771,111.06352469953127,"{""type"":""MultiPoint"",""coordinates"":[]}"
3939,2128,3165,2160,3700,3369,3182,2765,3536,4061,4449,4352,0,2023-09-25,8.396384377040032,-7.497528987129672,"{""type"":""MultiPoint"",""coordinates"":[]}"
3943,1914,2776,2034,2123,2348,2578,1885,2437,2813,2869,2921,0,2023-06-18,10.956793458602714,78.07120020540273,"{""type"":""MultiPoint"",""coordinates"":[]}"
3945,5154,356,294,3270,2336,2197,2662,2224,2548,1673,2473,0,2023-05-03,-64.08598128648502,-52.78123762042107,"{""type"":""MultiPoint"",""coordinates"":[]}"
3946,5308,2030,2069,5009,4554,4720,4727,4718,4759,4531,4663,0,2023-11-27,-66.15770202586465,43.914338785619776,"{""type"":""MultiPoint"",""coordinates"":[]}"
3951,1308,111,90,862,482,288,252,233,227,169,212,0,2023-03-19,18.664280368931042,-112.41111185631951,"{""type"":""MultiPoint"",""coordinates"":[]}"
3954,4673,3614,2698,3993,4096,4413,4330,4462,4850,3893,5069,0,2023-01-11,-6.917518086431026,175.95997424478642,"{""type"":""MultiPoint"",""coordinates"":[]}"
3960,1656,3988,2249,1617,1671,2002,2060,2479,2882,3073,3356,0,2023-04-28,15.638191808114826,120.70646512351794,"{""type"":""MultiPoint"",""coordinates"":[]}"
3961,1395,115,86,984,590,403,314,297,264,213,242,0,2023-10-08,33.54089100642319,17.1726043544381,"{""type"":""MultiPoint"",""coordinates"":[]}"
3963,1970,4249,3641,2034,2314,3130,3140,3354,3580,3337,3732,0,2023-06-14,25.38946760829702,42.21944267358878,"{""type"":""MultiPoint"",""coordinates"":[]}"
3966,5688,3526,2191,5476,4763,5060,5013,5055,5065,4918,4993,0,2023-06-03,-44.7653284633388,-9.9182313549099,"{""type"":""MultiPoint"",""coordinates"":[]}"
3967,8844,536,586,8707,8158,8484,8407,8378,8292,7897,8136,0,2023-11-26,-82.26809487983203,-72.07962761648433,"{""type"":""MultiPoint"",""coordinates"":[]}"
3974,3071,2041,1850,3040,2563,2352,2339,2327,2320,2262,2139,0,2023-05-15,-6.052641507931455,104.22502929363132,"{""type"":""MultiPoint"",""coordinates"":[]}"
3975,1536,292,217,1098,698,542,440,420,411,361,393,0,2023-11-16,-17.642193360650502,163.79434890049626,"{""type"":""MultiPoint"",""coordinates"":[]}"
3977,1248,2296,1307,997,946,781,1109,2034,2471,2285,2789,0,2023-01-23,-22.401367023629152,32.91387728050289,"{""type"":""MultiPoint"",""coordinates"":[]}"
3979,1410,2130,1688,1206,1151,1327,1338,1549,1815,1706,2025,0,2023-08-19,16.398287756382043,79.45672455651952,"{""type"":""MultiPoint"",""coordinates"":[]}"
3980,1140,1534,772,872,772,471,829,2449,3110,2917,3275,0,2023-09-22,-37.68118828074019,-59.4910038282178,"{""type"":""MultiPoint"",""coordinates"":[]}"
3981,1749,4300,3209,1661,1860,2723,2898,3113,3309,3293,3513,0,2023-12-06,33.92742479937173,39.49063209723125,"{""type"":""MultiPoint"",""coordinates"":[]}"
3982,1760,82,60,1321,815,548,492,431,407,319,323,0,2023-01-04,45.623742121967005,142.4486155626516,"{""type"":""MultiPoint"",""coordinates"":[]}"
3983,3000,756,578,4713,4331,4841,4281,4478,4227,4675,4118,0,2023-04-03,48.814518736373195,98.44344338512502,"{""type"":""MultiPoint"",""coordinates"":[]}"
3984,1279,2818,1683,1123,1074,978,1354,2095,2503,2444,2923,0,2023-07-26,55.15500039994834,43.05574179208397,"{""type"":""MultiPoint"",""coordinates"":[]}"
3985,1384,188,148,998,629,439,378,363,324,295,288,0,2023-09-08,-18.12359406922687,158.5085304176081,"{""type"":""MultiPoint"",""coordinates"":[]}"
3988,1546,242,130,1052,652,497,553,563,533,552,516,0,2023-10-02,60.03993277640985,-161.40379738951322,"{""type"":""MultiPoint"",""coordinates"":[]}"
3989,5339,981,925,6332,5671,6266,5849,5872,6051,6412,5769,0,2023-04-05,65.05964731062998,160.67070845255498,"{""type"":""MultiPoint"",""coordinates"":[]}"
3990,1207,991,338,888,667,429,577,1521,2068,1772,2324,0,2023-06-23,1.1661564425474344,24.856864458742844,"{""type"":""MultiPoint"",""coordinates"":[]}"
3993,1498,269,187,1099,712,475,429,406,410,361,382,0,2023-06-27,11.223490566794492,-77.0849931428329,"{""type"":""MultiPoint"",""coordinates"":[]}"
3996,1854,5742,5067,1915,2587,3975,4116,4357,4626,4484,4784,0,2023-11-13,17.387374165200065,45.84327232107247,"{""type"":""MultiPoint"",""coordinates"":[]}"
3997,1334,2714,1915,1110,1094,1476,1795,2283,2429,2399,2592,0,2023-07-03,-20.414846140833454,120.87328845819825,"{""type"":""MultiPoint"",""coordinates"":[]}"
4000,8591,1024,1109,8243,7424,7969,8183,8149,8078,7735,7875,0,2023-03-16,-72.10821651714629,90.3380974635418,"{""type"":""MultiPoint"",""coordinates"":[]}"
4001,1925,3546,2838,1732,1820,2245,2386,2621,2724,2646,2935,0,2023-06-27,-28.59666344394347,139.96606969700719,"{""type"":""MultiPoint"",""coordinates"":[]}"
4002,2134,895,771,1623,1322,1201,1105,1121,1202,960,1185,0,2023-05-13,-8.862856754436724,132.84768065439587,"{""type"":""MultiPoint"",""coordinates"":[]}"
4003,1189,67,53,832,516,315,229,199,198,148,161,0,2023-11-24,24.299040924576556,-108.1304215422817,"{""type"":""MultiPoint"",""coordinates"":[]}"
4007,1417,313,237,1150,753,481,454,424,370,429,310,0,2023-07-16,70.60654656031073,12.884440726765762,"{""type"":""MultiPoint"",""coordinates"":[]}"
4008,1455,391,329,1047,723,579,514,516,528,396,548,0,2023-03-05,-18.024070894242254,59.685275752040575,"{""type"":""MultiPoint"",""coordinates"":[]}"
4009,1768,2089,1507,1682,1609,1789,1745,2294,2586,2520,2813,0,2023-11-26,31.511798743587843,46.3907855906157,"{""type"":""MultiPoint"",""coordinates"":[]}"
4012,8016,5930,3943,7579,7531,8015,8149,8294,8619,8042,8754,0,2023-07-31,3.267333992071935,-76.06603824786538,"{""type"":""MultiPoint"",""coordinates"":[]}"
4018,1576,714,561,1233,913,739,805,810,777,673,823,0,2023-03-16,9.826271187439199,51.01666667930042,"{""type"":""MultiPoint"",""coordinates"":[]}"
4020,1089,2914,1831,919,966,1092,1392,1841,2148,2090,2571,0,2023-03-08,-14.38463615759901,-45.762372010837744,"{""type"":""MultiPoint"",""coordinates"":[]}"
4023,1126,1371,1043,964,959,1069,1044,1245,1279,1502,1361,0,2023-08-24,-20.03363055909461,-65.95535442870646,"{""type"":""MultiPoint"",""coordinates"":[]}"
4024,1006,1517,713,767,755,484,939,1942,2162,2143,2348,0,2023-06-12,52.42270273133878,117.83378233825825,"{""type"":""MultiPoint"",""coordinates"":[]}"
4027,1222,23,24,827,490,259,218,185,157,137,121,0,2023-08-31,-35.17398025310471,22.377980424168733,"{""type"":""MultiPoint"",""coordinates"":[]}"
4028,1534,558,465,1223,966,785,739,717,726,646,739,0,2023-08-01,7.822785872485919,77.89416552337512,"{""type"":""MultiPoint"",""coordinates"":[]}"
4030,5611,133,111,4301,2831,2433,2281,2184,2013,1839,1802,0,2023-02-13,57.85821716150371,-62.719312504238374,"{""type"":""MultiPoint"",""coordinates"":[]}"
4031,1586,1609,1026,1361,1159,991,1111,1424,1632,1636,1776,0,2023-06-25,-5.385776242877017,17.304510046951318,"{""type"":""MultiPoint"",""coordinates"":[]}"
4041,1581,260,188,1096,632,422,395,361,316,356,293,0,2023-08-29,-19.907831952180626,-159.19869546120282,"{""type"":""MultiPoint"",""coordinates"":[]}"
4042,1922,5982,5093,2137,2811,4101,4291,4593,4683,4545,4829,0,2023-07-18,22.314088101300204,15.215550788512282,"{""type"":""MultiPoint"",""coordinates"":[]}"
4043,1280,124,93,893,546,348,306,274,253,212,216,0,2023-12-22,-49.32265367520128,-179.96974183745573,"{""type"":""MultiPoint"",""coordinates"":[]}"
4045,5604,933,604,5127,4557,5283,5363,5385,5253,5051,5232,0,2023-04-20,60.801422820692046,-161.3458296546148,"{""type"":""MultiPoint"",""coordinates"":[]}"
4048,1588,2693,2194,1548,1607,1819,2216,2750,2939,2868,3140,0,2023-10-01,38.4791819381699,68.63277766951634,"{""type"":""MultiPoint"",""coordinates"":[]}"
4049,1528,3589,2912,1355,1444,1942,2308,2574,2889,2506,2984,0,2023-09-30,34.04078263866759,2.1941784969828415,"{""type"":""MultiPoint"",""coordinates"":[]}"
4050,1459,1434,547,1167,967,698,870,2090,2879,2871,3386,0,2023-12-20,0.9742875684123404,23.677061075989972,"{""type"":""MultiPoint"",""coordinates"":[]}"
4053,8942,803,801,8940,8328,8642,8970,8813,8677,8347,8497,0,2023-10-13,-72.08672557017542,-87.19470304443844,"{""type"":""MultiPoint"",""coordinates"":[]}"
4056,1363,87,57,952,530,308,252,218,199,230,152,0,2023-03-09,-31.205420059344778,158.4965857092946,"{""type"":""MultiPoint"",""coordinates"":[]}"
4060,6430,5707,5299,6861,6413,7221,7494,8153,8270,8225,8471,0,2023-03-08,61.82672352359331,76.5406622644099,"{""type"":""MultiPoint"",""coordinates"":[]}"
4063,1920,6067,5113,1982,2529,3973,4161,4460,4770,4546,4979,0,2023-09-26,22.69880214382701,25.826151816570427,"{""type"":""MultiPoint"",""coordinates"":[]}"
4064,1516,3832,3183,1519,1705,2402,2480,2760,3058,2987,3328,0,2023-06-23,28.519656528478887,-104.25527369216076,"{""type"":""MultiPoint"",""coordinates"":[]}"
4065,1074,1482,594,798,671,461,736,1842,2382,2230,2887,0,2023-06-15,-9.544814183771658,-62.298189844436905,"{""type"":""MultiPoint"",""coordinates"":[]}"
4066,8591,150,119,8496,7915,8123,7971,7710,7455,6801,6878,0,2023-05-22,69.70133942110886,-147.0751100645563,"{""type"":""MultiPoint"",""coordinates"":[]}"
4070,1382,1853,914,1092,1015,739,1092,2626,3348,3195,3587,0,2023-07-24,52.79514987612526,63.131835536707875,"{""type"":""MultiPoint"",""coordinates"":[]}"
4071,1384,168,131,1075,705,443,367,321,328,306,279,0,2023-07-07,-7.181580763371794,56.86102475580692,"{""type"":""MultiPoint"",""coordinates"":[]}"
4072,2444,224,167,1832,1326,1060,1174,1530,1621,1462,1705,0,2023-03-02,62.03914525002142,58.5206663836254,"{""type"":""MultiPoint"",""coordinates"":[]}"
4073,1669,2124,1992,1511,1445,1605,1546,1565,1626,1667,1622,0,2023-03-19,43.84983547235208,93.93374662549864,"{""type"":""MultiPoint"",""coordinates"":[]}"
4074,1631,1837,1066,1429,1284,1001,1201,2455,3151,2980,3496,0,2023-01-18,-10.604442869432885,-61.24622381751314,"{""type"":""MultiPoint"",""coordinates"":[]}"
4079,1289,20,24,907,535,267,227,197,151,128,133,0,2023-05-10,59.39323717519118,163.5543405671559,"{""type"":""MultiPoint"",""coordinates"":[]}"
4080,1624,3891,2903,1534,1733,2428,2558,2720,2904,2825,3045,0,2023-09-22,-23.200942560591734,140.32320661593593,"{""type"":""MultiPoint"",""coordinates"":[]}"
4082,1222,84,53,856,501,301,255,222,213,180,169,0,2023-03-05,41.91370812203832,-12.199893761451191,"{""type"":""MultiPoint"",""coordinates"":[]}"
4086,1661,509,394,1481,1166,791,659,644,676,623,654,0,2023-01-30,-6.716456172940639,137.2961663110736,"{""type"":""MultiPoint"",""coordinates"":[]}"
4089,2247,4969,3625,2442,2926,4017,4114,4387,4645,4465,4807,0,2023-06-18,35.91686215736374,41.65587851386509,"{""type"":""MultiPoint"",""coordinates"":[]}"
4091,1210,2178,1562,1034,903,850,1028,1527,1737,1881,1951,0,2023-04-15,52.73141741723167,27.14679414340166,"{""type"":""MultiPoint"",""coordinates"":[]}"
4092,1029,862,380,727,542,323,561,1604,1952,1837,2109,0,2023-01-19,19.573833468508568,100.90109823623563,"{""type"":""MultiPoint"",""coordinates"":[]}"
4093,1583,2777,1897,1267,1108,1178,1448,1757,1898,1953,2092,0,2023-06-10,70.22196034842838,26.28577565749758,"{""type"":""MultiPoint"",""coordinates"":[]}"
4096,7440,6882,4690,8008,7788,8300,7876,8425,9175,8762,9564,0,2023-06-19,-2.0304584006791497,-63.292227641593406,"{""type"":""MultiPoint"",""coordinates"":[]}"
4104,1919,1006,723,2102,1623,1378,1098,1046,1152,1306,1095,0,2023-10-23,-3.9688544441265807,42.1867363413819,"{""type"":""MultiPoint"",""coordinates"":[]}"
4105,2122,2509,1996,1911,1649,1767,1946,2170,2386,2396,2614,0,2023-09-23,66.05493495664246,-97.88583859610179,"{""type"":""MultiPoint"",""coordinates"":[]}"
4106,1291,1831,774,999,897,645,997,1989,2450,2301,2832,0,2023-11-20,-10.93673316021854,-57.28944504968527,"{""type"":""MultiPoint"",""coordinates"":[]}"
4107,2589,3307,2104,3118,2780,2630,2750,3549,4137,4063,4353,0,2023-08-31,31.734100276061664,130.9692742368598,"{""type"":""MultiPoint"",""coordinates"":[]}"
4109,6245,6956,6021,6161,5875,6720,7028,7523,7793,7777,7945,0,2023-02-18,49.95752709306216,-93.09184016159266,"{""type"":""MultiPoint"",""coordinates"":[]}"
4113,3164,748,400,1518,1132,952,1793,2349,2457,1850,2517,0,2023-01-31,46.792223900294836,-79.0379391273143,"{""type"":""MultiPoint"",""coordinates"":[]}"
4116,1542,2502,1826,1323,1245,1370,1586,1803,2015,2125,2234,0,2023-04-13,39.53424879152063,-86.13320745180718,"{""type"":""MultiPoint"",""coordinates"":[]}"
4120,1693,1977,793,1386,1217,897,1148,2568,3160,3123,3591,0,2023-08-02,7.257364012879085,7.309857634856595,"{""type"":""MultiPoint"",""coordinates"":[]}"
4124,6277,274,276,5361,4250,3945,3902,3826,3651,3326,3442,0,2023-06-05,80.33463796343588,-78.8877834900854,"{""type"":""MultiPoint"",""coordinates"":[]}"
4132,3780,1150,901,3478,3111,3420,3765,4190,4270,3981,4466,0,2023-01-11,45.35520914081134,129.08354090719342,"{""type"":""MultiPoint"",""coordinates"":[]}"
4134,1072,2207,1058,887,865,711,1298,2405,2709,2838,3097,0,2023-08-08,65.93825199917966,129.85218654363132,"{""type"":""MultiPoint"",""coordinates"":[]}"
4135,2719,144,64,2241,1519,1201,1169,1245,1195,1154,1165,0,2023-11-14,63.72030960180698,62.159047062840024,"{""type"":""MultiPoint"",""coordinates"":[]}"
4136,8218,3140,2970,8014,7408,7491,7407,7363,7283,6840,7088,0,2023-10-24,-71.92356872288914,-20.02587855928556,"{""type"":""MultiPoint"",""coordinates"":[]}"
4140,1485,2068,1280,1234,1048,968,1138,1450,1636,1661,1937,0,2023-01-28,6.171663689857808,13.454242789830882,"{""type"":""MultiPoint"",""coordinates"":[]}"
4141,1409,3320,2225,1215,1191,1581,1852,2159,2391,2284,2649,0,2023-01-26,10.776410115927957,-3.87268256532841,"{""type"":""MultiPoint"",""coordinates"":[]}"
4142,1276,1572,796,1001,909,957,978,1766,2288,1843,2455,0,2023-07-14,-24.155934233308212,45.73235413998267,"{""type"":""MultiPoint"",""coordinates"":[]}"
4149,1407,3950,2200,1296,1469,1911,2173,3002,3358,3212,3516,0,2023-11-25,-21.362708111450917,-44.118936028028756,"{""type"":""MultiPoint"",""coordinates"":[]}"
4153,1286,91,86,843,456,281,243,217,214,154,196,0,2023-11-02,24.88638538650448,-167.4425054770203,"{""type"":""MultiPoint"",""coordinates"":[]}"
4154,1370,102,91,1090,758,403,336,283,264,215,218,0,2023-03-25,35.38569527372619,125.52106011812494,"{""type"":""MultiPoint"",""coordinates"":[]}"
4156,990,1247,987,748,590,553,686,808,889,798,922,0,2023-11-02,-29.615665078120077,-67.0605287213243,"{""type"":""MultiPoint"",""coordinates"":[]}"
4159,8870,757,716,8637,7765,8385,8301,8367,8412,8075,8263,0,2023-04-10,68.36650192801918,78.39326425590421,"{""type"":""MultiPoint"",""coordinates"":[]}"
4160,5648,82,73,4590,3852,3217,2846,2676,2347,2640,2079,0,2023-11-29,-68.767473709779,-55.9280320548891,"{""type"":""MultiPoint"",""coordinates"":[]}"
4161,1574,588,448,1279,914,719,677,695,722,618,719,0,2023-12-25,-10.116159482861221,136.79954213073555,"{""type"":""MultiPoint"",""coordinates"":[]}"
4162,1296,2797,1602,1085,1092,972,1343,2235,2655,2589,3026,0,2023-01-02,-31.3073677555857,-57.94340970127911,"{""type"":""MultiPoint"",""coordinates"":[]}"
4169,1487,469,369,1178,893,756,633,637,662,566,657,0,2023-08-18,11.51802225816539,55.73705729951438,"{""type"":""MultiPoint"",""coordinates"":[]}"
4170,1193,35,24,831,481,259,224,193,177,139,128,0,2023-04-01,42.55396692249495,-68.8540022979004,"{""type"":""MultiPoint"",""coordinates"":[]}"
4171,1164,1486,525,840,762,439,867,2837,3760,2978,4285,0,2023-08-31,18.882431174152092,-88.94377643786987,"{""type"":""MultiPoint"",""coordinates"":[]}"
4172,2624,2103,1733,2428,2103,2035,1942,1942,2009,1912,2002,0,2023-07-06,32.40317773548036,-14.67168628333911,"{""type"":""MultiPoint"",""coordinates"":[]}"
4174,1876,70,63,1333,752,520,473,437,365,303,296,0,2023-03-21,74.94688330607225,-0.6569845904762696,"{""type"":""MultiPoint"",""coordinates"":[]}"
4177,1403,195,152,956,555,353,371,336,328,225,290,0,2023-10-21,-17.362868349815948,-138.55569498219845,"{""type"":""MultiPoint"",""coordinates"":[]}"
4181,1236,196,145,912,579,399,360,324,323,279,268,0,2023-02-04,11.008481724087975,53.12009479120118,"{""type"":""MultiPoint"",""coordinates"":[]}"
4185,1507,582,472,1324,1128,1065,740,801,783,719,816,0,2023-04-05,26.97553848172755,-88.49712842350515,"{""type"":""MultiPoint"",""coordinates"":[]}"
4186,1374,255,203,977,600,470,397,392,382,304,363,0,2023-07-30,9.039480577967092,124.82793817287609,"{""type"":""MultiPoint"",""coordinates"":[]}"
4187,1690,317,223,1252,856,627,565,529,517,465,487,0,2023-05-04,22.962925983612237,-94.60233704741673,"{""type"":""MultiPoint"",""coordinates"":[]}"
4190,3242,1886,1453,1442,1265,1117,1339,2752,3659,3134,4159,0,2023-10-22,-7.80158669549969,-58.51098156573886,"{""type"":""MultiPoint"",""coordinates"":[]}"
4193,1329,54,45,905,510,292,239,211,181,138,143,0,2023-07-07,-22.265988450420128,170.5484435355099,"{""type"":""MultiPoint"",""coordinates"":[]}"
4195,1267,75,56,882,520,297,249,200,200,176,166,0,2023-02-12,-40.996076110498265,177.5689830156464,"{""type"":""MultiPoint"",""coordinates"":[]}"
4196,2600,273,199,1872,1255,1022,1092,1655,1916,2225,2043,0,2023-01-01,55.64855361629536,-112.75446639225498,"{""type"":""MultiPoint"",""coordinates"":[]}"
4200,2465,554,504,1775,1116,900,911,829,879,710,782,0,2023-01-05,52.57502529223818,-168.51603087285315,"{""type"":""MultiPoint"",""coordinates"":[]}"
4201,1408,203,142,1002,618,404,363,346,356,269,313,0,2023-10-01,-4.340776634171111,146.1225960519189,"{""type"":""MultiPoint"",""coordinates"":[]}"
4205,2199,6439,5745,2380,3081,4481,4548,4794,5239,5000,5537,0,2023-09-19,23.652667245399368,-2.9433633666759107,"{""type"":""MultiPoint"",""coordinates"":[]}"
4207,1775,1017,874,1302,1057,1011,1052,1083,1171,734,1160,0,2023-04-07,16.30986992689143,39.36104260187483,"{""type"":""MultiPoint"",""coordinates"":[]}"
4209,1657,936,804,1533,1236,1139,1099,1065,1083,1107,1051,0,2023-05-31,35.84972373989029,122.997978015992,"{""type"":""MultiPoint"",""coordinates"":[]}"
4210,1378,2534,1656,1148,1137,1268,1349,1900,2250,1936,2407,0,2023-10-15,11.145854660843328,-3.0727923806931186,"{""type"":""MultiPoint"",""coordinates"":[]}"
4213,2119,5445,4448,2209,2640,3545,3784,4018,4250,4129,4503,0,2023-03-18,19.448487364222206,57.61483260101465,"{""type"":""MultiPoint"",""coordinates"":[]}"
4215,6694,515,491,8164,7760,8121,6992,6908,6584,7074,6090,0,2023-04-27,60.77162300856267,140.19905684217542,"{""type"":""MultiPoint"",""coordinates"":[]}"
4216,2252,1423,1111,2116,1739,1593,1450,1450,1526,1437,1541,0,2023-08-25,-1.0218301088260753,149.03151937368665,"{""type"":""MultiPoint"",""coordinates"":[]}"
4221,1498,4377,3859,1461,1757,2490,2659,2829,3058,3012,3197,0,2023-07-26,33.717569893295135,1.174996894675519,"{""type"":""MultiPoint"",""coordinates"":[]}"
4226,1894,1669,980,1473,1218,1421,1658,1849,2138,2156,2585,0,2023-11-16,54.052950150979605,-124.87648716146933,"{""type"":""MultiPoint"",""coordinates"":[]}"
4236,1208,119,100,855,545,333,286,257,253,195,203,0,2023-04-16,47.047391965798866,-8.640359546678038,"{""type"":""MultiPoint"",""coordinates"":[]}"
4241,1542,3707,3166,1598,1868,2448,2537,2787,3011,3101,3256,0,2023-07-05,35.494234966672224,-114.32743397160269,"{""type"":""MultiPoint"",""coordinates"":[]}"
4242,1392,3508,2415,1298,1263,1398,1692,2197,2508,2272,2826,0,2023-06-23,47.886678643205954,119.33639575406104,"{""type"":""MultiPoint"",""coordinates"":[]}"
4244,1093,2841,2282,859,834,1142,1354,1773,1911,1850,2045,0,2023-12-01,-17.653930307385068,31.147883089491046,"{""type"":""MultiPoint"",""coordinates"":[]}"
4246,1610,562,457,1195,853,735,692,682,717,540,716,0,2023-11-05,-22.99614769945823,37.828250091358996,"{""type"":""MultiPoint"",""coordinates"":[]}"
4247,1026,1068,374,746,643,352,642,1889,2628,2393,2991,0,2023-11-13,-1.1125028008548068,-77.72852891257212,"{""type"":""MultiPoint"",""coordinates"":[]}"
4248,4049,752,642,3705,3340,3848,3499,3574,3433,3806,3466,0,2023-04-11,68.85910696936392,123.21861449448161,"{""type"":""MultiPoint"",""coordinates"":[]}"
4249,2126,3172,2821,2081,2123,2421,2394,2511,2640,2816,2748,0,2023-11-30,44.19616506793902,64.2594665806262,"{""type"":""MultiPoint"",""coordinates"":[]}"
4251,1394,277,191,1029,681,559,463,399,419,372,345,0,2023-08-31,-7.278271375371222,-155.93266336519576,"{""type"":""MultiPoint"",""coordinates"":[]}"
4255,1364,101,82,931,519,324,272,239,224,160,169,0,2023-07-13,-14.143812435794317,-8.948879013131405,"{""type"":""MultiPoint"",""coordinates"":[]}"
4256,1764,376,336,1336,992,796,665,646,630,533,633,0,2023-12-05,24.118770653046646,36.23289832449839,"{""type"":""MultiPoint"",""coordinates"":[]}"
4257,1277,1879,1233,1038,741,767,819,929,1025,1079,1262,0,2023-10-07,60.032789564289615,98.86316323538776,"{""type"":""MultiPoint"",""coordinates"":[]}"
4258,1219,93,72,863,521,290,245,218,218,194,158,0,2023-04-14,38.61410052159128,17.13514746420648,"{""type"":""MultiPoint"",""coordinates"":[]}"
4259,1434,2489,1494,1166,1008,970,1194,1628,1867,1829,2180,0,2023-07-18,70.92024364246602,-109.98380488921238,"{""type"":""MultiPoint"",""coordinates"":[]}"
4260,1489,14,8,1075,606,335,263,237,195,149,138,0,2023-08-12,75.96247807712182,-64.08028827441323,"{""type"":""MultiPoint"",""coordinates"":[]}"
4264,1522,1843,1071,1361,1281,1003,1398,2426,2768,2759,2962,0,2023-05-09,41.46214875525911,44.155682497618805,"{""type"":""MultiPoint"",""coordinates"":[]}"
4270,2112,5600,4929,2197,2703,3676,3789,4064,4406,4151,4595,0,2023-08-01,25.57672294672155,18.31075948597729,"{""type"":""MultiPoint"",""coordinates"":[]}"
4272,1736,6132,4890,1773,2235,3678,3958,4260,4577,4538,4776,0,2023-05-29,29.765907625893156,13.030421190784528,"{""type"":""MultiPoint"",""coordinates"":[]}"
4273,1233,1613,689,809,731,417,768,2385,3308,3283,3698,0,2023-08-08,6.30272642795653,-64.10939072548683,"{""type"":""MultiPoint"",""coordinates"":[]}"
4274,1550,2689,2047,1323,1166,1352,1450,1604,1768,1837,2012,0,2023-03-10,43.50026513155466,124.43841811572527,"{""type"":""MultiPoint"",""coordinates"":[]}"
4275,8799,381,393,8726,8236,8346,8598,8405,8118,7661,7782,0,2023-11-22,-73.46646076044654,67.94901347422108,"{""type"":""MultiPoint"",""coordinates"":[]}"
4276,1303,1664,1409,1001,819,755,824,994,1150,1051,1263,0,2023-03-27,6.711318261466773,-63.739945853200986,"{""type"":""MultiPoint"",""coordinates"":[]}"
4279,7582,1114,1195,7100,5902,6903,7337,7391,7511,7211,7406,0,2023-02-08,61.14915582956986,-107.7085926901507,"{""type"":""MultiPoint"",""coordinates"":[]}"
4280,1354,182,121,1027,656,468,354,328,328,349,276,0,2023-11-21,2.454836133178556,171.53461716463883,"{""type"":""MultiPoint"",""coordinates"":[]}"
4281,1180,2725,1349,931,921,840,1248,2016,2379,2402,2900,0,2023-07-22,-9.539098101107163,-57.39844788958227,"{""type"":""MultiPoint"",""coordinates"":[]}"
4282,1618,337,261,1137,768,582,486,494,511,394,472,0,2023-07-03,19.31846753549467,-49.850400332832585,"{""type"":""MultiPoint"",""coordinates"":[]}"
4285,2545,5821,4368,2597,2974,3953,4284,4656,4950,4658,5051,0,2023-01-18,34.23181250041127,36.787429661536855,"{""type"":""MultiPoint"",""coordinates"":[]}"
4286,6703,654,588,5952,4726,4725,4739,4631,4451,4258,4169,0,2023-09-13,-70.55406323600796,83.35956563930604,"{""type"":""MultiPoint"",""coordinates"":[]}"
4292,1179,1391,821,1018,1052,769,1063,1776,1714,2442,1883,0,2023-01-14,25.498484432521348,113.30334713889367,"{""type"":""MultiPoint"",""coordinates"":[]}"
4297,1066,1631,624,798,722,385,789,2584,3237,3044,3541,0,2023-08-11,31.80731482674407,109.45002473434384,"{""type"":""MultiPoint"",""coordinates"":[]}"
4298,1195,2422,1732,971,896,1207,1503,1891,2082,1982,2095,0,2023-09-12,-27.005748550881844,124.55566603368136,"{""type"":""MultiPoint"",""coordinates"":[]}"
4299,1654,211,157,1459,1319,870,706,522,490,423,379,0,2023-01-28,25.455018896272172,120.00433321249696,"{""type"":""MultiPoint"",""coordinates"":[]}"
4302,2012,1183,936,1828,1508,1390,1301,1321,1353,1234,1359,0,2023-07-30,13.14110339635694,74.34112906155013,"{""type"":""MultiPoint"",""coordinates"":[]}"
4304,9218,880,991,9057,8384,8769,8915,8899,8768,8589,8595,0,2023-11-13,-77.88087874474714,-11.765697826352234,"{""type"":""MultiPoint"",""coordinates"":[]}"
4305,2598,967,713,2106,1557,1362,1237,1225,1298,1117,1219,0,2023-11-09,56.350238764607354,-156.63642627622994,"{""type"":""MultiPoint"",""coordinates"":[]}"
4309,8489,883,900,8296,7797,8459,8381,8555,8412,8315,8311,0,2023-04-21,54.63673743683136,-84.09440488258933,"{""type"":""MultiPoint"",""coordinates"":[]}"
4310,1286,3594,2909,1110,1201,2112,2223,2536,2660,2629,2635,0,2023-03-24,-27.4737981085466,128.51061357108748,"{""type"":""MultiPoint"",""coordinates"":[]}"
4313,1210,45,26,882,564,324,266,243,225,181,168,0,2023-06-08,-9.897117759813904,34.16852255976985,"{""type"":""MultiPoint"",""coordinates"":[]}"
4314,1257,1280,526,982,899,527,990,3186,4331,4345,4623,0,2023-06-03,44.10247562063974,21.06139073822558,"{""type"":""MultiPoint"",""coordinates"":[]}"
4315,1103,2483,1341,903,895,661,1048,2760,3641,3487,3979,0,2023-12-26,-23.489262077760845,-50.274649682456534,"{""type"":""MultiPoint"",""coordinates"":[]}"
4320,4197,2964,2069,4040,3863,3938,3891,4207,4431,4271,4569,0,2023-02-05,-12.748195067452054,-71.96054169639574,"{""type"":""MultiPoint"",""coordinates"":[]}"
4322,1590,4454,3563,1385,1495,2368,2349,2654,2974,2839,3282,0,2023-10-16,-0.11149978336464476,39.521639150870364,"{""type"":""MultiPoint"",""coordinates"":[]}"
4326,1180,600,419,861,675,527,562,645,634,633,660,0,2023-08-31,52.749990913757586,-120.71227087362915,"{""type"":""MultiPoint"",""coordinates"":[]}"
4327,1420,293,244,1035,669,457,438,425,456,370,422,0,2023-02-07,-10.534040250481775,46.130021064022515,"{""type"":""MultiPoint"",""coordinates"":[]}"
4328,1106,2039,1339,977,928,1034,1203,1860,2163,2196,2431,0,2023-08-25,-0.12456348168196908,37.71359791861573,"{""type"":""MultiPoint"",""coordinates"":[]}"
4329,1677,34,21,1288,826,410,326,272,249,210,177,0,2023-12-16,40.147483833022804,18.520468563276378,"{""type"":""MultiPoint"",""coordinates"":[]}"
4332,1105,1612,750,840,756,528,874,1775,2184,2193,2515,0,2023-08-02,65.83044389993078,48.382833084765146,"{""type"":""MultiPoint"",""coordinates"":[]}"
4333,1779,2745,2333,1682,1773,2115,2148,2235,2430,2359,2466,0,2023-03-12,-47.03648042501741,-70.74644104643374,"{""type"":""MultiPoint"",""coordinates"":[]}"
4335,1416,231,183,1108,711,487,419,417,410,330,384,0,2023-08-12,-10.7067338401616,131.62055759217256,"{""type"":""MultiPoint"",""coordinates"":[]}"
4337,7588,4798,3004,7732,7390,7641,7550,7772,8077,7988,8144,0,2023-08-15,26.104272684381797,116.23618215670732,"{""type"":""MultiPoint"",""coordinates"":[]}"
4340,1282,135,126,951,637,387,328,295,288,225,253,0,2023-07-20,44.91865839148698,-58.761200059472905,"{""type"":""MultiPoint"",""coordinates"":[]}"
4341,1453,437,320,1185,889,698,605,583,599,561,561,0,2023-03-11,10.97596210465869,109.04200051739741,"{""type"":""MultiPoint"",""coordinates"":[]}"
4342,1410,176,143,969,586,397,361,340,334,231,308,0,2023-02-13,-34.87662188106025,114.37612024053462,"{""type"":""MultiPoint"",""coordinates"":[]}"
4344,1130,2056,1679,860,858,1198,1336,1494,1526,1298,1342,0,2023-05-06,-23.14773159310131,118.62473979484223,"{""type"":""MultiPoint"",""coordinates"":[]}"
4345,1374,55,42,899,472,264,224,191,176,138,132,0,2023-04-04,-18.037574319105723,158.25344030383027,"{""type"":""MultiPoint"",""coordinates"":[]}"
4346,1813,69,50,1278,686,468,427,363,339,245,260,0,2023-02-25,71.43739323304014,32.072545034488975,"{""type"":""MultiPoint"",""coordinates"":[]}"
4349,1522,1308,770,1166,827,723,906,1167,1325,1364,1669,0,2023-09-27,65.86655904180188,32.62763744621662,"{""type"":""MultiPoint"",""coordinates"":[]}"
4350,1128,568,335,875,766,650,731,636,656,773,634,0,2023-06-15,62.57584111330794,-105.77287768778864,"{""type"":""MultiPoint"",""coordinates"":[]}"
4354,2637,2226,1613,1833,1539,1794,1802,2054,2303,2566,2531,0,2023-03-10,46.0886718622281,-62.89837648064997,"{""type"":""MultiPoint"",""coordinates"":[]}"
4355,1924,6021,5234,2166,2967,4383,4733,4929,5213,5008,5340,0,2023-01-11,27.567637577060164,39.256961635608,"{""type"":""MultiPoint"",""coordinates"":[]}"
4356,2547,514,406,2030,1258,1060,1024,979,965,881,921,0,2023-01-17,58.955944134444835,-42.76074586178711,"{""type"":""MultiPoint"",""coordinates"":[]}"
4358,2377,81,32,1749,1071,712,659,756,721,631,673,0,2023-07-15,-50.452010625617646,-73.9572946608226,"{""type"":""MultiPoint"",""coordinates"":[]}"
4361,1101,1372,453,755,554,290,608,1904,2771,2266,3122,0,2023-07-02,-12.803134089394439,-69.83923238554372,"{""type"":""MultiPoint"",""coordinates"":[]}"
4362,1197,2292,1543,989,1050,859,1325,2450,2770,2756,3002,0,2023-07-27,43.032923079540275,-110.52254144583426,"{""type"":""MultiPoint"",""coordinates"":[]}"
4364,2148,3633,3447,2164,2374,2727,2762,2844,2995,2835,3045,0,2023-05-02,31.30464161043889,71.94183353897466,"{""type"":""MultiPoint"",""coordinates"":[]}"
4365,1252,2509,1558,1078,977,1061,1244,1645,1902,1958,2190,0,2023-06-26,-17.08359870264739,31.746775466748563,"{""type"":""MultiPoint"",""coordinates"":[]}"
4366,1703,2767,2426,1581,1692,1915,1839,1960,2150,1893,2204,0,2023-07-21,17.301442808202967,36.71757234943595,"{""type"":""MultiPoint"",""coordinates"":[]}"
4370,1703,2060,1603,1498,1332,1437,1396,1345,1439,1629,1474,0,2023-01-24,36.82815969998379,104.38365019450652,"{""type"":""MultiPoint"",""coordinates"":[]}"
4378,1375,1158,734,1062,775,762,890,1078,1171,1261,1403,0,2023-02-22,42.343631252433816,22.12004154858718,"{""type"":""MultiPoint"",""coordinates"":[]}"
4379,1214,1823,1145,939,723,724,806,1069,1219,1319,1448,0,2023-02-12,36.08919385197929,-81.23035333524186,"{""type"":""MultiPoint"",""coordinates"":[]}"
4382,1397,127,104,1200,994,529,406,315,300,247,228,0,2023-12-07,28.140682221800855,-80.48610937037772,"{""type"":""MultiPoint"",""coordinates"":[]}"
4384,1233,2181,1192,1017,991,807,1150,2263,2706,2451,3048,0,2023-03-22,4.106479534566802,22.607001702212855,"{""type"":""MultiPoint"",""coordinates"":[]}"
4387,1159,1009,459,830,649,421,643,1334,1543,1395,1714,0,2023-07-29,66.55213325494839,27.4795263919262,"{""type"":""MultiPoint"",""coordinates"":[]}"
4388,2123,2739,1555,1862,1701,1606,1747,2629,3251,3259,3635,0,2023-07-03,-1.6118524911757872,24.51545154667657,"{""type"":""MultiPoint"",""coordinates"":[]}"
4389,1941,2543,1601,2007,1847,1647,1782,3248,4103,3790,4581,0,2023-03-05,-0.936138327700576,-53.35092352873075,"{""type"":""MultiPoint"",""coordinates"":[]}"
4393,2106,87,49,1591,948,603,537,496,428,383,329,0,2023-07-20,-50.49604524353311,168.76289510398288,"{""type"":""MultiPoint"",""coordinates"":[]}"
4394,1406,37,27,917,458,252,194,174,153,111,112,0,2023-03-24,-19.301381842803043,-141.42041286254445,"{""type"":""MultiPoint"",""coordinates"":[]}"
4396,1259,68,50,879,537,319,263,224,214,171,176,0,2023-02-15,17.23099722921936,-17.759593740162337,"{""type"":""MultiPoint"",""coordinates"":[]}"
4399,1507,221,160,1122,739,532,441,415,421,368,381,0,2023-04-27,11.749118030032728,43.9068447632141,"{""type"":""MultiPoint"",""coordinates"":[]}"
4403,1363,3801,3344,1126,1193,2057,2488,2931,3143,2831,3257,0,2023-07-16,-20.099173593155513,125.23703364233472,"{""type"":""MultiPoint"",""coordinates"":[]}"
4406,975,1666,617,718,637,365,731,2456,3128,3027,3506,0,2023-04-14,-17.46673482281072,-50.67912419020578,"{""type"":""MultiPoint"",""coordinates"":[]}"
4409,1360,102,72,916,508,306,261,236,230,173,185,0,2023-04-28,30.590130478206152,-17.068549125497462,"{""type"":""MultiPoint"",""coordinates"":[]}"
4410,1140,1172,629,879,796,574,856,1424,1630,1652,1800,0,2023-09-12,40.10877672276845,30.09996231049919,"{""type"":""MultiPoint"",""coordinates"":[]}"
4412,1527,295,219,1080,697,499,494,463,468,355,442,0,2023-07-14,17.06755054168648,-60.14671935025565,"{""type"":""MultiPoint"",""coordinates"":[]}"
4413,1208,564,215,837,613,388,493,1254,1668,1617,1878,0,2023-02-17,-16.268037476507235,-39.69997805114232,"{""type"":""MultiPoint"",""coordinates"":[]}"
4419,1209,1772,707,951,985,570,1026,2832,3569,3336,3962,0,2023-09-09,9.02708745637463,21.058575751409215,"{""type"":""MultiPoint"",""coordinates"":[]}"
4422,2112,5668,4696,2182,2697,3816,3784,4119,4549,4084,4612,0,2023-08-17,18.285773854357316,6.60824399872132,"{""type"":""MultiPoint"",""coordinates"":[]}"
4424,1826,3851,3418,1838,2137,2497,2626,2981,3192,3145,3298,0,2023-08-19,36.70119635490214,98.83443194038988,"{""type"":""MultiPoint"",""coordinates"":[]}"
4429,1966,1271,603,1688,1537,1176,1380,2740,3644,3416,3837,0,2023-08-02,49.5278165571277,-98.66715827797881,"{""type"":""MultiPoint"",""coordinates"":[]}"
4432,4786,345,247,4915,4607,4794,4776,5121,4856,4578,4705,0,2023-04-21,65.30003274697671,67.62200078312972,"{""type"":""MultiPoint"",""coordinates"":[]}"
4433,1341,2171,1586,988,1016,914,1372,1976,2205,2805,2528,0,2023-05-12,38.62753623735596,-90.03322852160566,"{""type"":""MultiPoint"",""coordinates"":[]}"
4439,1360,44,28,912,475,275,209,193,163,136,129,0,2023-07-02,-20.117631757517465,-137.89476438740488,"{""type"":""MultiPoint"",""coordinates"":[]}"
4440,1352,1719,660,1071,1019,643,1072,2774,3470,3315,3824,0,2023-01-21,-31.667239897758968,29.090331071582824,"{""type"":""MultiPoint"",""coordinates"":[]}"
4442,1650,490,423,1259,894,693,635,638,676,614,659,0,2023-05-28,32.99978068784747,32.521724627781225,"{""type"":""MultiPoint"",""coordinates"":[]}"
4447,1924,5454,4227,2011,2534,3772,3751,3963,4422,4066,4762,0,2023-06-05,9.4244736951346,50.43981844336622,"{""type"":""MultiPoint"",""coordinates"":[]}"
4449,2006,112,69,1462,881,593,531,477,374,374,325,0,2023-05-18,-50.36623223950094,166.94018811390455,"{""type"":""MultiPoint"",""coordinates"":[]}"
4451,1759,777,570,1484,1066,885,980,927,886,862,804,0,2023-03-22,11.638357077970442,-82.09107319603726,"{""type"":""MultiPoint"",""coordinates"":[]}"
4452,1805,594,562,1175,818,682,666,658,721,479,741,0,2023-08-26,17.405171404014702,-79.51881390092116,"{""type"":""MultiPoint"",""coordinates"":[]}"
4454,1788,889,669,1325,964,888,1015,992,1190,659,1027,0,2023-01-27,-13.322398311767403,148.93268492496716,"{""type"":""MultiPoint"",""coordinates"":[]}"
4456,1770,43,11,1303,810,503,433,370,314,264,245,0,2023-09-14,76.34965608458758,128.674555715384,"{""type"":""MultiPoint"",""coordinates"":[]}"
4457,1294,174,141,873,520,329,329,297,286,210,262,0,2023-03-01,-35.49915629971156,152.83410986830714,"{""type"":""MultiPoint"",""coordinates"":[]}"
4458,1399,2637,2336,1258,1221,1400,1475,1559,1673,1642,1802,0,2023-04-30,52.44476270813778,61.65781737207933,"{""type"":""MultiPoint"",""coordinates"":[]}"
4459,2564,1723,1747,2186,1773,1783,1763,1740,1775,1674,1820,0,2023-02-08,-70.33103146670229,-80.67597435108698,"{""type"":""MultiPoint"",""coordinates"":[]}"
4460,1286,2982,2156,1142,1225,1780,1839,2096,2249,2288,2367,0,2023-04-21,-24.86716679290109,143.24509204133187,"{""type"":""MultiPoint"",""coordinates"":[]}"
4466,1739,2235,1491,1459,1220,1187,1258,1494,1656,1644,1882,0,2023-09-14,-18.199121763381537,35.10747181872017,"{""type"":""MultiPoint"",""coordinates"":[]}"
4468,1963,5858,5233,2080,2582,3975,4067,4330,4735,4474,4995,0,2023-07-06,19.332158931839913,51.655649928269064,"{""type"":""MultiPoint"",""coordinates"":[]}"
4472,1447,3639,1949,1266,1282,1337,1686,2312,2701,2604,3170,0,2023-10-19,-12.062022801763188,-38.57331091915177,"{""type"":""MultiPoint"",""coordinates"":[]}"
4473,3584,140,120,3578,3386,2896,2681,2321,1574,1249,1109,0,2023-01-18,31.577005327043675,87.21918719910444,"{""type"":""MultiPoint"",""coordinates"":[]}"
4474,1596,483,400,1174,836,746,591,581,647,537,592,0,2023-01-06,-18.982535057353584,-139.82665196916423,"{""type"":""MultiPoint"",""coordinates"":[]}"
4475,6677,2204,2081,6317,5540,5980,5931,5869,5919,5675,5787,0,2023-08-28,-69.21013176188512,24.25549153752606,"{""type"":""MultiPoint"",""coordinates"":[]}"
4476,8134,1432,1395,7681,6792,7191,7583,7624,7533,6904,7314,0,2023-08-31,-68.32848985500009,108.0694709054289,"{""type"":""MultiPoint"",""coordinates"":[]}"
4479,1670,655,473,1351,1025,871,764,750,780,717,774,0,2023-01-08,-20.104148027142184,-135.05893189484087,"{""type"":""MultiPoint"",""coordinates"":[]}"
4480,1490,2379,2018,1208,1040,946,1046,1407,1592,1532,1726,0,2023-06-04,54.57590295875906,82.99642967000284,"{""type"":""MultiPoint"",""coordinates"":[]}"
4483,1476,26,11,1030,637,357,282,258,216,170,164,0,2023-06-16,70.4027523674792,-21.418531203762583,"{""type"":""MultiPoint"",""coordinates"":[]}"
4485,1245,19,19,860,484,273,225,188,167,128,125,0,2023-02-27,35.03206266464474,29.28242918937374,"{""type"":""MultiPoint"",""coordinates"":[]}"
4487,1532,297,232,1144,731,495,480,432,423,425,391,0,2023-11-30,-16.377153564614144,166.48039787850212,"{""type"":""MultiPoint"",""coordinates"":[]}"
4490,1737,790,607,1471,1196,1067,958,956,1021,883,997,0,2023-08-31,19.602186590012284,60.340715001118234,"{""type"":""MultiPoint"",""coordinates"":[]}"
4491,1484,5069,4588,1376,1695,3067,3261,3515,3763,3473,3913,0,2023-10-21,22.284273364876857,-5.308974609293461,"{""type"":""MultiPoint"",""coordinates"":[]}"
4492,1192,77,57,883,588,332,260,220,210,177,178,0,2023-03-18,29.820006002397477,-88.7267502796303,"{""type"":""MultiPoint"",""coordinates"":[]}"
4493,2025,3903,3421,1973,2167,2826,2881,3096,3167,3130,3350,0,2023-09-06,28.331001747577655,32.576257315217006,"{""type"":""MultiPoint"",""coordinates"":[]}"
4494,1730,1873,1621,1603,1543,1854,1932,2029,2140,1958,2104,0,2023-06-11,25.929324818822852,34.127902961522686,"{""type"":""MultiPoint"",""coordinates"":[]}"
4497,3109,1863,1481,2822,2577,2481,2660,3303,3715,3575,3991,0,2023-01-27,-8.013587728055052,147.24316979151507,"{""type"":""MultiPoint"",""coordinates"":[]}"
4500,1426,67,41,989,585,348,295,255,235,195,182,0,2023-02-25,24.592078408912236,-91.6990352024477,"{""type"":""MultiPoint"",""coordinates"":[]}"
4501,1148,2137,825,879,905,475,1115,3782,4861,4978,5488,0,2023-06-10,55.0283425679453,-1.9872224381786303,"{""type"":""MultiPoint"",""coordinates"":[]}"
4503,1817,857,738,1487,1254,1174,1090,1076,1101,913,1084,0,2023-01-30,6.65560728845635,-57.661942193026405,"{""type"":""MultiPoint"",""coordinates"":[]}"
4504,1408,340,249,1083,761,620,538,496,513,424,473,0,2023-07-09,47.306025880972214,146.6885973786072,"{""type"":""MultiPoint"",""coordinates"":[]}"
4508,1245,1380,607,951,884,636,999,2113,2484,2584,2922,0,2023-05-12,-34.01273735794999,-58.54163416763997,"{""type"":""MultiPoint"",""coordinates"":[]}"
4510,10498,1348,1380,10340,9658,10114,10217,10220,10034,9700,9824,0,2023-01-22,-75.55205199041615,111.04241309432616,"{""type"":""MultiPoint"",""coordinates"":[]}"
4512,919,774,334,681,632,354,677,1572,2014,1930,2258,0,2023-07-25,49.57387367141726,90.42159855977842,"{""type"":""MultiPoint"",""coordinates"":[]}"
4513,1547,300,224,1168,805,589,530,490,483,450,425,0,2023-03-01,6.845438960897818,77.01964813085097,"{""type"":""MultiPoint"",""coordinates"":[]}"
4514,1741,3410,3032,1686,1815,2331,2464,2584,2681,2636,2725,0,2023-02-03,44.92806772911606,106.4102106044785,"{""type"":""MultiPoint"",""coordinates"":[]}"
4516,8998,937,952,8784,7916,8419,8508,8507,8403,8074,8151,0,2023-10-10,-65.87390433550662,131.60617992909923,"{""type"":""MultiPoint"",""coordinates"":[]}"
4517,1257,41,22,860,475,253,199,180,155,135,117,0,2023-07-12,-19.772943739245743,178.82980462603803,"{""type"":""MultiPoint"",""coordinates"":[]}"
4518,1145,1391,566,839,733,423,768,2409,2885,3027,3195,0,2023-07-28,55.27702345735761,93.68043757341799,"{""type"":""MultiPoint"",""coordinates"":[]}"
4521,1401,2352,1667,1053,899,942,1310,2176,2578,2251,2750,0,2023-10-02,43.92603701631524,20.722043022212084,"{""type"":""MultiPoint"",""coordinates"":[]}"
4530,1960,6455,5244,2059,2661,4310,4539,4824,5255,5010,5507,0,2023-08-13,29.960352596405553,3.6381695893006887,"{""type"":""MultiPoint"",""coordinates"":[]}"
4532,5790,4361,3533,5150,4528,5030,5199,5253,5354,5391,5505,0,2023-02-25,52.51685918741887,176.4260324272603,"{""type"":""MultiPoint"",""coordinates"":[]}"
4535,1384,356,264,1116,938,735,614,524,537,447,491,0,2023-05-10,0.3955904788738831,-48.15504220396389,"{""type"":""MultiPoint"",""coordinates"":[]}"
4536,7283,788,768,6947,6428,7115,7161,7305,7337,7084,7283,0,2023-02-22,45.46852594341126,77.36705469076776,"{""type"":""MultiPoint"",""coordinates"":[]}"
4537,1267,63,48,864,483,276,217,193,185,150,148,0,2023-12-22,-4.746249896268439,53.17379599404151,"{""type"":""MultiPoint"",""coordinates"":[]}"
4538,1623,1667,826,1224,1090,864,1080,1933,2507,2015,2943,0,2023-10-10,-1.8363674738372375,-52.634216704559975,"{""type"":""MultiPoint"",""coordinates"":[]}"
4539,1424,2478,1485,1132,1059,980,1264,2078,2422,2366,2777,0,2023-08-10,48.66535966322209,83.99997748524605,"{""type"":""MultiPoint"",""coordinates"":[]}"
4544,3072,5814,4291,3414,3814,4454,4273,4584,4978,4597,5274,0,2023-07-03,17.0194462219838,18.48764128952528,"{""type"":""MultiPoint"",""coordinates"":[]}"
4545,1403,262,191,1004,666,487,412,400,424,309,374,0,2023-10-23,-5.98143448721595,153.86553248040107,"{""type"":""MultiPoint"",""coordinates"":[]}"
4546,1295,20,5,897,491,280,219,175,164,126,119,0,2023-11-23,36.238220556790594,-3.822376675100477,"{""type"":""MultiPoint"",""coordinates"":[]}"
4549,2033,98,84,1435,874,559,489,398,390,304,312,0,2023-12-08,55.86889308024399,-11.060622683481407,"{""type"":""MultiPoint"",""coordinates"":[]}"
4552,2351,6466,5742,2528,3233,4428,4508,4796,5220,4881,5431,0,2023-09-30,28.019925828727555,22.59922730621666,"{""type"":""MultiPoint"",""coordinates"":[]}"
4557,1949,442,362,1479,1017,846,996,1360,1317,1347,1497,0,2023-03-07,58.40328520245274,109.94720612888575,"{""type"":""MultiPoint"",""coordinates"":[]}"
4560,1247,68,48,936,592,304,236,227,206,174,187,0,2023-03-24,-18.949687704196332,146.43463215711176,"{""type"":""MultiPoint"",""coordinates"":[]}"
4562,1587,1396,782,1251,990,1061,1447,2059,2377,2707,2957,0,2023-10-29,61.47659329174991,74.5407612910378,"{""type"":""MultiPoint"",""coordinates"":[]}"
4566,1901,5679,5006,1870,2324,3817,3985,4291,4646,4388,4778,0,2023-06-06,33.280329794750266,1.90059588658987,"{""type"":""MultiPoint"",""coordinates"":[]}"
4567,3030,2031,1449,2808,2433,2386,2313,2292,2394,2286,2389,0,2023-11-12,-17.185866025477875,-8.952178764367304,"{""type"":""MultiPoint"",""coordinates"":[]}"
4572,1417,46,28,913,473,254,205,176,164,119,121,0,2023-05-05,-10.598531397065232,-172.29330590126253,"{""type"":""MultiPoint"",""coordinates"":[]}"
4576,5571,3548,2811,5281,4493,5208,5252,5459,5603,5174,5641,0,2023-10-24,71.77224997269471,-121.7163923490859,"{""type"":""MultiPoint"",""coordinates"":[]}"
4577,1817,2655,1571,1692,1736,1736,1834,2498,2894,3005,3000,0,2023-07-31,11.668312161437715,11.654510633883023,"{""type"":""MultiPoint"",""coordinates"":[]}"
4578,1348,812,294,965,732,478,671,1940,2249,2794,2599,0,2023-09-22,-55.03617727038178,-67.0061850338067,"{""type"":""MultiPoint"",""coordinates"":[]}"
4580,1301,156,110,972,605,381,343,307,276,285,247,0,2023-07-12,-7.15888838223773,53.50491073063204,"{""type"":""MultiPoint"",""coordinates"":[]}"
4581,1610,1736,1153,1511,1366,1070,1255,2150,2583,2574,2774,0,2023-11-13,-11.230566248790923,26.89089714556764,"{""type"":""MultiPoint"",""coordinates"":[]}"
4582,1912,950,776,1603,1220,1073,1021,1039,1053,1010,1055,0,2023-04-13,14.89117535638006,-81.47922524353488,"{""type"":""MultiPoint"",""coordinates"":[]}"
4586,1131,3362,2822,986,1033,1826,2125,2558,2769,2630,2815,0,2023-02-11,-24.70221520575025,128.92440577077534,"{""type"":""MultiPoint"",""coordinates"":[]}"
4587,2497,5433,5047,2930,3404,4274,4434,4595,4622,4719,4874,0,2023-12-21,37.652027229306015,94.29479005620823,"{""type"":""MultiPoint"",""coordinates"":[]}"
4588,1371,2758,1548,1221,1228,1453,1637,2037,2329,2213,2593,0,2023-10-21,-19.22794779000873,139.5743726229488,"{""type"":""MultiPoint"",""coordinates"":[]}"
4589,2067,6284,5404,2097,3018,4247,4496,4861,5150,4897,5199,0,2023-11-09,17.23907377947215,14.826203170710452,"{""type"":""MultiPoint"",""coordinates"":[]}"
4590,1190,3273,3003,1157,1356,1947,2074,2164,2294,2272,2426,0,2023-02-01,-30.063062781373066,-70.2863050873911,"{""type"":""MultiPoint"",""coordinates"":[]}"
4591,4049,1482,1433,3658,2823,3068,3127,3355,3506,3313,3643,0,2023-12-28,55.87479969420954,-128.69788660399118,"{""type"":""MultiPoint"",""coordinates"":[]}"
4593,1483,2115,1817,1178,1167,1236,1470,1713,1885,1657,1899,0,2023-04-15,14.994711069534418,44.93739087046607,"{""type"":""MultiPoint"",""coordinates"":[]}"
4594,2573,642,481,2882,2752,2590,2649,3309,3525,3425,3637,0,2023-04-25,63.47549936668218,52.947438510250194,"{""type"":""MultiPoint"",""coordinates"":[]}"
4597,1426,1319,610,1071,863,600,912,1663,1956,1813,2367,0,2023-09-08,51.33461501627993,-63.11878587612438,"{""type"":""MultiPoint"",""coordinates"":[]}"
4598,1021,2039,940,837,890,696,1141,2155,2633,2469,3013,0,2023-03-24,-18.62714358683604,46.651522030740814,"{""type"":""MultiPoint"",""coordinates"":[]}"
4600,1402,2497,1329,1095,998,858,1222,1848,2235,2224,2629,0,2023-04-26,22.970665316169747,120.41475046152331,"{""type"":""MultiPoint"",""coordinates"":[]}"
4601,1400,299,219,1026,721,531,449,453,450,366,435,0,2023-06-02,4.196376418774928,-46.93486323766745,"{""type"":""MultiPoint"",""coordinates"":[]}"
4603,1218,913,461,886,718,445,674,1278,1457,1474,1565,0,2023-05-14,59.1137615306507,-129.7724777004767,"{""type"":""MultiPoint"",""coordinates"":[]}"
4605,1347,43,43,984,581,336,277,237,198,213,132,0,2023-05-05,-39.97578142518119,-59.12478655877392,"{""type"":""MultiPoint"",""coordinates"":[]}"
4606,2408,1360,1071,2087,1751,1644,1530,1551,1623,1422,1627,0,2023-07-09,43.72622421977344,-66.51735413532782,"{""type"":""MultiPoint"",""coordinates"":[]}"
4607,1877,765,746,1480,1174,1008,964,1005,1031,898,1038,0,2023-01-01,11.61247334771776,113.10319911391127,"{""type"":""MultiPoint"",""coordinates"":[]}"
4608,1600,124,87,1433,1478,1241,999,536,521,439,385,0,2023-06-06,33.88512834932616,120.58829527215433,"{""type"":""MultiPoint"",""coordinates"":[]}"
4609,8925,1292,1366,8612,7761,8395,8613,8615,8599,8155,8502,0,2023-04-06,65.66662969061579,-65.62017451092126,"{""type"":""MultiPoint"",""coordinates"":[]}"
4612,1983,5506,4852,2069,2656,4032,4055,4285,4518,4564,4630,0,2023-03-02,28.155194995038755,-1.1707845850160208,"{""type"":""MultiPoint"",""coordinates"":[]}"
4613,8170,1492,1552,8126,7418,8246,8423,8412,8481,8127,8430,0,2023-10-05,-77.68392317748186,-145.83524265876005,"{""type"":""MultiPoint"",""coordinates"":[]}"
4614,1516,3664,2369,1295,1396,1300,1703,2841,3238,3329,3668,0,2023-09-01,10.377086817842615,4.111983479388324,"{""type"":""MultiPoint"",""coordinates"":[]}"
4615,2342,2910,2198,2466,2623,3043,2626,2663,2338,3256,2877,0,2023-02-08,26.119078874286444,49.88591518485427,"{""type"":""MultiPoint"",""coordinates"":[]}"
4618,1215,150,133,920,810,530,581,419,454,337,298,0,2023-07-18,45.51481445861575,52.52488588073043,"{""type"":""MultiPoint"",""coordinates"":[]}"
4619,5534,2083,1604,3699,3947,4349,4384,4426,4408,4408,4180,0,2023-01-15,30.604571255909594,83.41064907636068,"{""type"":""MultiPoint"",""coordinates"":[]}"
4620,1113,2491,1861,939,838,909,1045,1269,1356,1399,1552,0,2023-04-05,-27.32688481303995,24.308786124789883,"{""type"":""MultiPoint"",""coordinates"":[]}"
4624,1226,2156,1269,992,891,898,1066,1355,1556,1646,1782,0,2023-08-17,-14.067611709132022,29.699201452644868,"{""type"":""MultiPoint"",""coordinates"":[]}"
4625,1368,2138,1686,1136,1220,1351,1359,2515,3062,3082,3238,0,2023-05-02,36.30129994175378,111.86199468923624,"{""type"":""MultiPoint"",""coordinates"":[]}"
4627,1207,100,69,859,512,316,258,238,218,188,181,0,2023-07-28,-16.057100668059867,55.2176275568144,"{""type"":""MultiPoint"",""coordinates"":[]}"
4632,1606,356,201,1068,738,514,637,1284,1540,1484,1693,0,2023-11-25,46.85235606755092,-68.28561154110821,"{""type"":""MultiPoint"",""coordinates"":[]}"
4638,8272,520,528,7801,6477,7256,7737,7700,7623,7170,7391,0,2023-04-16,78.0623456664343,-139.85822500914148,"{""type"":""MultiPoint"",""coordinates"":[]}"
4639,2935,2539,2626,2597,2240,2280,2330,2335,2390,2306,2445,0,2023-12-24,-67.8831659120695,34.746395511125,"{""type"":""MultiPoint"",""coordinates"":[]}"
4642,1672,167,117,1455,1313,939,756,495,472,403,393,0,2023-01-19,32.84038408485959,122.35923185220483,"{""type"":""MultiPoint"",""coordinates"":[]}"
4644,2402,4100,2767,2059,2181,2302,2689,3533,4118,3779,4471,0,2023-08-20,15.5059976698145,-15.455076992172952,"{""type"":""MultiPoint"",""coordinates"":[]}"
4649,2707,2433,2269,2296,1914,1908,1952,1989,2072,1832,2148,0,2023-12-14,41.17637596484921,8.515603575969452,"{""type"":""MultiPoint"",""coordinates"":[]}"
4650,3141,437,364,3075,2539,2528,2100,2785,2825,3323,2960,0,2023-01-27,51.63385930214092,-62.665374207136125,"{""type"":""MultiPoint"",""coordinates"":[]}"
4651,1318,167,129,941,609,362,327,306,283,255,247,0,2023-09-05,-13.85917312035183,144.3570197355254,"{""type"":""MultiPoint"",""coordinates"":[]}"
4652,1024,1986,1039,2267,1869,1552,1707,2185,2293,2887,2390,0,2023-07-31,44.755449643824434,-110.22586018082804,"{""type"":""MultiPoint"",""coordinates"":[]}"
4653,1783,908,670,1493,1229,1088,1005,987,1071,914,1064,0,2023-10-07,-1.0620685945494426,146.00476207689368,"{""type"":""MultiPoint"",""coordinates"":[]}"
4655,1167,2359,1204,899,905,791,1172,2389,2842,2651,3232,0,2023-04-20,-5.6427439734412514,30.384675099847374,"{""type"":""MultiPoint"",""coordinates"":[]}"
4657,1226,2471,1442,1078,1148,1137,1751,2633,3056,3084,3485,0,2023-09-29,-28.54414388126944,-52.27080501066234,"{""type"":""MultiPoint"",""coordinates"":[]}"
4662,1788,1754,774,1413,1252,930,1205,2898,3775,3558,4244,0,2023-06-21,0.9013688290998212,117.44119628824244,"{""type"":""MultiPoint"",""coordinates"":[]}"
4666,1305,146,105,911,551,377,314,292,274,226,229,0,2023-12-05,15.18906930719094,-71.87840146055245,"{""type"":""MultiPoint"",""coordinates"":[]}"
4667,1502,2061,1185,1247,1116,976,1249,1871,2117,2111,2478,0,2023-12-09,9.148652741782037,1.1869631713037558,"{""type"":""MultiPoint"",""coordinates"":[]}"
4668,9099,869,894,8941,8038,8827,9001,9093,9041,8533,8972,0,2023-05-06,72.32201131561477,88.80047819098648,"{""type"":""MultiPoint"",""coordinates"":[]}"
4669,3227,2932,2534,3049,2731,2880,2869,2987,3063,2760,3145,0,2023-08-25,71.41500916670586,62.88158162096213,"{""type"":""MultiPoint"",""coordinates"":[]}"
4671,1135,1505,702,850,794,524,1018,2395,2572,2821,3003,0,2023-07-19,66.399985259518,36.04249475814533,"{""type"":""MultiPoint"",""coordinates"":[]}"
4673,1260,3773,2526,1134,1179,1489,1583,1884,2249,2239,2608,0,2023-11-23,-20.393584629288156,-46.86229036238102,"{""type"":""MultiPoint"",""coordinates"":[]}"
4674,7661,1408,1360,7142,6123,6557,6740,6742,6704,6309,6457,0,2023-03-11,62.66744837387382,170.34535107799576,"{""type"":""MultiPoint"",""coordinates"":[]}"
4675,1220,3838,3167,1267,1631,2258,2557,2786,2919,2953,3019,0,2023-10-08,33.01766998190745,80.1538609477068,"{""type"":""MultiPoint"",""coordinates"":[]}"
4678,2020,2538,2166,1860,1987,2455,2419,2460,2575,2420,2536,0,2023-04-06,24.09765713699047,-7.191510534762863,"{""type"":""MultiPoint"",""coordinates"":[]}"
4679,1357,41,20,975,571,316,266,238,189,163,154,0,2023-07-01,-35.15006967863235,-73.65782960872613,"{""type"":""MultiPoint"",""coordinates"":[]}"
4680,5309,678,542,4938,4003,3996,4478,4828,4976,4241,5029,0,2023-11-12,67.0817775631571,64.16292269696771,"{""type"":""MultiPoint"",""coordinates"":[]}"
4682,1544,3910,2681,1383,1343,1738,1947,2257,2504,2499,2903,0,2023-09-10,-28.61489133180397,-62.45066494488261,"{""type"":""MultiPoint"",""coordinates"":[]}"
4683,1604,610,496,1290,1008,879,734,699,796,782,736,0,2023-09-18,-8.538022144400434,-34.13717212490317,"{""type"":""MultiPoint"",""coordinates"":[]}"
4689,1136,1557,572,839,720,431,738,2083,2880,2470,3175,0,2023-10-15,25.150899557154236,106.18030054271895,"{""type"":""MultiPoint"",""coordinates"":[]}"
4691,1418,28,13,997,559,296,245,204,179,140,139,0,2023-01-18,-70.45535002142111,169.0504368528774,"{""type"":""MultiPoint"",""coordinates"":[]}"
4693,1944,2420,2263,1646,1550,1749,1825,1902,1949,1774,1929,0,2023-03-21,46.054897016664505,85.63820359822996,"{""type"":""MultiPoint"",""coordinates"":[]}"
4698,1405,129,92,991,563,351,339,290,299,207,258,0,2023-05-18,34.5574750363815,12.260295913038714,"{""type"":""MultiPoint"",""coordinates"":[]}"
4703,1809,3704,3494,1685,1887,2496,2682,2785,2927,2935,3109,0,2023-11-12,38.31299466516965,108.25978301372133,"{""type"":""MultiPoint"",""coordinates"":[]}"
4705,1288,2495,2129,1091,1054,1249,1473,1733,1769,1831,1974,0,2023-09-06,-30.78844164323082,26.743434931286608,"{""type"":""MultiPoint"",""coordinates"":[]}"
4708,8229,710,866,7853,6576,7439,7874,7947,7871,7492,7725,0,2023-03-19,71.80304437863718,-90.54888094112322,"{""type"":""MultiPoint"",""coordinates"":[]}"
4710,1568,528,403,1350,932,685,708,724,746,671,728,0,2023-07-09,23.562034587288476,-110.79950424062419,"{""type"":""MultiPoint"",""coordinates"":[]}"
4712,3564,3068,2567,2442,2419,3153,4272,4184,4619,4021,5012,0,2023-11-30,46.394685474839264,101.22089251475724,"{""type"":""MultiPoint"",""coordinates"":[]}"
4713,2851,2384,1692,2602,2411,2342,2653,3575,4011,3971,4229,0,2023-05-16,35.02347762085309,-80.06153645209697,"{""type"":""MultiPoint"",""coordinates"":[]}"
4718,1374,1783,859,1102,1036,753,1549,3127,3600,3526,3910,0,2023-08-15,-34.41166420027098,-54.10699991151738,"{""type"":""MultiPoint"",""coordinates"":[]}"
4719,1124,1300,497,834,707,369,745,2446,3059,2804,3346,0,2023-07-24,59.17507607717577,97.88686570008075,"{""type"":""MultiPoint"",""coordinates"":[]}"
4727,1345,111,68,987,625,411,347,328,313,265,268,0,2023-07-20,-0.36931259330823707,3.847653953395127,"{""type"":""MultiPoint"",""coordinates"":[]}"
4729,1309,2957,2347,1067,942,946,1158,1459,1699,1464,1946,0,2023-10-26,-11.18210197695203,-46.35969456826772,"{""type"":""MultiPoint"",""coordinates"":[]}"
4730,1781,5968,5234,1834,2458,3949,4159,4439,4729,4508,4941,0,2023-11-23,19.823523643405693,46.571843504267804,"{""type"":""MultiPoint"",""coordinates"":[]}"
4732,1515,3501,2645,1269,1357,1802,1956,2265,2542,2419,2795,0,2023-11-10,-17.145347586803574,-42.3015641778506,"{""type"":""MultiPoint"",""coordinates"":[]}"
4733,1455,2688,1947,1267,1194,1261,1420,1755,1889,1921,2059,0,2023-04-20,46.87174444896272,-120.5311823520376,"{""type"":""MultiPoint"",""coordinates"":[]}"
4734,10122,1215,1246,10108,9346,10047,10307,10321,10129,9809,9863,0,2023-03-08,-67.68230488620688,138.4899928006776,"{""type"":""MultiPoint"",""coordinates"":[]}"
4735,1359,139,99,985,607,391,334,299,283,246,253,0,2023-02-10,24.123362015914676,124.7532347075448,"{""type"":""MultiPoint"",""coordinates"":[]}"
4738,1305,231,162,956,616,433,361,340,340,288,315,0,2023-07-04,3.521393189406652,132.23148081048896,"{""type"":""MultiPoint"",""coordinates"":[]}"
4740,1284,163,127,948,609,397,344,309,297,279,256,0,2023-05-31,39.13172150769882,128.73217754034516,"{""type"":""MultiPoint"",""coordinates"":[]}"
4741,1200,1176,672,931,770,668,905,1478,1669,1867,1859,0,2023-09-18,58.85488631183996,133.35793920989232,"{""type"":""MultiPoint"",""coordinates"":[]}"
4743,1090,1910,1546,850,791,1108,1285,1481,1573,1481,1566,0,2023-03-22,-23.217517159325787,118.55698990043675,"{""type"":""MultiPoint"",""coordinates"":[]}"
4746,1379,2349,1381,1249,1258,1412,1622,2140,2427,2346,2710,0,2023-07-08,47.77989942230288,41.324367964072984,"{""type"":""MultiPoint"",""coordinates"":[]}"
4747,1017,2720,1740,977,1130,1403,1450,2623,3077,3001,3244,0,2023-07-24,25.12227172054535,102.19941427877832,"{""type"":""MultiPoint"",""coordinates"":[]}"
4750,2058,1213,878,1720,1406,1531,1609,1728,1835,1888,2094,0,2023-11-23,43.82168825740702,134.89204477247236,"{""type"":""MultiPoint"",""coordinates"":[]}"
4753,1385,109,78,991,621,394,334,297,269,246,229,0,2023-09-10,-17.228266770749393,-7.150044773803116,"{""type"":""MultiPoint"",""coordinates"":[]}"
4755,3494,3544,2957,3166,3029,3190,3431,3566,3725,3211,3832,0,2023-03-02,27.541349553917232,104.73291478459765,"{""type"":""MultiPoint"",""coordinates"":[]}"
4757,1339,131,100,920,560,361,317,294,269,223,247,0,2023-09-24,39.945020983668165,5.175733186425544,"{""type"":""MultiPoint"",""coordinates"":[]}"
4758,1206,2504,1557,968,912,934,1233,1761,2088,2200,2479,0,2023-06-04,-11.797206309535287,17.58918049439962,"{""type"":""MultiPoint"",""coordinates"":[]}"
4760,4699,1901,1657,4129,3668,4039,4175,4351,4494,4032,4520,0,2023-11-30,50.21683676230739,36.23265965001539,"{""type"":""MultiPoint"",""coordinates"":[]}"
4761,1645,2391,2136,1487,1538,2001,2024,2133,2267,2039,2311,0,2023-01-30,-22.639603589800423,-70.12256870296352,"{""type"":""MultiPoint"",""coordinates"":[]}"
4762,1222,1011,437,899,692,437,664,1471,1712,1670,1954,0,2023-04-04,-45.780632483787954,-74.05621276522159,"{""type"":""MultiPoint"",""coordinates"":[]}"
4764,1371,162,116,998,684,449,381,357,342,285,294,0,2023-11-17,13.122903242351061,50.42411599588526,"{""type"":""MultiPoint"",""coordinates"":[]}"
4765,4665,4316,3447,4435,4111,4449,4531,4746,5016,4701,5145,0,2023-08-05,62.14408400311162,-6.6504963628828895,"{""type"":""MultiPoint"",""coordinates"":[]}"
4768,2233,484,296,1833,1200,953,803,718,633,853,508,0,2023-01-25,57.86270241234189,-174.16428679905974,"{""type"":""MultiPoint"",""coordinates"":[]}"
4769,1402,2497,1429,1098,981,1030,1326,1798,2009,1997,2467,0,2023-01-03,24.473851796936003,73.11216818658941,"{""type"":""MultiPoint"",""coordinates"":[]}"
4771,1291,134,105,1045,927,660,584,351,342,291,273,0,2023-04-29,29.31278456355769,-89.64769401287845,"{""type"":""MultiPoint"",""coordinates"":[]}"
4772,4287,3785,3218,3965,3762,3750,3944,4443,4674,4550,4782,0,2023-03-04,31.313128560404447,104.58423896838033,"{""type"":""MultiPoint"",""coordinates"":[]}"
4774,1064,1304,435,794,707,370,773,2313,3275,3049,3685,0,2023-08-15,3.750528071151137,114.69098076811599,"{""type"":""MultiPoint"",""coordinates"":[]}"
4775,1320,86,69,933,562,335,285,250,236,189,191,0,2023-09-16,-30.944461339423803,115.02756966665133,"{""type"":""MultiPoint"",""coordinates"":[]}"
4776,2374,157,169,1825,1193,895,749,711,657,503,494,0,2023-10-11,78.26191192334834,50.19999984737815,"{""type"":""MultiPoint"",""coordinates"":[]}"
4781,1762,694,494,1632,1259,873,771,775,865,819,832,0,2023-01-02,-14.813527984076048,140.6977470851965,"{""type"":""MultiPoint"",""coordinates"":[]}"
4783,2484,543,415,2463,1943,854,741,725,731,650,691,0,2023-07-07,23.394893481015174,-75.86694772249463,"{""type"":""MultiPoint"",""coordinates"":[]}"
4784,1473,295,246,1033,681,530,492,489,474,314,468,0,2023-12-20,-14.749291727146458,122.26999347926585,"{""type"":""MultiPoint"",""coordinates"":[]}"
4785,1320,3511,1813,1224,1262,1586,1828,2244,2600,2498,3073,0,2023-12-11,-17.85180284370058,-40.63072899005283,"{""type"":""MultiPoint"",""coordinates"":[]}"
4786,1266,2213,1261,1029,941,910,1162,1533,1770,1794,2078,0,2023-02-26,7.129711409110975,21.944111350477776,"{""type"":""MultiPoint"",""coordinates"":[]}"
4787,1302,99,65,902,516,313,254,223,211,204,179,0,2023-11-21,-0.08954993012534772,166.1184637172562,"{""type"":""MultiPoint"",""coordinates"":[]}"
4788,7316,4366,4281,7176,6034,7292,7922,8048,8160,8246,8160,0,2023-02-11,65.74012929070224,157.92123954729254,"{""type"":""MultiPoint"",""coordinates"":[]}"
4790,3707,3787,3319,3756,3530,3801,3739,3868,4018,3715,4165,0,2023-05-11,27.149677491046678,129.56918102131158,"{""type"":""MultiPoint"",""coordinates"":[]}"
4793,1481,2303,1353,1269,1156,1116,1339,1720,1987,2025,2308,0,2023-03-05,13.152340587983314,-16.420569251719563,"{""type"":""MultiPoint"",""coordinates"":[]}"
4794,1276,761,414,940,700,526,624,1109,1214,1269,1348,0,2023-02-06,28.310632243880736,110.10480562483363,"{""type"":""MultiPoint"",""coordinates"":[]}"
4796,3888,2122,1813,3615,3436,3309,3551,4317,4603,4550,4790,0,2023-02-09,-19.806171803023673,-60.54907450486077,"{""type"":""MultiPoint"",""coordinates"":[]}"
4797,2252,1319,1169,2061,1696,1582,1344,1351,1430,1394,1447,0,2023-02-10,-6.4833697423851895,156.63543376367386,"{""type"":""MultiPoint"",""coordinates"":[]}"
4798,1461,95,62,953,521,332,252,232,233,170,183,0,2023-02-07,-19.713822133704195,-159.05809522743118,"{""type"":""MultiPoint"",""coordinates"":[]}"
4803,1397,2192,1408,1352,1385,1650,1566,2534,2951,2656,3056,0,2023-01-01,-33.61646252669409,-69.2812579097822,"{""type"":""MultiPoint"",""coordinates"":[]}"
4806,1360,162,120,1030,621,406,348,313,295,284,273,0,2023-12-07,16.286546972865526,-49.17183891332871,"{""type"":""MultiPoint"",""coordinates"":[]}"
4809,1200,3024,2231,1005,998,1084,1276,1616,1768,1724,1957,0,2023-12-24,-29.69888283374512,25.82750731184241,"{""type"":""MultiPoint"",""coordinates"":[]}"
4811,1867,1742,1169,1525,1347,1224,1419,2133,2470,2399,2644,0,2023-11-24,-2.3687324781297576,28.117867974258207,"{""type"":""MultiPoint"",""coordinates"":[]}"
4814,1045,2000,1279,836,783,763,998,1475,1686,1602,1870,0,2023-04-02,-25.496187079281647,25.841483996295356,"{""type"":""MultiPoint"",""coordinates"":[]}"
4815,1026,979,375,745,625,331,687,2286,2794,2697,2987,0,2023-06-02,58.71646205724088,40.830924539851125,"{""type"":""MultiPoint"",""coordinates"":[]}"
4818,8798,1005,1040,8550,7823,8207,8474,8402,8390,7848,8152,0,2023-11-07,-78.55079441612183,-147.02933339751462,"{""type"":""MultiPoint"",""coordinates"":[]}"
4819,4234,2470,1618,2971,2843,3133,3070,3299,3695,2440,3916,0,2023-11-29,-1.8132281098177454,140.95444618115351,"{""type"":""MultiPoint"",""coordinates"":[]}"
4822,1234,2425,1304,946,843,853,1143,1709,2033,2100,2442,0,2023-08-19,-7.751380569245907,-43.291113057738194,"{""type"":""MultiPoint"",""coordinates"":[]}"
4830,1423,151,112,993,579,372,317,283,270,258,241,0,2023-04-12,24.025090663978293,-166.62042758710393,"{""type"":""MultiPoint"",""coordinates"":[]}"
4831,1455,337,261,1104,772,546,484,465,476,438,437,0,2023-07-11,22.034575701802606,-91.54403980841528,"{""type"":""MultiPoint"",""coordinates"":[]}"
4832,1197,3038,2251,995,1007,1366,1656,2100,2269,1991,2358,0,2023-01-15,-19.026843847830364,124.71318222080716,"{""type"":""MultiPoint"",""coordinates"":[]}"
4834,1385,3458,1911,1189,1131,1218,1440,2039,2470,2335,2948,0,2023-08-31,-16.354804747689336,-56.58020753960114,"{""type"":""MultiPoint"",""coordinates"":[]}"
4835,1540,389,311,1295,944,679,617,572,584,479,570,0,2023-01-10,3.6209303603676113,103.62983153788629,"{""type"":""MultiPoint"",""coordinates"":[]}"
4838,989,1881,954,897,931,858,1222,2115,2477,2394,2819,0,2023-03-21,-27.285868597713797,30.159985543445593,"{""type"":""MultiPoint"",""coordinates"":[]}"
4840,1413,2902,2088,1207,1096,1134,1242,1481,1668,1619,1871,0,2023-06-13,26.396721477435577,-100.41685092556958,"{""type"":""MultiPoint"",""coordinates"":[]}"
4841,2100,79,37,1548,962,632,528,475,387,338,297,0,2023-10-16,68.19513603673784,12.375687329414783,"{""type"":""MultiPoint"",""coordinates"":[]}"
4843,1796,2541,1375,1380,1439,1081,1669,3624,4474,4550,4777,0,2023-09-16,4.369533459080585,33.603636056186,"{""type"":""MultiPoint"",""coordinates"":[]}"
4844,3470,2740,2522,2899,2501,2760,2797,2903,3048,2337,3146,0,2023-05-08,5.081285509557424,99.65903235189126,"{""type"":""MultiPoint"",""coordinates"":[]}"
4846,2612,2247,1383,1940,1644,1276,1512,2560,3124,2959,3466,0,2023-11-08,-2.5199878921140617,103.04100932340249,"{""type"":""MultiPoint"",""coordinates"":[]}"
4849,1491,75,49,993,536,308,247,217,204,170,155,0,2023-12-23,21.385781485500633,152.29356561516022,"{""type"":""MultiPoint"",""coordinates"":[]}"
4851,4816,4546,3257,4482,4383,4694,4636,4727,4975,4382,5097,0,2023-02-02,-9.101836053026844,-141.2283980560901,"{""type"":""MultiPoint"",""coordinates"":[]}"
4854,1303,3445,2559,1081,1179,1743,2012,2311,2485,2372,2550,0,2023-12-15,-30.406758959686382,122.26852213124059,"{""type"":""MultiPoint"",""coordinates"":[]}"
4855,1717,6436,5858,1790,2574,4270,4512,4791,5110,4972,5296,0,2023-05-08,21.63449595964447,-9.804888505359012,"{""type"":""MultiPoint"",""coordinates"":[]}"
4856,1170,1526,998,895,705,507,727,1171,1275,1197,1360,0,2023-08-11,65.37959365684293,121.24800901009829,"{""type"":""MultiPoint"",""coordinates"":[]}"
4860,1297,2155,910,995,993,680,993,2295,2985,2800,3336,0,2023-05-25,-0.7627181952992599,109.89657103893548,"{""type"":""MultiPoint"",""coordinates"":[]}"
4863,1675,5369,4349,1677,2080,3096,3362,3634,3894,3786,4066,0,2023-02-22,15.833148119141052,-0.19148673388250737,"{""type"":""MultiPoint"",""coordinates"":[]}"
4864,1955,6647,5753,2050,2834,4451,4801,5139,5378,5191,5359,0,2023-12-13,19.37068905424987,24.929574169522297,"{""type"":""MultiPoint"",""coordinates"":[]}"
4865,4606,3314,2221,4430,3925,4127,4114,4203,4429,3966,4561,0,2023-04-15,-48.77613044797105,167.8215648603989,"{""type"":""MultiPoint"",""coordinates"":[]}"
4868,8801,1056,1004,8450,7743,8189,8064,8052,8052,7583,7901,0,2023-03-17,-66.25690615888529,98.15183010965445,"{""type"":""MultiPoint"",""coordinates"":[]}"
4870,1003,1593,659,713,670,371,732,2383,2974,2997,3426,0,2023-08-19,-7.987348853105236,114.20854090548363,"{""type"":""MultiPoint"",""coordinates"":[]}"
4876,1188,1630,1019,915,720,655,764,1010,1100,1130,1285,0,2023-10-06,52.7695154307397,61.75549627431512,"{""type"":""MultiPoint"",""coordinates"":[]}"
4877,2500,467,251,2071,1745,1524,1842,2437,2596,2289,2620,0,2023-03-19,60.086687634613156,-114.68696310796305,"{""type"":""MultiPoint"",""coordinates"":[]}"
4880,1389,328,167,1037,641,470,403,392,322,300,238,0,2023-07-14,-23.083919707150386,-149.5561283642008,"{""type"":""MultiPoint"",""coordinates"":[]}"
4881,1214,22,11,886,616,342,258,222,202,154,130,0,2023-07-22,73.586060831603,118.21663725914486,"{""type"":""MultiPoint"",""coordinates"":[]}"
4884,1376,3367,2295,1319,1290,1359,1536,2003,2362,2499,2714,0,2023-07-10,31.08600557168943,-100.00260327603307,"{""type"":""MultiPoint"",""coordinates"":[]}"
4885,8337,882,927,8236,7381,8167,8317,8418,8336,8008,8201,0,2023-03-10,61.03141599697737,-113.88140906039537,"{""type"":""MultiPoint"",""coordinates"":[]}"
4886,1400,23,15,956,563,318,271,225,194,153,128,0,2023-04-04,71.00109785057526,16.80100198022397,"{""type"":""MultiPoint"",""coordinates"":[]}"
4887,1670,2389,1977,1309,1142,1115,1338,1589,1828,1692,2055,0,2023-12-07,20.757114294241333,110.37174615437782,"{""type"":""MultiPoint"",""coordinates"":[]}"
4888,1423,2303,2090,1203,1152,1313,1491,1619,1699,1657,1757,0,2023-01-01,31.125043248205998,69.91378070410988,"{""type"":""MultiPoint"",""coordinates"":[]}"
4889,3098,2358,1855,2808,2446,2426,2333,2366,2486,2279,2543,0,2023-09-14,-26.17204855707289,-46.76682262963961,"{""type"":""MultiPoint"",""coordinates"":[]}"
4892,1261,2162,1077,942,823,687,1051,1889,2310,2215,2686,0,2023-07-05,-20.210347393744147,-59.53143896490011,"{""type"":""MultiPoint"",""coordinates"":[]}"
4894,1497,342,297,1219,824,548,514,475,480,401,458,0,2023-08-29,-11.87113056594841,141.54303830400372,"{""type"":""MultiPoint"",""coordinates"":[]}"
4897,1790,722,538,1513,1127,913,798,795,844,773,854,0,2023-09-06,6.37656759650882,104.88670856135987,"{""type"":""MultiPoint"",""coordinates"":[]}"
4898,1324,2944,2261,1201,1212,1567,1636,1899,2050,2142,2255,0,2023-04-30,-31.475162604623964,24.106391428531516,"{""type"":""MultiPoint"",""coordinates"":[]}"
4901,9822,778,839,9460,8601,8916,9117,9035,8765,8571,8551,0,2023-12-21,-70.64363795590793,54.82217258746822,"{""type"":""MultiPoint"",""coordinates"":[]}"
4905,1791,2626,1571,1676,1586,1408,1638,2962,3612,3547,3850,0,2023-03-18,-9.14113067004089,34.784117099502495,"{""type"":""MultiPoint"",""coordinates"":[]}"
4910,1424,92,64,1077,691,348,287,268,240,201,225,0,2023-01-24,9.481640417297367,-82.0904318690376,"{""type"":""MultiPoint"",""coordinates"":[]}"
4911,1382,439,349,1157,853,630,599,588,584,533,557,0,2023-08-01,33.64190932245991,131.78869777926613,"{""type"":""MultiPoint"",""coordinates"":[]}"
4912,1609,835,646,1402,1175,1063,968,962,1018,878,1007,0,2023-09-18,14.150108022210897,57.11171342115069,"{""type"":""MultiPoint"",""coordinates"":[]}"
4914,1533,899,501,897,747,568,900,1386,1534,1452,1653,0,2023-04-22,50.69900354262326,-68.3801694382333,"{""type"":""MultiPoint"",""coordinates"":[]}"
4915,1273,2725,1868,1098,1110,1447,1705,2189,2432,2410,2615,0,2023-09-25,-18.107319256412037,132.62581798179392,"{""type"":""MultiPoint"",""coordinates"":[]}"
4917,910,1483,781,659,614,509,967,1654,1896,1825,2124,0,2023-09-27,30.934768088664452,78.7051329532464,"{""type"":""MultiPoint"",""coordinates"":[]}"
4919,1374,265,223,996,670,468,410,418,443,327,387,0,2023-02-12,17.72241481670376,-86.50888068703249,"{""type"":""MultiPoint"",""coordinates"":[]}"
4920,1127,1380,737,895,949,782,1175,2357,2969,3322,2921,0,2023-12-14,-22.938392035801176,-49.04540448942864,"{""type"":""MultiPoint"",""coordinates"":[]}"
4922,1677,5328,4414,1541,1952,3243,3513,3762,3930,3677,3888,0,2023-03-14,22.69597199411392,21.742957400169733,"{""type"":""MultiPoint"",""coordinates"":[]}"
4925,8455,674,663,8468,7755,8084,8360,8187,7965,7364,7647,0,2023-11-10,-71.63020092091024,-129.8765679777886,"{""type"":""MultiPoint"",""coordinates"":[]}"
4930,8106,707,772,7802,6968,7466,7532,7592,7411,7201,7227,0,2023-10-13,71.7747099645468,-49.28555656819491,"{""type"":""MultiPoint"",""coordinates"":[]}"
4932,8872,438,368,8681,7922,8512,8470,8384,8342,7874,8115,0,2023-11-10,-67.64405168604702,170.76214390202364,"{""type"":""MultiPoint"",""coordinates"":[]}"
4941,1732,1913,927,1462,1320,998,1174,2491,3267,2917,3516,0,2023-08-27,25.550503947683193,82.1490191425475,"{""type"":""MultiPoint"",""coordinates"":[]}"
4944,1049,1546,537,745,692,361,710,2162,2912,2833,3359,0,2023-05-31,-5.817313539092351,-46.961362347400716,"{""type"":""MultiPoint"",""coordinates"":[]}"
4946,1395,239,165,1038,678,483,435,394,408,339,351,0,2023-07-24,14.292830502426291,-60.9818892529946,"{""type"":""MultiPoint"",""coordinates"":[]}"
4947,1187,1607,799,938,880,610,917,1820,2213,2013,2470,0,2023-01-09,-24.960073646158584,-61.304365340997876,"{""type"":""MultiPoint"",""coordinates"":[]}"
4948,4486,5106,4316,4428,4288,4603,4728,5077,5406,5023,5627,0,2023-03-07,42.050646116789046,-4.04281802882096,"{""type"":""MultiPoint"",""coordinates"":[]}"
4951,1419,366,308,1052,733,609,494,482,491,459,473,0,2023-04-20,34.443623780812096,-73.99794475728403,"{""type"":""MultiPoint"",""coordinates"":[]}"
4952,1428,2956,1525,1193,1114,1047,1261,2017,2448,2280,2777,0,2023-09-14,-13.00703713290233,-61.36131965201085,"{""type"":""MultiPoint"",""coordinates"":[]}"
4954,1442,175,101,1082,668,434,381,336,358,309,303,0,2023-09-04,5.8039298609093635,108.67499954255877,"{""type"":""MultiPoint"",""coordinates"":[]}"
4956,1438,227,127,1021,650,430,397,344,302,297,267,0,2023-08-19,-4.508762566436569,-170.86817925909173,"{""type"":""MultiPoint"",""coordinates"":[]}"
4967,1197,1153,626,927,725,541,737,1055,1192,1227,1372,0,2023-09-21,55.15293965083526,-98.96408205428664,"{""type"":""MultiPoint"",""coordinates"":[]}"
4968,1852,6876,6033,1918,2682,4431,4882,5182,5458,5082,5497,0,2023-05-10,19.278090316382016,24.773746953961496,"{""type"":""MultiPoint"",""coordinates"":[]}"
4969,3103,1531,1212,2395,1835,1585,1535,1564,1719,1629,1779,0,2023-12-23,6.855747810634569,169.38014437821738,"{""type"":""MultiPoint"",""coordinates"":[]}"
4973,4104,526,381,4532,4497,4917,4877,4973,4975,4776,4985,0,2023-04-22,49.95077785700228,-82.96753487400908,"{""type"":""MultiPoint"",""coordinates"":[]}"
4976,1568,68,40,1145,716,460,408,353,333,277,244,0,2023-02-06,42.119512927333524,48.91534852506102,"{""type"":""MultiPoint"",""coordinates"":[]}"
4981,1406,465,377,1167,883,725,670,650,593,649,555,0,2023-06-08,33.70259166399914,-120.50236309623574,"{""type"":""MultiPoint"",""coordinates"":[]}"
4982,1700,437,338,1210,826,643,604,586,597,497,561,0,2023-03-11,10.386453074357293,-78.85582218975294,"{""type"":""MultiPoint"",""coordinates"":[]}"
4983,2141,2732,2462,2062,2123,2462,2190,2318,2395,2503,2457,0,2023-06-02,35.93833282561828,-116.23800533402057,"{""type"":""MultiPoint"",""coordinates"":[]}"
4986,1411,254,169,1036,684,499,412,416,408,325,367,0,2023-02-21,-11.530013797223035,137.52757650423663,"{""type"":""MultiPoint"",""coordinates"":[]}"
4988,2147,728,633,1668,1165,966,935,936,962,818,930,0,2023-07-31,-15.678500280715479,166.75864878703075,"{""type"":""MultiPoint"",""coordinates"":[]}"
4989,2674,65,39,1991,1186,804,685,629,557,462,363,0,2023-04-03,-70.00993196884741,7.9455409028276005,"{""type"":""MultiPoint"",""coordinates"":[]}"
4990,1430,365,271,1108,779,607,502,481,507,440,453,0,2023-08-31,1.492694589949768,96.08480564660616,"{""type"":""MultiPoint"",""coordinates"":[]}"
4991,1685,1818,1319,1420,1312,1335,1547,1992,2171,1901,2302,0,2023-09-13,51.64124328715438,178.6590349107488,"{""type"":""MultiPoint"",""coordinates"":[]}"
4993,1339,86,59,918,522,324,270,233,215,190,177,0,2023-03-18,50.99127803774958,-13.092067620892147,"{""type"":""MultiPoint"",""coordinates"":[]}"
4994,1282,248,148,997,629,428,387,458,456,476,408,0,2023-07-16,-35.74625420602478,-71.05816801050015,"{""type"":""MultiPoint"",""coordinates"":[]}"
4998,1224,1604,851,939,783,700,1148,1793,2123,2218,2563,0,2023-05-17,57.86783225390998,76.40065519281607,"{""type"":""MultiPoint"",""coordinates"":[]}"
5000,1552,2006,1579,1312,1145,1350,1373,1534,1616,1636,1712,0,2023-05-02,-40.02763518716221,-69.07239598677336,"{""type"":""MultiPoint"",""coordinates"":[]}"
5001,5605,4096,2846,5361,5173,5197,5167,5644,6078,5830,6288,0,2023-01-08,-14.716151127405778,19.974053246778933,"{""type"":""MultiPoint"",""coordinates"":[]}"
5004,1497,359,260,1158,812,609,550,530,518,470,480,0,2023-03-04,11.341711088800324,95.88271673801606,"{""type"":""MultiPoint"",""coordinates"":[]}"
5010,6407,402,378,5653,4387,4455,4492,4442,4371,4050,4118,0,2023-01-21,56.940718591291,117.06653333873777,"{""type"":""MultiPoint"",""coordinates"":[]}"
5013,1495,2985,2149,1378,1288,1574,1697,1830,2018,2098,2287,0,2023-10-27,42.91896498190475,69.27830199550144,"{""type"":""MultiPoint"",""coordinates"":[]}"
5019,1735,4873,3447,1731,2091,2590,2895,3918,4458,4382,4866,0,2023-09-17,14.340175581538315,9.139552031012554,"{""type"":""MultiPoint"",""coordinates"":[]}"
5024,1389,3294,2645,1359,1359,1696,1805,1887,2010,2080,2141,0,2023-03-01,36.209805180874966,-103.98694530416358,"{""type"":""MultiPoint"",""coordinates"":[]}"
5026,7176,979,931,6719,6084,6878,7408,7455,7540,7093,7548,0,2023-02-01,50.77018115860016,105.67073543917216,"{""type"":""MultiPoint"",""coordinates"":[]}"
5027,1115,746,255,830,673,361,482,1216,1520,2122,1710,0,2023-06-05,4.436698242690393,-52.84507859880003,"{""type"":""MultiPoint"",""coordinates"":[]}"
5030,1671,4717,3352,1635,1992,3368,3436,3716,3994,3557,3885,0,2023-10-23,15.454807951114589,31.821991939623068,"{""type"":""MultiPoint"",""coordinates"":[]}"
5031,1433,149,106,975,582,387,323,294,287,230,242,0,2023-02-28,-11.834872991050648,-36.52788018664388,"{""type"":""MultiPoint"",""coordinates"":[]}"
5033,2232,91,48,1849,1292,1049,868,679,597,478,458,0,2023-10-20,72.19135399868728,139.09516961788805,"{""type"":""MultiPoint"",""coordinates"":[]}"
5035,4451,3566,2333,4454,4198,4388,4272,4355,4590,4149,4620,0,2023-03-24,-7.64050424606485,-16.761103279676426,"{""type"":""MultiPoint"",""coordinates"":[]}"
5036,1140,1774,1051,861,742,630,951,1612,1815,1730,2057,0,2023-10-07,40.97297224712399,118.42855907231211,"{""type"":""MultiPoint"",""coordinates"":[]}"
5038,1253,1468,592,990,881,582,1014,2205,2750,2704,3127,0,2023-08-20,-1.512152686704678,105.91781522511623,"{""type"":""MultiPoint"",""coordinates"":[]}"
5040,1926,1149,927,1759,1467,1350,1265,1246,1286,1325,1302,0,2023-06-03,33.436995302790805,31.631110345785284,"{""type"":""MultiPoint"",""coordinates"":[]}"
5041,1342,187,155,942,583,397,359,314,316,257,285,0,2023-11-16,16.497901482894285,-53.68580853409787,"{""type"":""MultiPoint"",""coordinates"":[]}"
5042,1780,655,510,1320,939,815,775,774,810,669,776,0,2023-10-09,-12.800608502710064,-173.53738774293112,"{""type"":""MultiPoint"",""coordinates"":[]}"
5045,1363,2775,1892,1100,944,996,1243,1626,1830,1873,2119,0,2023-10-16,52.90281519714226,105.35563885963131,"{""type"":""MultiPoint"",""coordinates"":[]}"
5046,1360,1740,849,1031,901,650,1248,2501,2892,2928,3365,0,2023-09-16,50.744432627195145,83.18996819447754,"{""type"":""MultiPoint"",""coordinates"":[]}"
5047,1560,2241,1612,1323,1221,1412,1548,1600,1720,1717,1901,0,2023-03-31,49.56598633180007,119.15318277513423,"{""type"":""MultiPoint"",""coordinates"":[]}"
5048,1362,188,137,994,643,432,353,324,333,293,310,0,2023-03-26,-14.037636542324018,11.389235686848657,"{""type"":""MultiPoint"",""coordinates"":[]}"
5049,1317,69,45,883,481,284,215,197,179,155,138,0,2023-05-25,-11.341424688131816,94.81500536904227,"{""type"":""MultiPoint"",""coordinates"":[]}"
5052,1399,31,19,909,485,249,196,168,139,113,102,0,2023-02-02,26.258397386894227,-174.3819698488457,"{""type"":""MultiPoint"",""coordinates"":[]}"
5053,6728,1821,1579,6925,6564,7901,8121,8652,8916,9257,9267,0,2023-11-26,62.12004765851623,-147.47723528364983,"{""type"":""MultiPoint"",""coordinates"":[]}"
5054,1394,4206,3568,1286,1347,1769,1897,2025,2188,2135,2301,0,2023-05-29,15.284016132874413,26.696189103581613,"{""type"":""MultiPoint"",""coordinates"":[]}"
5057,8527,1819,1835,8370,7773,8086,8155,8139,8091,7737,8063,0,2023-10-02,-72.7881968619941,-71.5185801425559,"{""type"":""MultiPoint"",""coordinates"":[]}"
5058,1581,3058,2411,1488,1617,1845,2020,2295,2411,2362,2489,0,2023-04-08,35.766966108244866,-115.76322661950975,"{""type"":""MultiPoint"",""coordinates"":[]}"
5062,1498,224,203,1009,600,361,395,325,315,296,228,0,2023-08-14,-22.45735820722657,171.75610085169154,"{""type"":""MultiPoint"",""coordinates"":[]}"
5065,1119,724,277,774,561,336,573,1242,1493,1478,1616,0,2023-08-29,59.44997717177196,63.62406291243806,"{""type"":""MultiPoint"",""coordinates"":[]}"
5067,1350,2747,2034,1253,1246,1477,1565,1666,1776,1729,1881,0,2023-03-04,32.155722348686446,-109.59883148342894,"{""type"":""MultiPoint"",""coordinates"":[]}"
5068,2343,6552,5815,2577,3376,4720,4877,5111,5529,5238,5760,0,2023-10-05,28.68930885106327,23.705280815980984,"{""type"":""MultiPoint"",""coordinates"":[]}"
5071,8879,722,711,8660,7816,8239,8304,8307,8210,7783,7948,0,2023-01-27,-80.4860419189666,-60.43823876902721,"{""type"":""MultiPoint"",""coordinates"":[]}"
5073,2770,1254,940,2867,2214,1632,1759,2579,2866,3680,3032,0,2023-10-01,67.44245072910932,-142.3233970496907,"{""type"":""MultiPoint"",""coordinates"":[]}"
5078,1269,175,133,935,577,390,314,295,283,277,243,0,2023-09-13,-17.32133637713951,150.84081392619078,"{""type"":""MultiPoint"",""coordinates"":[]}"
5079,4763,1160,789,3855,2656,2520,2481,2485,2535,2222,2460,0,2023-10-23,76.9298907745323,57.88740915525129,"{""type"":""MultiPoint"",""coordinates"":[]}"
5080,1304,17,8,899,544,283,229,199,171,147,122,0,2023-09-05,60.231898483316115,171.15558538780752,"{""type"":""MultiPoint"",""coordinates"":[]}"
5082,1612,3509,2822,1621,1846,2344,2454,2637,2745,2663,2747,0,2023-03-21,33.98245543355167,58.481743795280025,"{""type"":""MultiPoint"",""coordinates"":[]}"
5086,1274,2892,1954,1135,1014,1073,1210,1428,1700,1696,2034,0,2023-05-01,16.747283837446457,-93.52678573862448,"{""type"":""MultiPoint"",""coordinates"":[]}"
5087,1195,2151,1283,997,944,909,1233,1710,1913,2118,2277,0,2023-03-06,9.06047394493297,34.267649452367834,"{""type"":""MultiPoint"",""coordinates"":[]}"
5089,1302,106,68,994,782,481,417,314,312,254,238,0,2023-10-18,34.785066176839784,10.847180928995181,"{""type"":""MultiPoint"",""coordinates"":[]}"
5090,1448,3156,2616,1258,1146,1349,1396,1573,1742,1826,2019,0,2023-09-21,-38.31621024355592,-59.213056866348545,"{""type"":""MultiPoint"",""coordinates"":[]}"
5092,1652,4016,3693,1646,1957,2628,2805,3028,3230,3080,3322,0,2023-06-17,30.149086669939862,65.5245997407625,"{""type"":""MultiPoint"",""coordinates"":[]}"
5094,1077,2457,1607,899,892,945,1170,1643,1850,1928,2080,0,2023-03-28,-22.39013741607987,17.87876596405666,"{""type"":""MultiPoint"",""coordinates"":[]}"
5100,1387,15,6,1133,752,293,238,175,150,127,103,0,2023-10-08,-47.8221131195329,-65.41040737614959,"{""type"":""MultiPoint"",""coordinates"":[]}"
5103,1033,536,212,831,625,372,488,1321,1822,1904,1908,0,2023-04-19,-26.281789452726354,-50.63763049680555,"{""type"":""MultiPoint"",""coordinates"":[]}"
5105,1451,2973,2453,1268,1156,1282,1328,1439,1575,1621,1796,0,2023-10-07,-27.06419159933599,27.930093951341377,"{""type"":""MultiPoint"",""coordinates"":[]}"
5106,1567,489,397,1173,831,672,640,622,647,542,630,0,2023-11-25,-4.997453171821363,129.87630607495765,"{""type"":""MultiPoint"",""coordinates"":[]}"
5108,1682,6088,5266,1713,2252,3927,4231,4542,4778,4650,4935,0,2023-02-14,15.956072601334384,25.621507205710756,"{""type"":""MultiPoint"",""coordinates"":[]}"
5113,1502,2779,1873,1326,1349,1386,1577,2146,2557,2427,2820,0,2023-10-03,11.10887264651541,11.995207911569793,"{""type"":""MultiPoint"",""coordinates"":[]}"
5114,1335,3201,2127,1167,1183,1132,1506,2150,2447,2556,2782,0,2023-03-19,-34.85205067169238,-61.023974140601645,"{""type"":""MultiPoint"",""coordinates"":[]}"
5117,7074,2384,2069,6457,5487,5596,5657,5699,5602,5277,5459,0,2023-10-01,-72.57699711180918,-27.425226922850555,"{""type"":""MultiPoint"",""coordinates"":[]}"
5120,1728,4303,3706,1736,1924,2197,2337,2373,2538,2683,2812,0,2023-12-26,25.631754052782618,66.10108278523963,"{""type"":""MultiPoint"",""coordinates"":[]}"
5121,1714,1551,1134,1317,998,858,1001,1189,1237,1217,1341,0,2023-11-22,47.04152082634993,20.7551680420306,"{""type"":""MultiPoint"",""coordinates"":[]}"
5124,1717,5418,4247,1746,2237,3458,3630,3958,4261,4087,4489,0,2023-10-01,31.997474731399635,20.67646785081371,"{""type"":""MultiPoint"",""coordinates"":[]}"
5125,1661,620,423,1310,974,774,735,710,734,633,678,0,2023-07-25,16.515846140078178,82.89912602766556,"{""type"":""MultiPoint"",""coordinates"":[]}"
5126,3102,2144,1088,3402,3525,3890,3902,4007,4093,3901,4025,0,2023-06-23,49.742108419958114,-67.37508804301413,"{""type"":""MultiPoint"",""coordinates"":[]}"
5131,1135,2406,1337,923,847,817,1048,1478,1694,1708,1952,0,2023-09-07,-6.985050572119062,-38.43503289209205,"{""type"":""MultiPoint"",""coordinates"":[]}"
5132,1828,6655,5741,1891,2863,4685,4927,5259,5577,5254,5646,0,2023-01-26,18.705698880885215,-8.394588821599546,"{""type"":""MultiPoint"",""coordinates"":[]}"
5136,1149,1274,855,907,798,680,1108,1781,1966,1615,1985,0,2023-01-05,23.974074728715784,100.80272115015168,"{""type"":""MultiPoint"",""coordinates"":[]}"
5137,3158,4394,3010,3239,3190,3421,3413,4287,4761,4297,5110,0,2023-11-23,-1.3539375408870293,39.25993235626466,"{""type"":""MultiPoint"",""coordinates"":[]}"
5139,1301,3460,2717,1095,1017,1457,1635,1827,1989,1897,2175,0,2023-09-28,-29.792062770766236,128.44128459428828,"{""type"":""MultiPoint"",""coordinates"":[]}"
5141,9203,1325,1528,8925,7978,8481,8767,8763,8804,8428,8669,0,2023-03-26,69.96015033097532,-37.62972731383665,"{""type"":""MultiPoint"",""coordinates"":[]}"
5145,1638,537,442,1215,879,700,684,682,726,542,665,0,2023-07-09,36.42395588547093,18.663861713260513,"{""type"":""MultiPoint"",""coordinates"":[]}"
5148,1917,2216,1661,1537,1213,1114,1156,1245,1364,1263,1547,0,2023-09-19,63.259595200469114,-92.91418093091978,"{""type"":""MultiPoint"",""coordinates"":[]}"
5151,3307,1973,1548,3029,2673,2535,2437,2469,2609,2534,2643,0,2023-02-24,-7.031641522304463,128.1511119124712,"{""type"":""MultiPoint"",""coordinates"":[]}"
5152,1273,1256,844,929,677,563,719,1043,1256,1032,1402,0,2023-11-06,45.09101378822439,129.46678613167177,"{""type"":""MultiPoint"",""coordinates"":[]}"
5156,1395,2764,1898,1162,1063,1146,1425,2186,2589,2230,2843,0,2023-05-13,45.49942258031094,-76.57430332467605,"{""type"":""MultiPoint"",""coordinates"":[]}"
5157,1721,3602,2865,1669,1941,2493,2527,2691,3004,2766,3153,0,2023-07-14,15.98578551790967,33.89483069170972,"{""type"":""MultiPoint"",""coordinates"":[]}"
5158,1260,2479,2328,1224,1403,2018,2185,2345,2436,2444,2494,0,2023-03-28,-25.24451918082731,-66.85278889848615,"{""type"":""MultiPoint"",""coordinates"":[]}"
5162,4704,71,56,4833,4513,4870,4423,4447,4083,4306,3809,0,2023-07-02,77.06999155966095,110.25412306069852,"{""type"":""MultiPoint"",""coordinates"":[]}"
5164,1359,211,158,981,612,422,366,353,347,299,317,0,2023-12-11,-7.778683650408131,156.89120208568562,"{""type"":""MultiPoint"",""coordinates"":[]}"
5166,1300,2186,960,1006,913,597,993,2494,3273,3115,3681,0,2023-10-06,6.1223804418972625,-1.4223305822184107,"{""type"":""MultiPoint"",""coordinates"":[]}"
5169,1341,79,74,922,536,308,256,228,220,177,172,0,2023-12-14,20.547460029933738,121.75150385897075,"{""type"":""MultiPoint"",""coordinates"":[]}"
5171,1405,155,112,1008,591,382,316,285,269,301,220,0,2023-03-23,20.19342841849522,-71.53123594358301,"{""type"":""MultiPoint"",""coordinates"":[]}"
5172,5259,1623,1401,3500,3643,4065,4838,4601,4893,4264,4552,0,2023-10-20,34.47659348078339,82.77475761198832,"{""type"":""MultiPoint"",""coordinates"":[]}"
5173,4381,1595,1338,3886,2754,3020,3286,3268,3172,3128,3017,0,2023-11-29,64.94520714106353,-34.76858082486566,"{""type"":""MultiPoint"",""coordinates"":[]}"
5176,1225,108,82,876,526,327,302,263,241,221,212,0,2023-03-17,38.92013958932097,-28.165228326096926,"{""type"":""MultiPoint"",""coordinates"":[]}"
5177,1209,1121,397,924,786,505,717,1740,2350,2341,2718,0,2023-12-18,-1.5456226351824198,17.748076435762073,"{""type"":""MultiPoint"",""coordinates"":[]}"
5179,4216,341,324,3817,3784,3486,1834,2134,2097,3005,1910,0,2023-01-04,-70.03581693481347,169.64430704119528,"{""type"":""MultiPoint"",""coordinates"":[]}"
5181,1896,1221,1070,1554,1305,1230,1229,1261,1271,1054,1305,0,2023-05-28,51.10574170485949,-130.38104724401296,"{""type"":""MultiPoint"",""coordinates"":[]}"
5183,7119,1010,996,8004,7370,8039,8504,8395,8370,8080,8398,0,2023-04-07,64.88001225816579,80.98915610591212,"{""type"":""MultiPoint"",""coordinates"":[]}"
5187,1870,2144,1357,1740,1631,1392,1646,2868,3407,3249,3622,0,2023-08-24,11.880283428855439,-12.623618719780268,"{""type"":""MultiPoint"",""coordinates"":[]}"
5193,1458,2785,2042,1241,1227,1463,1508,1764,2012,1867,2228,0,2023-10-29,-6.92898469232284,111.75511263348093,"{""type"":""MultiPoint"",""coordinates"":[]}"
5194,1908,727,827,1395,895,733,751,767,799,472,839,0,2023-11-23,41.25263246371226,51.534107756976354,"{""type"":""MultiPoint"",""coordinates"":[]}"
5196,1454,319,231,1112,766,571,509,495,472,430,455,0,2023-04-10,17.920778468345386,40.97997398015722,"{""type"":""MultiPoint"",""coordinates"":[]}"
5198,1203,65,49,870,554,324,271,241,207,193,176,0,2023-05-29,65.1772392442976,10.650346441982052,"{""type"":""MultiPoint"",""coordinates"":[]}"
5200,3929,2949,2245,2667,2798,3166,2878,3696,4251,3428,4550,0,2023-05-17,2.249345499463756,23.396373717400056,"{""type"":""MultiPoint"",""coordinates"":[]}"
5201,1793,779,578,1465,1101,945,867,878,895,790,884,0,2023-05-10,13.439266965325732,73.54556407495652,"{""type"":""MultiPoint"",""coordinates"":[]}"
5202,1235,57,45,901,522,283,217,198,179,158,143,0,2023-08-14,-19.12063204843284,49.126809750700765,"{""type"":""MultiPoint"",""coordinates"":[]}"
5203,1523,3730,2545,1464,1608,1901,2085,2729,3171,2891,3509,0,2023-01-21,-20.424199063509775,-58.82239817808152,"{""type"":""MultiPoint"",""coordinates"":[]}"
5207,1591,587,444,1280,964,801,727,705,770,606,773,0,2023-02-20,-3.480654463778528,9.877766027611216,"{""type"":""MultiPoint"",""coordinates"":[]}"
5212,1455,1092,876,1183,932,827,836,908,961,927,1006,0,2023-08-08,-14.071549240800959,38.98288498453619,"{""type"":""MultiPoint"",""coordinates"":[]}"
5214,6253,7211,5608,6810,6628,7253,7178,7321,7598,7513,7768,0,2023-03-18,41.78510282586641,-87.84562106256601,"{""type"":""MultiPoint"",""coordinates"":[]}"
5215,2251,5958,4408,2377,2917,4109,4211,4542,4930,4602,5162,0,2023-09-05,28.57647544829605,17.348501724990964,"{""type"":""MultiPoint"",""coordinates"":[]}"
5222,1367,1922,1253,1101,830,810,936,1109,1237,1300,1461,0,2023-01-12,39.51217381775841,-88.57658720302778,"{""type"":""MultiPoint"",""coordinates"":[]}"
5223,1161,125,82,798,503,328,271,248,251,191,213,0,2023-07-04,12.964341564680112,-67.21692758204007,"{""type"":""MultiPoint"",""coordinates"":[]}"
5225,1889,256,124,1593,1264,1064,943,894,880,723,792,0,2023-06-04,-5.661776903907436,11.480235042308408,"{""type"":""MultiPoint"",""coordinates"":[]}"
5231,1611,71,55,1328,1058,546,418,285,273,210,187,0,2023-01-10,33.272037599547964,123.23474940891363,"{""type"":""MultiPoint"",""coordinates"":[]}"
5233,1628,2314,1408,1733,1634,1384,1657,3203,4056,3823,4567,0,2023-12-17,5.503903475615781,117.44490048775236,"{""type"":""MultiPoint"",""coordinates"":[]}"
5236,1472,82,67,1111,631,381,335,323,284,258,232,0,2023-03-04,53.850070135074496,-163.59920726123005,"{""type"":""MultiPoint"",""coordinates"":[]}"
5238,1165,1302,607,915,828,583,848,1558,1935,1803,2220,0,2023-11-16,8.640581892292383,30.148810734408915,"{""type"":""MultiPoint"",""coordinates"":[]}"
5240,4234,2610,1799,3847,3294,3334,3678,3747,3884,3683,4006,0,2023-09-24,67.808588388323,25.656408535612567,"{""type"":""MultiPoint"",""coordinates"":[]}"
5241,1338,42,29,892,491,271,219,186,165,129,116,0,2023-11-01,38.07344965281409,1.2418942126113495,"{""type"":""MultiPoint"",""coordinates"":[]}"
5243,8732,796,785,8869,8321,8585,8343,8140,8007,7869,7761,0,2023-10-19,-71.72983843411646,-89.13736558406279,"{""type"":""MultiPoint"",""coordinates"":[]}"
5244,1658,3199,2258,1396,1231,1255,1586,2138,2396,2409,2740,0,2023-05-01,49.61360968546676,45.29420263565566,"{""type"":""MultiPoint"",""coordinates"":[]}"
5247,1160,1921,974,929,803,725,993,1467,1726,1721,1957,0,2023-11-25,7.698343629854038,26.45660822691488,"{""type"":""MultiPoint"",""coordinates"":[]}"
5248,1369,125,96,926,537,324,277,267,259,189,222,0,2023-10-25,14.713428893124442,-63.326979179938654,"{""type"":""MultiPoint"",""coordinates"":[]}"
5250,1556,2227,951,1667,1644,1514,1555,2494,2987,3132,3395,0,2023-03-19,18.91335872645028,-89.15586806762602,"{""type"":""MultiPoint"",""coordinates"":[]}"
5252,1295,81,48,840,489,279,232,203,201,141,164,0,2023-12-04,17.109642945297217,112.05483498860593,"{""type"":""MultiPoint"",""coordinates"":[]}"
5253,1475,335,245,1075,720,519,458,475,459,357,429,0,2023-04-01,-6.746385106121728,121.83093722115889,"{""type"":""MultiPoint"",""coordinates"":[]}"
5255,2964,3177,2529,2386,2414,2328,2655,3740,4298,3886,4610,0,2023-11-20,-9.405688403748375,21.448844134823,"{""type"":""MultiPoint"",""coordinates"":[]}"
5259,9885,1363,1545,9646,8809,9297,9507,9484,9373,9129,9170,0,2023-05-27,70.8060188409297,-36.355739882751195,"{""type"":""MultiPoint"",""coordinates"":[]}"
5261,3730,3657,3405,3581,3340,3517,3659,3741,3812,3473,4003,0,2023-01-24,20.79615328677055,-157.48862633439822,"{""type"":""MultiPoint"",""coordinates"":[]}"
5262,1326,2531,1612,1093,966,807,1160,1836,2038,2036,2283,0,2023-06-25,63.10687280754438,-112.96487973341293,"{""type"":""MultiPoint"",""coordinates"":[]}"
5267,1519,199,148,1079,684,481,419,376,365,332,340,0,2023-11-27,13.089845919830763,-53.75691111780157,"{""type"":""MultiPoint"",""coordinates"":[]}"
5270,1901,97,55,1377,833,541,479,429,387,323,306,0,2023-08-08,-56.50224958946445,-28.46647022699478,"{""type"":""MultiPoint"",""coordinates"":[]}"
5272,2311,230,130,1790,1169,800,754,689,606,558,555,0,2023-02-02,67.0219345324239,-18.822420967618523,"{""type"":""MultiPoint"",""coordinates"":[]}"
5276,1538,359,289,1193,820,528,478,464,487,403,430,0,2023-01-30,-11.496353444833835,141.24349141977675,"{""type"":""MultiPoint"",""coordinates"":[]}"
5280,4493,4326,3768,4470,4161,4438,4529,4573,4704,4567,4758,0,2023-05-01,43.07500173953325,-11.394698445496818,"{""type"":""MultiPoint"",""coordinates"":[]}"
5281,7996,970,982,7691,6391,7147,7453,7464,7304,7242,7092,0,2023-03-29,-73.19552483942813,33.456372218419496,"{""type"":""MultiPoint"",""coordinates"":[]}"
5286,1242,2839,2143,998,992,1438,1564,1773,1922,1803,2011,0,2023-01-15,-25.466806842838714,128.88150625827708,"{""type"":""MultiPoint"",""coordinates"":[]}"
5287,1834,621,493,1632,1240,896,786,761,780,695,756,0,2023-09-29,-11.527037658452539,135.99156452192562,"{""type"":""MultiPoint"",""coordinates"":[]}"
5290,1852,1632,913,1619,1391,1214,1291,2096,2472,2207,2624,0,2023-06-11,41.21922497460272,-8.454223281280054,"{""type"":""MultiPoint"",""coordinates"":[]}"
5298,1378,2337,1852,1406,1573,1775,1764,2438,2728,2914,2900,0,2023-04-15,33.467044275729144,48.313758593897454,"{""type"":""MultiPoint"",""coordinates"":[]}"
5300,1211,132,83,914,565,346,304,275,248,265,215,0,2023-06-21,62.91290735812804,-171.49151282592652,"{""type"":""MultiPoint"",""coordinates"":[]}"
5301,9583,1104,1158,9237,8249,8863,9160,9143,8963,8871,8848,0,2023-04-26,69.53776809796744,-35.83182328314628,"{""type"":""MultiPoint"",""coordinates"":[]}"
5303,1228,36,22,832,472,249,202,176,152,128,120,0,2023-05-03,-8.689188548797036,145.41210073352164,"{""type"":""MultiPoint"",""coordinates"":[]}"
5305,8733,647,674,8322,7374,7929,8219,8217,8182,7725,8088,0,2023-03-04,56.450103685208205,-83.81911669580239,"{""type"":""MultiPoint"",""coordinates"":[]}"
5307,1545,4075,3005,1404,1457,2059,2165,2384,2602,2577,2889,0,2023-09-20,-30.944444018752097,130.72916786967056,"{""type"":""MultiPoint"",""coordinates"":[]}"
5312,2184,5554,4801,2241,2685,3628,3895,4098,4376,4144,4587,0,2023-12-06,27.29956549427708,18.65603496947209,"{""type"":""MultiPoint"",""coordinates"":[]}"
5313,2983,1389,1091,2537,1944,1783,1728,1700,1774,1663,1742,0,2023-09-08,76.52277529382418,-145.88771248309396,"{""type"":""MultiPoint"",""coordinates"":[]}"
5314,1245,2625,2306,1049,943,1092,1154,1244,1379,1367,1567,0,2023-04-10,24.08673744836982,74.55985457520303,"{""type"":""MultiPoint"",""coordinates"":[]}"
5315,1529,1715,1182,1389,1356,1280,1583,2357,2561,2463,2655,0,2023-07-12,31.504580943135952,102.31180007511199,"{""type"":""MultiPoint"",""coordinates"":[]}"
5318,1285,84,43,898,522,302,246,216,201,169,153,0,2023-05-29,-10.778406289180475,154.65036190212476,"{""type"":""MultiPoint"",""coordinates"":[]}"
5319,1600,4257,3240,1481,1728,2626,2773,2981,3228,3081,3480,0,2023-03-07,6.803632065538443,47.13231941937708,"{""type"":""MultiPoint"",""coordinates"":[]}"
5322,1908,2903,2024,1832,1845,2074,1893,2618,3026,2764,3202,0,2023-05-25,5.027849398773889,7.9892229141330615,"{""type"":""MultiPoint"",""coordinates"":[]}"
5323,1670,267,133,1361,1098,831,854,995,1036,926,958,0,2023-10-09,46.41459368686319,-63.23844917419132,"{""type"":""MultiPoint"",""coordinates"":[]}"
5324,1351,1590,956,1049,832,751,939,1255,1401,1408,1608,0,2023-06-08,65.84088870109288,-122.74943370918962,"{""type"":""MultiPoint"",""coordinates"":[]}"
5327,1672,662,504,1561,1509,1410,1320,1003,1068,888,956,0,2023-08-13,10.353290631212202,-62.580461595358216,"{""type"":""MultiPoint"",""coordinates"":[]}"
5328,2101,5646,4978,2217,2753,3948,4179,4393,4658,4462,4791,0,2023-03-01,21.80872929604119,4.846673172821866,"{""type"":""MultiPoint"",""coordinates"":[]}"
5331,4234,2083,2012,4011,3609,3674,3675,3679,3775,3640,3827,0,2023-12-25,-62.023597572131884,156.8194051438057,"{""type"":""MultiPoint"",""coordinates"":[]}"
5332,1263,1289,780,949,799,600,883,1454,1697,1862,1821,0,2023-06-04,64.07961854116999,150.23750791241875,"{""type"":""MultiPoint"",""coordinates"":[]}"
5333,1497,336,236,1201,798,622,542,513,484,450,429,0,2023-03-18,24.090532704468053,-165.87319676556731,"{""type"":""MultiPoint"",""coordinates"":[]}"
5335,1374,2838,2087,1136,975,992,1151,1508,1696,1759,1960,0,2023-05-21,-28.55828708581356,-60.21429708748833,"{""type"":""MultiPoint"",""coordinates"":[]}"
5338,1612,668,505,1374,1072,922,775,779,771,838,733,0,2023-10-10,-15.372428449235677,45.11389587083767,"{""type"":""MultiPoint"",""coordinates"":[]}"
5341,1258,2679,1907,1179,1098,1046,1227,1704,1900,1755,2155,0,2023-09-04,55.3216788752171,133.24800095303533,"{""type"":""MultiPoint"",""coordinates"":[]}"
5342,1207,1260,476,870,696,465,730,1684,2038,2104,2521,0,2023-09-09,60.37253366037687,32.939366460451744,"{""type"":""MultiPoint"",""coordinates"":[]}"
5351,1995,3305,2824,1846,1911,2192,2287,2394,2540,2501,2669,0,2023-11-09,44.5055350481502,55.80676755740507,"{""type"":""MultiPoint"",""coordinates"":[]}"
5352,1475,230,173,1093,685,470,435,382,371,375,312,0,2023-03-05,9.669610489652007,-46.7675903522579,"{""type"":""MultiPoint"",""coordinates"":[]}"
5353,2085,1114,894,1711,1371,1247,1112,1177,1275,1075,1305,0,2023-12-01,-8.379025960698831,-172.62745715419823,"{""type"":""MultiPoint"",""coordinates"":[]}"
5358,1076,2250,1355,880,827,934,1226,1904,2328,2254,2635,0,2023-02-13,19.29400223737816,-101.37845791397211,"{""type"":""MultiPoint"",""coordinates"":[]}"
5359,2265,328,212,1344,959,694,1150,1519,1710,1285,1671,0,2023-03-18,60.950096056965386,-149.87934328881465,"{""type"":""MultiPoint"",""coordinates"":[]}"
5361,1819,2329,1155,1546,1449,1085,1581,3156,3822,3563,4326,0,2023-02-20,-12.901115306516559,-39.67749733735206,"{""type"":""MultiPoint"",""coordinates"":[]}"
5363,1179,2860,2260,1030,1039,1282,1306,1494,1677,1858,1912,0,2023-11-03,-24.187678360212942,25.101044445025032,"{""type"":""MultiPoint"",""coordinates"":[]}"
5365,1190,1566,559,873,772,412,843,2566,3503,3201,3933,0,2023-03-31,7.3629238697300865,-60.851594381893385,"{""type"":""MultiPoint"",""coordinates"":[]}"
5366,1641,662,423,1603,1216,951,941,809,739,912,610,0,2023-07-16,-10.067227839263651,61.63058337399757,"{""type"":""MultiPoint"",""coordinates"":[]}"
5369,2073,5210,4617,2098,2553,3546,3780,3998,4232,4053,4362,0,2023-04-15,20.778076944404457,1.8875560849576618,"{""type"":""MultiPoint"",""coordinates"":[]}"
5372,1291,195,168,879,576,395,357,336,328,238,302,0,2023-08-04,-15.50481222239423,11.41245287454887,"{""type"":""MultiPoint"",""coordinates"":[]}"
5373,2773,2306,1743,2668,2275,2364,2404,2463,2484,2565,2517,0,2023-09-10,-49.31962126101318,-68.14443881176567,"{""type"":""MultiPoint"",""coordinates"":[]}"
5374,1312,3945,3533,1176,1314,2408,2623,2907,3117,2911,3188,0,2023-12-05,-20.20180042115512,124.24275034136073,"{""type"":""MultiPoint"",""coordinates"":[]}"
5376,1878,76,33,1367,848,522,481,423,385,322,293,0,2023-10-17,66.56160116735143,24.380569296877763,"{""type"":""MultiPoint"",""coordinates"":[]}"
5377,1167,1330,510,888,740,486,678,1672,2125,2170,2539,0,2023-12-12,-1.3504025092440677,20.153250786658468,"{""type"":""MultiPoint"",""coordinates"":[]}"
5378,1092,1718,713,842,830,534,936,2185,2771,2791,3172,0,2023-02-08,-9.115137790649204,25.113480179833743,"{""type"":""MultiPoint"",""coordinates"":[]}"
5381,1692,3040,2788,1566,1650,2022,2024,2100,2234,2284,2303,0,2023-12-01,44.339023492873025,106.06061560066225,"{""type"":""MultiPoint"",""coordinates"":[]}"
5383,1319,40,14,984,588,371,303,272,245,195,178,0,2023-07-17,61.15751219171257,-90.6171348981947,"{""type"":""MultiPoint"",""coordinates"":[]}"
5390,1413,310,238,1005,697,446,433,418,422,365,401,0,2023-01-24,-22.007178338030243,168.54340228702983,"{""type"":""MultiPoint"",""coordinates"":[]}"
5392,1276,28,18,898,528,316,265,233,203,161,156,0,2023-09-03,64.34379867738166,-174.24310913670124,"{""type"":""MultiPoint"",""coordinates"":[]}"
5394,9805,881,884,9597,8884,9123,9131,9134,8943,8693,8654,0,2023-01-04,-68.59555397849223,115.99002909798213,"{""type"":""MultiPoint"",""coordinates"":[]}"
5396,7347,780,764,6773,5022,6122,6641,6755,6892,6495,6797,0,2023-03-07,74.36582198031053,63.50180052653685,"{""type"":""MultiPoint"",""coordinates"":[]}"
5397,2694,1065,1232,1900,1212,1125,1226,1150,1120,754,1104,0,2023-07-20,-56.76125294495801,-23.122785039435865,"{""type"":""MultiPoint"",""coordinates"":[]}"
5398,1311,2821,2020,1100,1071,1159,1312,1704,1942,1847,2180,0,2023-02-17,-24.560881727594285,22.708428371951065,"{""type"":""MultiPoint"",""coordinates"":[]}"
5399,1590,623,517,1123,827,751,737,736,765,523,785,0,2023-04-02,20.048125216284745,123.55195284547288,"{""type"":""MultiPoint"",""coordinates"":[]}"
5406,1272,2058,1181,1037,903,865,1096,1732,1965,1736,2234,0,2023-08-12,70.09240936914689,89.16879240911733,"{""type"":""MultiPoint"",""coordinates"":[]}"
5407,1983,5461,4767,2043,2625,3528,3764,4002,4249,4160,4383,0,2023-02-22,29.777176641598686,29.541067313704918,"{""type"":""MultiPoint"",""coordinates"":[]}"
5410,1561,2054,1229,1533,1542,1389,1442,2691,3294,3065,3695,0,2023-06-29,2.031019466948098,18.748396528225893,"{""type"":""MultiPoint"",""coordinates"":[]}"
5415,1444,3922,3282,1229,1305,2155,2386,2692,2866,2648,3022,0,2023-06-13,-26.200662545862155,136.11496268903812,"{""type"":""MultiPoint"",""coordinates"":[]}"
5416,1281,61,43,909,560,324,260,232,200,177,178,0,2023-12-09,16.01404113133248,93.83648262048631,"{""type"":""MultiPoint"",""coordinates"":[]}"
5417,1661,85,58,1422,1194,719,576,406,379,309,300,0,2023-12-26,24.290741159642273,67.28721451966489,"{""type"":""MultiPoint"",""coordinates"":[]}"
5418,1735,3883,3355,1678,1881,2496,2607,2944,3203,3151,3422,0,2023-04-24,26.820009461016635,73.12708123836599,"{""type"":""MultiPoint"",""coordinates"":[]}"
5420,1742,306,199,1289,841,630,570,554,549,473,474,0,2023-08-27,-47.01303388696007,166.54290273323895,"{""type"":""MultiPoint"",""coordinates"":[]}"
5422,1906,71,28,1427,802,558,464,397,341,315,245,0,2023-11-26,56.576980764390385,-153.5414231122246,"{""type"":""MultiPoint"",""coordinates"":[]}"
5423,1902,3888,3250,1852,1896,2116,2280,2593,2813,2785,3071,0,2023-07-26,45.0616780843043,81.00055622272973,"{""type"":""MultiPoint"",""coordinates"":[]}"
5430,1323,189,165,973,638,420,389,368,337,304,321,0,2023-09-27,-13.753824022541455,127.79662555365702,"{""type"":""MultiPoint"",""coordinates"":[]}"
5432,1228,2753,1733,976,956,975,1386,2064,2356,2350,2737,0,2023-04-01,-18.65999771137286,31.17463940790024,"{""type"":""MultiPoint"",""coordinates"":[]}"
5435,2004,1411,1285,1809,1521,1510,1395,1423,1460,1454,1500,0,2023-06-23,63.83764461941714,-168.31452260572752,"{""type"":""MultiPoint"",""coordinates"":[]}"
5437,1733,731,557,1293,1014,953,913,851,890,730,916,0,2023-09-22,17.265466602262638,-57.934898777155446,"{""type"":""MultiPoint"",""coordinates"":[]}"
5439,1673,5717,4830,1626,2084,3622,3728,4060,4397,4110,4469,0,2023-10-15,27.92575469616844,8.812829894492802,"{""type"":""MultiPoint"",""coordinates"":[]}"
5440,2730,515,332,2033,1517,1419,1651,1923,2100,1865,2205,0,2023-01-31,55.98368386982963,30.28257297591926,"{""type"":""MultiPoint"",""coordinates"":[]}"
5441,9234,1000,986,8922,8274,8545,8648,8630,8512,8105,8317,0,2023-11-29,-76.26337076060473,-95.0699363909096,"{""type"":""MultiPoint"",""coordinates"":[]}"
5442,6500,6224,4599,6647,6373,7209,7391,7544,7727,7386,7802,0,2023-10-13,59.789389063437774,101.64865979239103,"{""type"":""MultiPoint"",""coordinates"":[]}"
5443,2755,1622,1362,2135,1764,1775,1744,1763,1846,1507,1843,0,2023-12-15,-26.91845647250694,-131.71722911910297,"{""type"":""MultiPoint"",""coordinates"":[]}"
5445,1983,1019,847,1602,1216,1095,1107,1143,1225,1008,1241,0,2023-05-09,18.682177852255712,168.6338484504883,"{""type"":""MultiPoint"",""coordinates"":[]}"
5446,1181,109,93,852,501,312,314,271,248,189,204,0,2023-05-03,60.30593157160165,177.79174279619969,"{""type"":""MultiPoint"",""coordinates"":[]}"
5447,1312,1303,450,1008,913,516,917,2515,3297,3230,3734,0,2023-06-05,-2.8325268229545486,111.17385409135866,"{""type"":""MultiPoint"",""coordinates"":[]}"
5452,4539,2178,2132,4240,3973,3974,4107,4659,5032,4776,5149,0,2023-04-01,-1.5981118665794294,115.84344418553987,"{""type"":""MultiPoint"",""coordinates"":[]}"
5455,9178,595,646,8936,8192,8542,8596,8597,8466,8113,8199,0,2023-03-07,-69.56851899464631,82.55076877913422,"{""type"":""MultiPoint"",""coordinates"":[]}"
5456,1290,59,33,894,494,278,222,191,168,154,135,0,2023-11-16,13.872150978382297,-47.908791178915266,"{""type"":""MultiPoint"",""coordinates"":[]}"
5460,3136,2634,2042,3108,2775,2835,2610,2659,2797,2587,2835,0,2023-10-10,-6.029717430039037,71.62628215609787,"{""type"":""MultiPoint"",""coordinates"":[]}"
5464,1441,41,22,984,532,272,229,202,176,145,134,0,2023-11-24,35.72069849845852,27.082151716247207,"{""type"":""MultiPoint"",""coordinates"":[]}"
5465,1192,30,19,831,505,267,227,196,176,146,141,0,2023-10-08,41.89840318466734,-86.87481869159008,"{""type"":""MultiPoint"",""coordinates"":[]}"
5467,1171,1112,453,887,771,457,711,1845,2420,2324,2742,0,2023-02-15,-5.1382706936284395,-52.082709603346366,"{""type"":""MultiPoint"",""coordinates"":[]}"
5469,1978,5699,4484,1980,2405,3740,4043,4346,4628,4415,4819,0,2023-12-19,30.64136848977079,16.785524989868513,"{""type"":""MultiPoint"",""coordinates"":[]}"
5470,1116,1426,560,799,679,412,746,2171,2687,2968,3072,0,2023-09-27,47.05348147612312,5.030485107209298,"{""type"":""MultiPoint"",""coordinates"":[]}"
5477,1420,4911,4232,1204,1385,2902,3177,3573,3735,3658,3850,0,2023-06-29,-25.324191411820863,137.67835709372113,"{""type"":""MultiPoint"",""coordinates"":[]}"
5478,1695,621,503,1518,1232,909,827,804,804,759,762,0,2023-06-11,24.40220124095739,53.04751857535493,"{""type"":""MultiPoint"",""coordinates"":[]}"
5480,1635,3299,2972,1722,1961,2463,2571,2616,2760,2941,2916,0,2023-02-24,32.43767491742418,80.99927855888937,"{""type"":""MultiPoint"",""coordinates"":[]}"
5482,3755,4758,3641,4439,4392,4528,4304,5116,5746,5656,6172,0,2023-09-22,13.867839375307511,123.56221278798387,"{""type"":""MultiPoint"",""coordinates"":[]}"
5484,1217,2269,1151,961,894,673,1106,2387,2941,3020,3447,0,2023-05-15,-21.403523339609013,-61.13113684249119,"{""type"":""MultiPoint"",""coordinates"":[]}"
5490,1197,1638,999,933,794,645,842,1553,1806,1658,2005,0,2023-06-07,-3.426983018541998,38.46136114203505,"{""type"":""MultiPoint"",""coordinates"":[]}"
5493,1521,202,138,1134,714,496,398,374,388,307,335,0,2023-02-11,0.9496113679177123,130.57627531694177,"{""type"":""MultiPoint"",""coordinates"":[]}"
5494,1441,75,51,1067,615,318,248,220,209,171,179,0,2023-01-05,-4.176809067569448,54.347591399182974,"{""type"":""MultiPoint"",""coordinates"":[]}"
5497,1310,82,49,875,511,284,238,211,200,155,159,0,2023-11-15,16.148041782896954,-77.5563680502093,"{""type"":""MultiPoint"",""coordinates"":[]}"
5499,1630,7039,5993,1746,2580,4580,4789,5179,5532,5244,5680,0,2023-06-10,27.672424467719345,7.61212012415445,"{""type"":""MultiPoint"",""coordinates"":[]}"
5500,1339,2733,1782,1083,1007,1339,1552,1747,1935,2107,2260,0,2023-08-30,-17.401224483590095,21.729417371902525,"{""type"":""MultiPoint"",""coordinates"":[]}"
5502,1237,1005,431,905,765,486,818,1730,2102,2075,2368,0,2023-09-27,58.03047921699645,55.14659365489697,"{""type"":""MultiPoint"",""coordinates"":[]}"
5505,1404,307,248,973,655,489,445,435,468,329,438,0,2023-08-17,-6.871737451587592,41.077685982254145,"{""type"":""MultiPoint"",""coordinates"":[]}"
5506,1349,60,48,864,467,268,216,198,171,137,143,0,2023-02-15,-9.598078386689926,163.65482744188452,"{""type"":""MultiPoint"",""coordinates"":[]}"
5507,1375,76,46,1027,654,418,360,318,293,248,241,0,2023-07-02,62.325915254769576,-85.31641685607407,"{""type"":""MultiPoint"",""coordinates"":[]}"
5509,2180,5461,4341,2165,2563,3427,3587,3776,4017,3880,4210,0,2023-04-22,26.711825465778002,-12.119065646880761,"{""type"":""MultiPoint"",""coordinates"":[]}"
5511,4566,4390,3339,4130,3999,4221,4083,4685,5198,4819,5526,0,2023-07-28,1.1687863951584083,10.848750677738845,"{""type"":""MultiPoint"",""coordinates"":[]}"
5512,8776,693,731,8439,7565,8236,8433,8478,8395,7964,8249,0,2023-03-19,56.980743009570496,-84.25022446463564,"{""type"":""MultiPoint"",""coordinates"":[]}"
5513,899,2136,1187,712,734,521,988,2274,2600,3088,2949,0,2023-08-27,27.015010927255243,99.75499406540574,"{""type"":""MultiPoint"",""coordinates"":[]}"
5514,1294,72,55,900,518,322,255,227,210,169,148,0,2023-10-26,-52.82895709757909,168.99306893056385,"{""type"":""MultiPoint"",""coordinates"":[]}"
5519,1327,137,105,994,591,333,288,265,275,193,234,0,2023-12-25,0.6728427799943333,73.19443029577728,"{""type"":""MultiPoint"",""coordinates"":[]}"
5520,1426,120,82,968,555,348,288,264,251,213,218,0,2023-11-01,15.899362904870616,-47.35039706677717,"{""type"":""MultiPoint"",""coordinates"":[]}"
5521,1105,1863,820,898,926,796,1164,2124,2635,2326,3031,0,2023-10-25,17.996489715459468,95.85592693187898,"{""type"":""MultiPoint"",""coordinates"":[]}"
5524,1173,1410,823,887,727,624,965,1371,1560,1571,1765,0,2023-05-18,50.29936053682636,-81.77898671949004,"{""type"":""MultiPoint"",""coordinates"":[]}"
5526,1132,36,22,799,510,296,251,222,188,165,149,0,2023-05-21,51.250483948758784,-57.57093590947526,"{""type"":""MultiPoint"",""coordinates"":[]}"
5527,3615,140,133,2933,2233,1841,2338,1993,1976,1275,1683,0,2023-10-21,-63.31665644517989,150.09655080451535,"{""type"":""MultiPoint"",""coordinates"":[]}"
5528,8933,1130,1191,8772,7890,8566,8644,8720,8688,8294,8570,0,2023-04-03,67.92271695268408,-94.08962825810238,"{""type"":""MultiPoint"",""coordinates"":[]}"
5530,3331,2693,2368,3158,2772,2734,2739,2740,2796,2809,2828,0,2023-06-09,-29.508200265040898,113.57966813273336,"{""type"":""MultiPoint"",""coordinates"":[]}"
5531,8924,768,747,8724,8043,8560,8563,8569,8573,8180,8360,0,2023-05-25,73.55404527947599,-83.86556951391587,"{""type"":""MultiPoint"",""coordinates"":[]}"
5533,1489,723,541,1331,1021,820,752,732,723,736,688,0,2023-12-09,-19.360005132765636,35.90483496942416,"{""type"":""MultiPoint"",""coordinates"":[]}"
5535,1860,4529,3440,1816,2107,2843,3107,3364,3610,3608,3889,0,2023-05-06,34.7993854930979,38.10594353265384,"{""type"":""MultiPoint"",""coordinates"":[]}"
5539,2560,1765,1395,2340,2007,1954,1956,1993,2102,1747,2107,0,2023-06-20,9.013572947823134,170.52260113849277,"{""type"":""MultiPoint"",""coordinates"":[]}"
5540,8366,787,823,8230,7596,8211,8437,8359,8463,8093,8297,0,2023-05-15,68.51850777760464,131.08702522604187,"{""type"":""MultiPoint"",""coordinates"":[]}"
5543,4376,294,223,4146,3299,3555,3610,3888,3916,3811,3856,0,2023-01-29,62.613608633487246,67.3304599731178,"{""type"":""MultiPoint"",""coordinates"":[]}"
5544,3566,763,650,2976,2193,2187,2286,2348,2431,2332,2382,0,2023-12-18,50.85348196665939,110.13652196762526,"{""type"":""MultiPoint"",""coordinates"":[]}"
5547,2461,1709,1650,2121,1758,1674,1599,1644,1732,1571,1790,0,2023-03-02,-7.9804675531059655,149.4169093796486,"{""type"":""MultiPoint"",""coordinates"":[]}"
5551,1192,1084,402,896,712,487,640,1521,2072,1967,2448,0,2023-01-09,1.6701590940851343,20.403868098233882,"{""type"":""MultiPoint"",""coordinates"":[]}"
5552,1210,2916,2010,1043,1064,1102,1341,2026,2300,2183,2546,0,2023-12-19,-28.25713838637221,30.651993907399923,"{""type"":""MultiPoint"",""coordinates"":[]}"
5554,1724,842,714,1326,1076,1015,851,814,921,838,1029,0,2023-10-21,-4.047378143526947,117.80337150983515,"{""type"":""MultiPoint"",""coordinates"":[]}"
5557,4732,1104,875,4763,4380,4918,4818,4986,5360,5003,5192,0,2023-02-04,41.1767346800682,71.247713366612,"{""type"":""MultiPoint"",""coordinates"":[]}"
5559,1462,404,290,1147,841,668,544,531,565,496,527,0,2023-10-14,12.399296160815641,113.88210142246719,"{""type"":""MultiPoint"",""coordinates"":[]}"
5560,1431,3141,2140,1302,1391,1357,1743,2816,3257,3173,3616,0,2023-02-09,-21.391300942132506,23.0983801369952,"{""type"":""MultiPoint"",""coordinates"":[]}"
5561,1411,1314,817,1141,992,850,962,1472,1623,2137,1832,0,2023-02-25,50.97368034889992,21.748367054447808,"{""type"":""MultiPoint"",""coordinates"":[]}"
5562,1302,2469,1485,1036,982,895,1174,1783,2182,2105,2558,0,2023-03-24,-31.638475984157132,-63.30430893600549,"{""type"":""MultiPoint"",""coordinates"":[]}"
5566,1252,2795,2462,1014,912,1328,1534,1764,1849,1750,1859,0,2023-09-03,-30.42737692248611,134.26021633535996,"{""type"":""MultiPoint"",""coordinates"":[]}"
5574,2008,622,275,1659,1348,1098,1022,1461,1791,1570,1841,0,2023-07-13,0.9718491492120956,13.837479131889118,"{""type"":""MultiPoint"",""coordinates"":[]}"
5580,3678,4100,3178,3618,3550,3678,3439,4371,5159,4902,5682,0,2023-04-29,-2.1448573981001107,-48.32945739600386,"{""type"":""MultiPoint"",""coordinates"":[]}"
5584,2195,1046,847,1783,1499,1442,1335,1287,1293,1180,1227,0,2023-08-05,-15.32714934058169,61.154938477625855,"{""type"":""MultiPoint"",""coordinates"":[]}"
5586,1497,2041,1509,1246,1115,1103,1191,1438,1748,1663,1854,0,2023-03-15,16.244208090717628,74.96246062250107,"{""type"":""MultiPoint"",""coordinates"":[]}"
5587,8707,750,801,8438,7559,7999,8200,8202,8037,7769,7947,0,2023-02-15,-76.21604176706337,-13.773740014904007,"{""type"":""MultiPoint"",""coordinates"":[]}"
5588,1740,667,534,1301,880,775,809,790,877,589,841,0,2023-12-08,-10.968269272458066,-15.006863043369135,"{""type"":""MultiPoint"",""coordinates"":[]}"
5589,9644,940,941,9414,8654,9118,9227,9173,9012,8609,8834,0,2023-05-14,64.0265268501825,-67.11787635395079,"{""type"":""MultiPoint"",""coordinates"":[]}"
5591,1575,2400,2062,1280,1077,1034,967,1001,1035,1181,1147,0,2023-08-04,63.319460003593576,-65.81937256187065,"{""type"":""MultiPoint"",""coordinates"":[]}"
5597,1371,2168,1023,1037,884,736,995,1657,2107,2011,2484,0,2023-09-02,-16.57822984692792,-56.98240559246988,"{""type"":""MultiPoint"",""coordinates"":[]}"
5598,1094,983,342,771,537,323,489,1343,1864,1629,2156,0,2023-05-30,-11.059841942945281,-70.0581055545875,"{""type"":""MultiPoint"",""coordinates"":[]}"
5602,1547,2595,2248,1296,1129,1200,1255,1300,1376,1391,1500,0,2023-05-16,52.36356343584328,80.77011429929232,"{""type"":""MultiPoint"",""coordinates"":[]}"
5603,1032,1145,430,725,576,327,612,1897,2604,2417,3027,0,2023-06-11,-10.228630471405918,-69.63401060584698,"{""type"":""MultiPoint"",""coordinates"":[]}"
5608,1858,1030,793,1665,1493,1418,1339,1345,1383,1251,1330,0,2023-07-27,17.111051869221782,41.33305389131243,"{""type"":""MultiPoint"",""coordinates"":[]}"
5612,8051,988,1006,7890,7377,7822,7768,7863,7738,7478,7686,0,2023-09-15,-76.36036089702144,-17.714462195901614,"{""type"":""MultiPoint"",""coordinates"":[]}"
5613,1398,467,357,1154,856,671,619,622,648,539,594,0,2023-08-04,1.8927036306828633,48.90153048215243,"{""type"":""MultiPoint"",""coordinates"":[]}"
5615,1671,5149,4031,1624,2147,3326,3210,3489,3840,3404,3831,0,2023-08-19,17.612581790413092,31.047657325171812,"{""type"":""MultiPoint"",""coordinates"":[]}"
5618,1470,1933,1140,1204,1051,918,1198,1736,2009,2029,2271,0,2023-02-20,5.767840456452343,10.343732457289235,"{""type"":""MultiPoint"",""coordinates"":[]}"
5619,5939,5034,4714,6193,5742,6120,6149,6130,6149,6211,6148,0,2023-02-05,-72.08655689935465,-162.60928610976313,"{""type"":""MultiPoint"",""coordinates"":[]}"
5623,2080,4683,4206,2159,2480,3368,3442,3591,3818,3638,3969,0,2023-11-21,24.628241146839066,44.27565376487374,"{""type"":""MultiPoint"",""coordinates"":[]}"
5624,2522,1584,1770,1873,1415,1365,1353,1351,1378,1132,1402,0,2023-03-14,-65.44819551761681,83.91740247197782,"{""type"":""MultiPoint"",""coordinates"":[]}"
5633,1126,1662,585,828,797,407,925,2792,3521,3227,4034,0,2023-09-11,22.64955967697957,-81.5617624898465,"{""type"":""MultiPoint"",""coordinates"":[]}"
5634,3089,499,442,2654,2030,1793,1674,1655,1637,1496,1502,0,2023-01-04,-71.31538378414966,-123.50588874303047,"{""type"":""MultiPoint"",""coordinates"":[]}"
5638,1442,2799,1930,1296,1292,1472,1619,2121,2344,2279,2652,0,2023-08-15,29.890038744869038,-109.04278513925472,"{""type"":""MultiPoint"",""coordinates"":[]}"
5639,1393,142,99,951,580,384,327,294,292,230,250,0,2023-08-04,-15.997683523872695,151.59610567490844,"{""type"":""MultiPoint"",""coordinates"":[]}"
5640,1429,205,155,991,591,398,384,354,351,263,313,0,2023-08-20,38.03861690366085,18.505654780581065,"{""type"":""MultiPoint"",""coordinates"":[]}"
5641,1589,187,133,1175,792,568,506,466,455,374,391,0,2023-09-03,-26.43200425931149,-46.78926448646416,"{""type"":""MultiPoint"",""coordinates"":[]}"
5642,931,1003,396,672,600,329,626,1776,2215,2269,2568,0,2023-02-16,16.272393518032448,-91.5085821855157,"{""type"":""MultiPoint"",""coordinates"":[]}"
5645,1543,268,204,1154,780,546,508,478,493,383,450,0,2023-08-26,5.238609608200208,-9.793018146107972,"{""type"":""MultiPoint"",""coordinates"":[]}"
5647,1673,105,74,1381,1018,511,411,343,338,276,282,0,2023-08-27,20.05874412016128,109.33655570350172,"{""type"":""MultiPoint"",""coordinates"":[]}"
5652,7822,1722,1669,7838,7283,8141,8460,8854,8837,8725,8900,0,2023-03-29,60.983507925080715,-135.50538765310415,"{""type"":""MultiPoint"",""coordinates"":[]}"
5655,1951,963,753,1521,1178,1088,1039,1088,1175,877,1205,0,2023-11-30,-9.400976210885336,-169.74867908487823,"{""type"":""MultiPoint"",""coordinates"":[]}"
5656,1124,1358,540,837,743,408,700,1788,2091,2317,2434,0,2023-08-17,68.93158710582402,126.50213957349452,"{""type"":""MultiPoint"",""coordinates"":[]}"
5657,1090,1766,830,862,834,680,989,1706,2006,1972,2322,0,2023-11-12,5.387914581111271,25.365742652404005,"{""type"":""MultiPoint"",""coordinates"":[]}"
5662,5241,77,51,3647,2240,1599,1469,1450,1192,1067,1052,0,2023-03-02,66.19933006919682,129.94677528963916,"{""type"":""MultiPoint"",""coordinates"":[]}"
5665,1382,346,268,1098,743,555,535,503,487,485,476,0,2023-04-30,41.439810789146804,-32.30408334843164,"{""type"":""MultiPoint"",""coordinates"":[]}"
5668,1125,3106,1704,989,928,1083,1220,1679,1983,2015,2394,0,2023-03-05,16.784079290709858,-98.61754058438889,"{""type"":""MultiPoint"",""coordinates"":[]}"
5670,1538,3980,3330,1421,1679,2494,2570,2782,2977,2737,2987,0,2023-09-23,29.74858778235492,-5.355872451483736,"{""type"":""MultiPoint"",""coordinates"":[]}"
5672,1971,5221,4704,2057,2546,3665,3717,3926,4224,3995,4413,0,2023-01-11,15.842441181418323,46.38677239002408,"{""type"":""MultiPoint"",""coordinates"":[]}"
5674,2488,3887,2913,3050,3086,3060,3062,3706,3954,4064,4049,0,2023-12-03,-13.627359345405322,14.897633614694964,"{""type"":""MultiPoint"",""coordinates"":[]}"
5675,5121,4984,3682,5196,5036,5370,4939,5094,5569,4941,5815,0,2023-11-14,-1.2062628365913666,106.15306542447787,"{""type"":""MultiPoint"",""coordinates"":[]}"
5678,1403,75,46,1220,1032,439,333,234,219,187,166,0,2023-01-04,-39.41059809715676,-68.93138705530255,"{""type"":""MultiPoint"",""coordinates"":[]}"
5679,1373,26,21,879,470,259,205,169,148,112,120,0,2023-07-30,-15.502403108104176,-173.41559121925067,"{""type"":""MultiPoint"",""coordinates"":[]}"
5680,1583,513,387,1291,909,756,623,605,588,623,567,0,2023-08-09,-8.911940096058984,-173.48449582355724,"{""type"":""MultiPoint"",""coordinates"":[]}"
5682,1134,1647,809,867,846,495,1194,2452,2746,2565,2953,0,2023-05-25,46.30073485409383,-74.86673556246599,"{""type"":""MultiPoint"",""coordinates"":[]}"
5686,1913,4561,3773,1930,2121,2691,2942,3234,3489,3346,3759,0,2023-12-08,-27.524108024692946,144.116412499539,"{""type"":""MultiPoint"",""coordinates"":[]}"
5689,2623,6576,4989,2948,3589,4717,4827,5034,5442,5378,5727,0,2023-09-17,25.544660294486924,30.821386212139785,"{""type"":""MultiPoint"",""coordinates"":[]}"
5691,1937,1101,875,1714,1370,1331,1206,1180,1274,1171,1254,0,2023-05-10,14.326462306859776,-76.32484681319109,"{""type"":""MultiPoint"",""coordinates"":[]}"
5693,1352,131,101,932,565,395,293,279,276,211,223,0,2023-06-21,7.443235231077635,108.61673578877613,"{""type"":""MultiPoint"",""coordinates"":[]}"
5697,1897,3010,2626,1958,2133,2572,2704,2751,2897,2929,2950,0,2023-12-16,36.535033650559704,98.67010962811452,"{""type"":""MultiPoint"",""coordinates"":[]}"
5699,1449,3328,2123,1302,1267,1337,1532,2219,2659,2649,3124,0,2023-06-07,25.495540829460882,-97.89227258804553,"{""type"":""MultiPoint"",""coordinates"":[]}"
5700,1580,2605,2361,1477,1546,2185,2359,2482,2555,2535,2594,0,2023-07-09,-29.270336945281286,-70.14871911216984,"{""type"":""MultiPoint"",""coordinates"":[]}"
5702,1734,755,559,1399,1080,921,865,858,927,757,906,0,2023-07-20,13.174919070215427,124.02210981062775,"{""type"":""MultiPoint"",""coordinates"":[]}"
5703,1912,330,233,1508,1100,787,699,674,665,535,615,0,2023-12-02,-6.269860290764356,105.49638099175662,"{""type"":""MultiPoint"",""coordinates"":[]}"
5705,1352,72,52,938,529,289,242,210,192,162,152,0,2023-01-05,16.221719927726564,-75.60590856734933,"{""type"":""MultiPoint"",""coordinates"":[]}"
5706,1323,236,202,986,649,472,443,419,397,346,365,0,2023-03-14,28.505402978368803,128.66847652805356,"{""type"":""MultiPoint"",""coordinates"":[]}"
5708,1249,133,99,890,558,419,324,297,264,227,214,0,2023-04-18,41.25335628527567,132.9801348063232,"{""type"":""MultiPoint"",""coordinates"":[]}"
5709,3074,1172,877,2379,2258,2616,3224,3167,3383,3066,3603,0,2023-03-31,43.28057048926721,140.61917015312602,"{""type"":""MultiPoint"",""coordinates"":[]}"
5710,1210,2498,1160,916,822,592,1128,2738,3317,2947,3852,0,2023-09-28,48.70596957926686,7.336532891691485,"{""type"":""MultiPoint"",""coordinates"":[]}"
5712,2273,1775,2188,1954,1642,1571,1504,1536,1543,1506,1623,0,2023-06-08,19.01425210608861,-17.22618412296537,"{""type"":""MultiPoint"",""coordinates"":[]}"
5713,1943,2872,2555,1856,1883,2033,1925,1986,2180,1989,2212,0,2023-10-21,26.205369744084305,60.53102766310118,"{""type"":""MultiPoint"",""coordinates"":[]}"
5715,1358,12,4,865,426,220,168,141,133,89,89,0,2023-08-08,-21.836072356016594,-123.48435148090698,"{""type"":""MultiPoint"",""coordinates"":[]}"
5718,3484,2118,1602,2823,2439,2627,2742,2785,2825,2351,2827,0,2023-05-02,-54.46482931283346,3.762485527406281,"{""type"":""MultiPoint"",""coordinates"":[]}"
5722,1908,3296,3072,1804,1906,2300,2509,2604,2712,2532,2648,0,2023-01-08,38.36055165187863,84.45986204183707,"{""type"":""MultiPoint"",""coordinates"":[]}"
5723,1986,978,718,1675,1352,1172,1066,1073,1060,1095,1061,0,2023-05-19,11.669176392275626,166.9220308780303,"{""type"":""MultiPoint"",""coordinates"":[]}"
5724,1279,139,91,872,518,314,278,274,239,194,219,0,2023-06-01,-5.6289170907189625,41.01590521540588,"{""type"":""MultiPoint"",""coordinates"":[]}"
5725,1202,223,97,842,590,350,409,646,690,630,659,0,2023-07-02,66.84965252988556,30.357928097690415,"{""type"":""MultiPoint"",""coordinates"":[]}"
5726,2198,4107,3756,2165,2211,2903,3015,3165,3347,3248,3414,0,2023-01-16,40.931263118353336,109.13181884775861,"{""type"":""MultiPoint"",""coordinates"":[]}"
5727,1390,2531,1987,1181,1131,1147,1352,1874,2122,2057,2306,0,2023-05-26,46.133146988035946,-119.45245849982177,"{""type"":""MultiPoint"",""coordinates"":[]}"
5729,1569,1194,512,1260,1016,758,958,1658,1970,1784,2227,0,2023-11-30,19.2713313309684,72.92101336967033,"{""type"":""MultiPoint"",""coordinates"":[]}"
5730,1288,2692,1807,1141,1216,1593,1760,2340,2584,2579,2794,0,2023-10-06,-18.996001217549047,134.4217165931441,"{""type"":""MultiPoint"",""coordinates"":[]}"
5733,1184,1268,699,921,870,613,874,1640,1984,2251,2293,0,2023-02-05,7.6115115980109085,80.43341886116585,"{""type"":""MultiPoint"",""coordinates"":[]}"
5734,1039,1305,456,764,642,354,578,1832,2502,2484,2789,0,2023-03-10,-11.142384669667994,-55.11273401499618,"{""type"":""MultiPoint"",""coordinates"":[]}"
5735,1354,1786,1130,1039,874,777,970,1218,1334,1356,1540,0,2023-05-28,63.63800021252354,-128.86020882462444,"{""type"":""MultiPoint"",""coordinates"":[]}"
5739,1338,45,33,955,528,273,221,192,182,148,136,0,2023-09-18,-34.2295695459096,136.86793665162241,"{""type"":""MultiPoint"",""coordinates"":[]}"
5741,9072,695,699,8871,8270,8425,8462,8390,8267,7859,8133,0,2023-11-30,-79.79565205339851,-138.92295996927166,"{""type"":""MultiPoint"",""coordinates"":[]}"
5742,1145,2110,1249,961,956,834,1182,2089,2485,2432,2821,0,2023-08-31,2.1949172027944472,31.172107188407256,"{""type"":""MultiPoint"",""coordinates"":[]}"
5746,6146,221,189,4789,3588,3174,3006,2889,2840,2519,2588,0,2023-04-10,61.287058530247776,168.9090439596799,"{""type"":""MultiPoint"",""coordinates"":[]}"
5747,1252,2986,2442,1180,1059,1090,1182,1329,1435,1392,1529,0,2023-07-01,63.88546059376826,138.96294776190982,"{""type"":""MultiPoint"",""coordinates"":[]}"
5749,1326,2909,2062,1173,1130,1427,1659,1977,2136,2016,2244,0,2023-10-20,-18.2239224568726,129.81123341703724,"{""type"":""MultiPoint"",""coordinates"":[]}"
5750,6987,1491,1460,6645,5789,6185,6279,6370,6399,6173,6350,0,2023-03-07,57.024130005273605,-66.64359542278903,"{""type"":""MultiPoint"",""coordinates"":[]}"
5753,4063,2920,1844,3857,3468,3529,3364,3446,3621,3306,3715,0,2023-07-11,54.26176074868217,-171.67212197882927,"{""type"":""MultiPoint"",""coordinates"":[]}"
5755,1145,2405,1149,899,867,699,1069,2218,2794,3010,3384,0,2023-08-28,-5.832235230484303,-77.42193766676738,"{""type"":""MultiPoint"",""coordinates"":[]}"
5756,1643,695,524,1313,988,880,837,811,870,685,856,0,2023-05-26,13.419431871256476,-65.12894605483643,"{""type"":""MultiPoint"",""coordinates"":[]}"
5757,1491,375,309,1202,785,575,522,494,497,546,499,0,2023-06-22,25.653311260227753,-14.995582034220666,"{""type"":""MultiPoint"",""coordinates"":[]}"
5760,947,1181,408,661,546,290,617,1866,2519,2109,2914,0,2023-10-17,-0.9380110964137683,25.511998951023127,"{""type"":""MultiPoint"",""coordinates"":[]}"
5761,8561,833,970,8440,7479,8197,8357,8357,8309,8087,8180,0,2023-03-15,60.32714438303059,-87.12256706228403,"{""type"":""MultiPoint"",""coordinates"":[]}"
5762,1228,166,129,854,558,366,324,303,299,206,277,0,2023-12-16,-7.624744361501388,106.12691978221416,"{""type"":""MultiPoint"",""coordinates"":[]}"
5763,1318,138,118,895,553,358,303,279,278,208,225,0,2023-08-10,40.920525411563226,1.0352249336064523,"{""type"":""MultiPoint"",""coordinates"":[]}"
5771,2141,79,42,2011,1615,810,617,398,351,292,300,0,2023-01-07,44.946665415326386,49.79088995695017,"{""type"":""MultiPoint"",""coordinates"":[]}"
5772,1718,705,510,1465,1093,924,852,840,862,806,811,0,2023-08-29,18.88569182840984,-78.46027425552529,"{""type"":""MultiPoint"",""coordinates"":[]}"
5774,2326,687,497,1813,1293,1082,1068,1049,1023,879,961,0,2023-09-17,77.77407644998743,48.82534994127536,"{""type"":""MultiPoint"",""coordinates"":[]}"
5778,1273,61,41,878,475,280,230,203,178,142,137,0,2023-09-19,27.972809060332622,-117.94316260782385,"{""type"":""MultiPoint"",""coordinates"":[]}"
5783,1346,2583,1740,1098,960,1026,1256,1602,1881,1850,2076,0,2023-07-26,-24.059603108665698,149.94038732509944,"{""type"":""MultiPoint"",""coordinates"":[]}"
5784,2118,3520,3019,2159,2345,2849,2973,3138,3300,3238,3431,0,2023-02-12,32.586131495719954,46.09506856401973,"{""type"":""MultiPoint"",""coordinates"":[]}"
5786,1584,520,382,1268,924,745,654,642,641,594,660,0,2023-11-19,-10.138168647654902,-161.4193354839426,"{""type"":""MultiPoint"",""coordinates"":[]}"
5789,6774,4031,2457,5603,5867,6417,6639,7036,7397,6092,7422,0,2023-12-12,-7.930715941326258,26.132690680669096,"{""type"":""MultiPoint"",""coordinates"":[]}"
5794,4972,235,193,4772,3854,3982,4070,3900,3623,3022,3417,0,2023-10-22,76.8319152643284,-13.292261209391667,"{""type"":""MultiPoint"",""coordinates"":[]}"
5798,1031,1665,957,845,737,661,940,1781,2047,2037,2363,0,2023-10-25,44.01997473784323,6.679830700944812,"{""type"":""MultiPoint"",""coordinates"":[]}"
5800,3778,4759,4121,4099,4054,4381,4629,5294,5776,5104,6170,0,2023-05-24,32.8129288414274,-83.94544772504041,"{""type"":""MultiPoint"",""coordinates"":[]}"
5801,1587,328,260,1063,651,499,450,433,462,347,457,0,2023-09-15,11.773365597635886,165.6579320256497,"{""type"":""MultiPoint"",""coordinates"":[]}"
5802,6159,1053,1042,5692,4942,5032,5021,5005,4906,4690,4825,0,2023-09-06,-64.60180629673852,-53.45448479527259,"{""type"":""MultiPoint"",""coordinates"":[]}"
5804,760,199,114,512,334,204,254,562,640,506,667,0,2023-01-19,28.309426861116783,101.19398238945388,"{""type"":""MultiPoint"",""coordinates"":[]}"
5805,10219,824,902,10392,9914,10742,10992,10941,10751,10403,10439,0,2023-05-04,64.51376339851905,-130.39380462441613,"{""type"":""MultiPoint"",""coordinates"":[]}"
5807,1387,70,48,943,540,306,265,230,208,160,174,0,2023-07-21,-23.583510064586783,155.27461857886516,"{""type"":""MultiPoint"",""coordinates"":[]}"
5808,1549,78,62,1098,606,381,339,300,261,208,217,0,2023-03-06,61.48193615240001,-51.53849642793497,"{""type"":""MultiPoint"",""coordinates"":[]}"
5812,7972,1182,1065,7752,6787,7530,7512,7563,7778,7125,7655,0,2023-08-29,79.84806260496724,-116.90317156941954,"{""type"":""MultiPoint"",""coordinates"":[]}"
5814,8494,281,250,8555,7844,8169,7651,7495,7329,7006,6885,0,2023-05-16,65.51614021859011,-105.08320970208784,"{""type"":""MultiPoint"",""coordinates"":[]}"
5816,1306,32,18,857,457,233,180,156,142,108,100,0,2023-02-08,17.943860860047423,-51.71626629498511,"{""type"":""MultiPoint"",""coordinates"":[]}"
5818,1353,248,168,1014,701,457,399,376,363,386,294,0,2023-04-28,-12.081837545276656,47.64585455019773,"{""type"":""MultiPoint"",""coordinates"":[]}"
5820,1746,181,107,1301,875,622,536,494,482,410,399,0,2023-05-11,22.643807849834037,-96.81131413126514,"{""type"":""MultiPoint"",""coordinates"":[]}"
5821,1279,1874,1058,999,909,742,1023,1548,1764,1762,2014,0,2023-02-21,14.397704262397756,78.74069396515347,"{""type"":""MultiPoint"",""coordinates"":[]}"
5823,1432,303,231,1052,643,453,455,412,432,341,398,0,2023-10-20,11.732716302345665,126.74483876229469,"{""type"":""MultiPoint"",""coordinates"":[]}"
5829,2800,2019,2025,2013,2107,2403,2397,2166,2191,1643,2218,0,2023-12-23,-34.60249777221885,-58.227182560790716,"{""type"":""MultiPoint"",""coordinates"":[]}"
5831,1690,1952,1054,1362,1176,1010,1188,1765,2004,1926,2283,0,2023-02-25,24.746379955825617,94.93143023022213,"{""type"":""MultiPoint"",""coordinates"":[]}"
5835,1140,1627,597,818,704,404,734,2500,3539,2976,3768,0,2023-06-16,43.059358574180386,23.79230647868835,"{""type"":""MultiPoint"",""coordinates"":[]}"
5837,1276,1233,728,926,674,517,661,1080,1202,1229,1333,0,2023-07-28,-27.615713985981746,150.76171554479288,"{""type"":""MultiPoint"",""coordinates"":[]}"
5838,1105,1357,479,807,689,402,738,2041,2850,2656,3237,0,2023-11-24,0.965093626281888,-59.683405585823955,"{""type"":""MultiPoint"",""coordinates"":[]}"
5839,4995,3451,1817,4642,4575,4759,4617,5158,5605,5132,5888,0,2023-10-09,-8.750136588806361,158.1726459951795,"{""type"":""MultiPoint"",""coordinates"":[]}"
5842,1083,119,83,697,473,269,230,215,166,179,189,0,2023-05-17,60.05860600441334,-132.51899737864366,"{""type"":""MultiPoint"",""coordinates"":[]}"
5845,1322,1606,735,1008,861,623,879,1950,2373,2228,2744,0,2023-12-24,6.729883092790796,-3.1953836184103546,"{""type"":""MultiPoint"",""coordinates"":[]}"
5848,1702,1589,935,1486,1358,1141,1421,2429,2938,2748,3217,0,2023-06-28,28.372867539681764,118.05650135460886,"{""type"":""MultiPoint"",""coordinates"":[]}"
5849,1359,71,38,1048,686,418,345,321,293,231,238,0,2023-04-16,1.7770024921167915,108.78026277217022,"{""type"":""MultiPoint"",""coordinates"":[]}"
5850,1263,2387,1232,1072,1058,935,1279,2164,2661,2668,3125,0,2023-10-11,13.518800356133648,-2.9196702659738945,"{""type"":""MultiPoint"",""coordinates"":[]}"
5852,4306,3095,2107,4018,3806,3812,3712,4395,4890,4417,5158,0,2023-03-04,-6.704051100038732,156.63820044691263,"{""type"":""MultiPoint"",""coordinates"":[]}"
5857,1188,2460,1747,1209,1243,1268,1436,2005,2279,2097,2549,0,2023-01-05,16.97600341672306,-96.75351444813583,"{""type"":""MultiPoint"",""coordinates"":[]}"
5859,1548,528,406,1139,784,698,644,652,696,521,696,0,2023-10-03,20.037086142290278,113.45394398765478,"{""type"":""MultiPoint"",""coordinates"":[]}"
5860,1878,1733,977,1570,1418,1169,1427,2525,3081,2759,3391,0,2023-09-30,-2.799677337699493,17.153601169469194,"{""type"":""MultiPoint"",""coordinates"":[]}"
5861,1436,2347,1410,1170,1027,937,1291,2170,2462,2454,2624,0,2023-12-07,42.4493582987565,12.042584447180609,"{""type"":""MultiPoint"",""coordinates"":[]}"
5863,1682,629,514,1409,1061,915,840,809,847,764,816,0,2023-12-30,-30.97184530399513,31.141867617891155,"{""type"":""MultiPoint"",""coordinates"":[]}"
5864,3658,2766,2228,3401,2748,2989,3038,3095,3246,3040,3356,0,2023-05-03,-62.06763250907704,-60.584496665250924,"{""type"":""MultiPoint"",""coordinates"":[]}"
5865,1376,31,10,970,553,311,259,218,192,155,134,0,2023-07-19,-21.087210963349772,41.43889222432949,"{""type"":""MultiPoint"",""coordinates"":[]}"
5872,1225,83,67,871,482,282,254,223,213,176,175,0,2023-10-07,44.128497383959285,-7.922659707997193,"{""type"":""MultiPoint"",""coordinates"":[]}"
5873,3688,3114,2373,3533,3300,3382,3309,3378,3529,3220,3567,0,2023-09-25,-14.46898678133907,10.962574951865712,"{""type"":""MultiPoint"",""coordinates"":[]}"
5874,1709,831,586,1508,1164,1043,950,935,930,877,883,0,2023-03-14,-0.5628592654847994,176.72331343312968,"{""type"":""MultiPoint"",""coordinates"":[]}"
5875,1405,3986,3831,1478,1750,2652,2878,3016,3161,3189,3206,0,2023-10-11,-25.692340557982362,-68.95059296714777,"{""type"":""MultiPoint"",""coordinates"":[]}"
5878,2013,902,572,1627,1404,1228,1254,1528,1760,1562,1797,0,2023-07-30,13.98751528756704,75.66588539273073,"{""type"":""MultiPoint"",""coordinates"":[]}"
5881,6373,973,1007,6217,5503,6395,6689,6819,7018,6577,7057,0,2023-11-11,61.78489786436256,69.43341529415174,"{""type"":""MultiPoint"",""coordinates"":[]}"
5882,2009,3005,2575,1887,1825,2057,2113,2245,2408,2502,2578,0,2023-02-03,46.09989596850576,58.24360858734539,"{""type"":""MultiPoint"",""coordinates"":[]}"
5884,2045,73,49,1457,838,561,462,437,377,359,288,0,2023-07-07,-52.27378487933884,71.34643105171503,"{""type"":""MultiPoint"",""coordinates"":[]}"
5885,1305,385,332,1024,709,535,536,500,526,498,486,0,2023-05-13,46.944493297468696,-61.479537240458235,"{""type"":""MultiPoint"",""coordinates"":[]}"
5886,1618,2674,1930,1360,1186,1184,1339,1728,2034,1813,2337,0,2023-05-01,18.772234602136745,101.84154849730828,"{""type"":""MultiPoint"",""coordinates"":[]}"
5888,1577,561,284,1175,862,615,863,1360,1474,1554,1591,0,2023-10-16,60.05134083840232,61.98359278735451,"{""type"":""MultiPoint"",""coordinates"":[]}"
5892,3056,68,57,3431,2960,2936,2388,1888,2066,2111,1812,0,2023-07-22,77.11474089998228,-72.84562323666829,"{""type"":""MultiPoint"",""coordinates"":[]}"
5893,2581,5808,4674,2696,3224,4281,4360,4663,4976,4634,5179,0,2023-02-06,19.050691870380653,54.61113737213529,"{""type"":""MultiPoint"",""coordinates"":[]}"
5898,1290,68,43,880,483,283,245,217,192,173,160,0,2023-04-29,40.125276298323264,-12.192160529667786,"{""type"":""MultiPoint"",""coordinates"":[]}"
5899,1099,1479,500,812,763,420,829,2387,3144,3001,3621,0,2023-03-23,-3.410430828999317,-43.515674932968125,"{""type"":""MultiPoint"",""coordinates"":[]}"
5901,1306,186,131,990,643,435,358,335,318,299,302,0,2023-07-17,-4.079872682897036,-81.45903506264803,"{""type"":""MultiPoint"",""coordinates"":[]}"
5902,1939,3772,3180,1889,2072,2852,2878,3062,3250,2962,3230,0,2023-09-26,26.245100406030403,-4.48250878391128,"{""type"":""MultiPoint"",""coordinates"":[]}"
5903,1337,301,253,987,756,587,515,499,470,371,466,0,2023-12-11,-51.544905851706034,-62.213507515024816,"{""type"":""MultiPoint"",""coordinates"":[]}"
5905,1397,100,75,948,551,335,286,271,236,204,199,0,2023-05-13,24.94086311732777,-96.10665212809076,"{""type"":""MultiPoint"",""coordinates"":[]}"
5910,1569,3887,3278,1512,1611,2423,2595,2751,2935,2785,3021,0,2023-06-25,-29.362676724849194,19.215608349447457,"{""type"":""MultiPoint"",""coordinates"":[]}"
5912,4561,3989,3477,4286,3911,4151,4221,4274,4355,4271,4386,0,2023-06-11,65.22800194586023,-65.34587744474621,"{""type"":""MultiPoint"",""coordinates"":[]}"
5915,3902,2725,2129,3062,2867,2853,2805,3489,3844,3552,4011,0,2023-07-12,44.314782067330945,-64.31147334638892,"{""type"":""MultiPoint"",""coordinates"":[]}"
5917,1801,4312,2886,1718,1905,2575,2685,2823,3019,3125,3353,0,2023-04-02,31.785011825524048,36.539690248517466,"{""type"":""MultiPoint"",""coordinates"":[]}"
5921,2106,4746,3926,2095,2354,3303,3336,3563,3786,3516,3850,0,2023-09-02,26.08100149483,-9.554618741664768,"{""type"":""MultiPoint"",""coordinates"":[]}"
5922,1388,159,117,1027,673,448,413,376,356,314,304,0,2023-01-06,17.636356295339993,85.22263555381377,"{""type"":""MultiPoint"",""coordinates"":[]}"
5923,2095,1054,873,1839,1395,1212,1194,1165,1214,1154,1204,0,2023-12-03,-22.233846685080366,-152.39846638355715,"{""type"":""MultiPoint"",""coordinates"":[]}"
5925,1287,3242,2346,1116,1230,1369,1662,2217,2629,2513,2948,0,2023-02-05,-21.6596397513137,20.828188242537113,"{""type"":""MultiPoint"",""coordinates"":[]}"
5926,1149,2119,1203,909,950,895,1312,2203,2527,2514,2787,0,2023-05-11,-16.63064106095633,47.93423437448039,"{""type"":""MultiPoint"",""coordinates"":[]}"
5928,1267,73,40,896,521,324,279,246,230,191,178,0,2023-02-19,35.03315539591111,143.29985192337037,"{""type"":""MultiPoint"",""coordinates"":[]}"
5933,1144,20,14,800,530,266,209,176,158,127,111,0,2023-09-06,55.19089400501918,146.37551047060663,"{""type"":""MultiPoint"",""coordinates"":[]}"
5934,3149,2191,1880,2470,2190,2309,2274,2368,2476,1875,2478,0,2023-01-05,-7.777614073970213,77.24173355736144,"{""type"":""MultiPoint"",""coordinates"":[]}"
5936,1146,939,399,849,731,469,825,1572,1777,1771,2116,0,2023-09-07,58.149561516620004,58.751864419171866,"{""type"":""MultiPoint"",""coordinates"":[]}"
5940,1484,203,170,1127,740,495,431,381,368,320,315,0,2023-10-11,50.586683327031984,152.9619159717844,"{""type"":""MultiPoint"",""coordinates"":[]}"
5942,5748,2299,1559,4743,3675,4183,4350,4560,4672,3805,4672,0,2023-01-03,61.16138640324812,33.89993163142955,"{""type"":""MultiPoint"",""coordinates"":[]}"
5946,1329,29,24,927,544,285,232,187,178,143,113,0,2023-08-20,-32.959545677272665,126.78194874375609,"{""type"":""MultiPoint"",""coordinates"":[]}"
5948,1589,574,470,1160,804,699,671,684,706,498,689,0,2023-02-19,-34.75543741114352,27.405057851675654,"{""type"":""MultiPoint"",""coordinates"":[]}"
5950,1189,3058,1913,1112,1177,1687,1830,2146,2435,2642,2756,0,2023-02-15,12.46315835500699,23.56546616541595,"{""type"":""MultiPoint"",""coordinates"":[]}"
5952,1144,910,440,924,834,673,966,1706,1823,2016,2004,0,2023-09-25,41.838407264777274,129.13126246436053,"{""type"":""MultiPoint"",""coordinates"":[]}"
5953,1594,1672,674,1256,1142,898,1222,2855,3426,3145,3729,0,2023-02-15,-14.618374247546972,29.221007926965477,"{""type"":""MultiPoint"",""coordinates"":[]}"
5957,1282,84,72,868,484,278,252,217,212,153,182,0,2023-12-01,22.80898538147732,-162.81571188757079,"{""type"":""MultiPoint"",""coordinates"":[]}"
5964,2239,6846,5934,2396,3271,4935,5284,5544,5904,5616,6053,0,2023-11-08,18.243040945170033,-7.600564217506464,"{""type"":""MultiPoint"",""coordinates"":[]}"
5966,1761,1628,1442,1562,1440,1557,1623,1695,1759,1603,1757,0,2023-12-21,33.479456334852,52.33653694219191,"{""type"":""MultiPoint"",""coordinates"":[]}"
5967,1404,98,79,1008,586,346,282,251,250,211,187,0,2023-07-21,-29.223101414900903,158.18335901143013,"{""type"":""MultiPoint"",""coordinates"":[]}"
5968,2639,276,155,1872,1250,990,1152,1584,1721,1543,1669,0,2023-12-26,52.70234393983296,95.03279646839272,"{""type"":""MultiPoint"",""coordinates"":[]}"
5969,1359,150,120,941,562,350,340,310,293,228,281,0,2023-10-29,27.78244542425765,-94.92961633660269,"{""type"":""MultiPoint"",""coordinates"":[]}"
5973,1376,283,204,1058,741,562,450,409,426,408,371,0,2023-08-24,-8.285478532879885,-172.1114281024415,"{""type"":""MultiPoint"",""coordinates"":[]}"
5977,1633,2487,2089,1386,1359,1621,1683,1858,2059,1972,2223,0,2023-11-08,32.91796346788773,114.2293947187058,"{""type"":""MultiPoint"",""coordinates"":[]}"
5979,1134,1833,1080,821,685,662,912,1220,1338,1413,1595,0,2023-09-25,53.216772081130244,129.4465491512132,"{""type"":""MultiPoint"",""coordinates"":[]}"
5983,6270,2249,2373,5899,4687,5458,5998,6020,6232,6053,6260,0,2023-12-22,58.59416688519632,136.02345390021293,"{""type"":""MultiPoint"",""coordinates"":[]}"
5987,1306,48,28,877,520,295,228,213,198,149,159,0,2023-09-29,12.252857634412873,120.80432030531661,"{""type"":""MultiPoint"",""coordinates"":[]}"
5991,3654,1437,1350,2829,2106,2394,2520,2580,2614,2262,2639,0,2023-12-17,54.51161366227525,-53.71054899540604,"{""type"":""MultiPoint"",""coordinates"":[]}"
5992,1121,821,347,796,609,423,549,902,1057,1025,1195,0,2023-03-23,-12.957848533306484,142.62230540672516,"{""type"":""MultiPoint"",""coordinates"":[]}"
5993,1776,306,265,1404,1028,798,745,717,727,660,692,0,2023-10-29,15.655204257694907,109.72091493735914,"{""type"":""MultiPoint"",""coordinates"":[]}"
